[07:25:53] $ /src/pmbootstrap/pmbootstrap.py --details-to-stdout build --arch armv7 linux-samsung-k3gxx[0m
[07:25:53] pmbootstrap v3.11.1 (Python 3.12.14 (main, Aug 13 2026, 15:04:11) [GCC 14.2.0])[0m
[07:25:54] % cd /src/pmaports; git remote -v[0m
[07:25:54] % cd /src/pmaports; git show origin/main:channels.cfg[0m
[07:25:54] Zapping buildroots (running in strict mode by default, use --lax to skip zap)[0m
[07:25:54] % sudo losetup --json --list[0m
{
   "loopdevices": [

   ]
}
[07:25:54] % sudo rm /home/pmos/work/chroot_native/in-pmbootstrap[0m
[07:25:54] % sudo umount /home/pmos/work/chroot_native/var/cache/distfiles[0m
[07:25:54] % sudo umount /home/pmos/work/chroot_native/var/cache/apk[0m
[07:25:54] % sudo umount /home/pmos/work/chroot_native/sys[0m
[07:25:54] % sudo umount /home/pmos/work/chroot_native/proc[0m
[07:25:54] % sudo umount /home/pmos/work/chroot_native/mnt/pmbootstrap/sccache[0m
[07:25:54] % sudo umount /home/pmos/work/chroot_native/mnt/pmbootstrap/rust[0m
[07:25:54] % sudo umount /home/pmos/work/chroot_native/mnt/pmbootstrap/packages[0m
[07:25:54] % sudo umount /home/pmos/work/chroot_native/mnt/pmbootstrap/netboot[0m
[07:25:54] % sudo umount /home/pmos/work/chroot_native/mnt/pmbootstrap/go[0m
[07:25:54] % sudo umount /home/pmos/work/chroot_native/mnt/pmbootstrap/git[0m
[07:25:54] % sudo umount /home/pmos/work/chroot_native/mnt/pmbootstrap/ccache[0m
[07:25:54] % sudo umount /home/pmos/work/chroot_native/mnt/pmbootstrap/abuild-config[0m
[07:25:54] % sudo umount /home/pmos/work/chroot_native/mnt/pmaports[0m
[07:25:54] % sudo umount /home/pmos/work/chroot_native/mnt/appstream-data[0m
[07:25:54] % sudo umount /home/pmos/work/chroot_native/etc/apk/keys[0m
[07:25:54] % sudo umount /home/pmos/work/chroot_native/dev/shm[0m
[07:25:54] % sudo umount /home/pmos/work/chroot_native/dev/pts[0m
[07:25:54] % sudo umount /home/pmos/work/chroot_native/dev[0m
[07:25:54] % sudo rm -rf /home/pmos/work/chroot_native[0m
[07:25:54] Attempting to build: linux-samsung-k3gxx[0m
[07:25:55] armv7/linux-samsung-k3gxx: Generating dependency tree[0m
[07:25:55] Build is necessary for package 'linux-samsung-k3gxx': No binary package available[0m
[07:25:55] check_version_constraints: ignoring bash[0m
[07:25:55] check_version_constraints: ignoring bc[0m
[07:25:55] check_version_constraints: ignoring bison[0m
[07:25:55] check_version_constraints: ignoring devicepkg-dev[0m
[07:25:55] check_version_constraints: ignoring devicepkg-dev[0m
[07:25:55] check_version_constraints: ignoring dtbtool-exynos[0m
[07:25:55] check_version_constraints: ignoring dtbtool-exynos[0m
[07:25:55] check_version_constraints: ignoring flex[0m
[07:25:55] check_version_constraints: ignoring linux-headers[0m
[07:25:55] check_version_constraints: ignoring openssl-dev[0m
[07:25:55] openssl-dev: picked provider(s) with highest priority 100: openssl-dev[0m
[07:25:55] check_version_constraints: ignoring perl[0m
[07:25:56] check_version_constraints: ignoring bash[0m
[07:25:56] check_version_constraints: ignoring bc[0m
[07:25:56] check_version_constraints: ignoring bison[0m
[07:25:56] check_version_constraints: ignoring flex[0m
[07:25:56] check_version_constraints: ignoring linux-headers[0m
[07:25:56] check_version_constraints: ignoring openssl-dev[0m
[07:25:56] openssl-dev: picked provider(s) with highest priority 100: openssl-dev[0m
[07:25:56] check_version_constraints: ignoring perl[0m
[07:25:56] Building [94m1[0m package[0m
[07:25:56]    [94m*[0m edge/linux-samsung-k3gxx[0m
[07:25:56] [93m=> (1/1)[0m [94medge/linux-samsung-k3gxx[0m: Installing dependencies[0m
[07:25:56] Initializing aarch64 buildroot[0m
[07:25:56] % sudo mkdir -p /home/pmos/work/chroot_native/dev[0m
[07:25:56] % sudo mount -t tmpfs -o size=1M,noexec,dev tmpfs /home/pmos/work/chroot_native/dev[0m
[07:25:56] % sudo ln -s /proc/self/fd/0 /home/pmos/work/chroot_native/dev/stdin[0m
[07:25:56] % sudo ln -s /proc/self/fd/1 /home/pmos/work/chroot_native/dev/stdout[0m
[07:25:56] % sudo ln -s /proc/self/fd/2 /home/pmos/work/chroot_native/dev/stderr[0m
[07:25:56] % sudo mkdir -p /home/pmos/work/chroot_native/dev/pts /home/pmos/work/chroot_native/dev/shm[0m
[07:25:56] % sudo mount -t tmpfs -o nodev,nosuid,noexec tmpfs /home/pmos/work/chroot_native/dev/shm[0m
[07:25:56] % sudo mount -t devpts -o ptmxmode=0666 devpts /home/pmos/work/chroot_native/dev/pts[0m
[07:25:56] % sudo mknod /home/pmos/work/chroot_native/dev/null c 1 3[0m
[07:25:56] % sudo chmod 666 /home/pmos/work/chroot_native/dev/null[0m
[07:25:56] % sudo mknod /home/pmos/work/chroot_native/dev/zero c 1 5[0m
[07:25:56] % sudo chmod 666 /home/pmos/work/chroot_native/dev/zero[0m
[07:25:56] % sudo mknod /home/pmos/work/chroot_native/dev/full c 1 7[0m
[07:25:56] % sudo chmod 666 /home/pmos/work/chroot_native/dev/full[0m
[07:25:56] % sudo mknod /home/pmos/work/chroot_native/dev/random c 1 8[0m
[07:25:56] % sudo chmod 666 /home/pmos/work/chroot_native/dev/random[0m
[07:25:56] % sudo mknod /home/pmos/work/chroot_native/dev/urandom c 1 9[0m
[07:25:56] % sudo chmod 666 /home/pmos/work/chroot_native/dev/urandom[0m
[07:25:56] % sudo mknod /home/pmos/work/chroot_native/dev/tty c 5 0[0m
[07:25:56] % sudo chmod 666 /home/pmos/work/chroot_native/dev/tty[0m
[07:25:56] % sudo mknod /home/pmos/work/chroot_native/dev/ptmx c 5 2[0m
[07:25:56] % sudo chmod 666 /home/pmos/work/chroot_native/dev/ptmx[0m
[07:25:56] % sudo ln -sf /proc/self/fd /home/pmos/work/chroot_native/dev/[0m
[07:25:56] % sudo mkdir -p /home/pmos/work/chroot_native/proc[0m
[07:25:56] % sudo mount --bind /proc /home/pmos/work/chroot_native/proc[0m
[07:25:56] % sudo mkdir -p /home/pmos/work/chroot_native/sys[0m
[07:25:56] % sudo mount --bind /sys /home/pmos/work/chroot_native/sys[0m
[07:25:56] % sudo mkdir -p /home/pmos/work/chroot_native/var/cache/apk[0m
[07:25:56] % sudo mount --bind /home/pmos/work/cache_apk_aarch64 /home/pmos/work/chroot_native/var/cache/apk[0m
[07:25:56] % sudo mkdir -p /home/pmos/work/chroot_native/mnt/appstream-data[0m
[07:25:56] % sudo mount --bind /home/pmos/work/cache_appstream/aarch64/edge /home/pmos/work/chroot_native/mnt/appstream-data[0m
[07:25:56] % sudo mkdir -p /home/pmos/work/chroot_native/mnt/pmbootstrap/ccache[0m
[07:25:56] % sudo mount --bind /home/pmos/work/cache_ccache_aarch64 /home/pmos/work/chroot_native/mnt/pmbootstrap/ccache[0m
[07:25:56] % sudo mkdir -p /home/pmos/work/chroot_native/var/cache/distfiles[0m
[07:25:56] % sudo mount --bind /home/pmos/work/cache_distfiles /home/pmos/work/chroot_native/var/cache/distfiles[0m
[07:25:56] % sudo mkdir -p /home/pmos/work/chroot_native/mnt/pmbootstrap/git[0m
[07:25:56] % sudo mount --bind /home/pmos/work/cache_git /home/pmos/work/chroot_native/mnt/pmbootstrap/git[0m
[07:25:56] % sudo mkdir -p /home/pmos/work/chroot_native/mnt/pmbootstrap/go[0m
[07:25:56] % sudo mount --bind /home/pmos/work/cache_go /home/pmos/work/chroot_native/mnt/pmbootstrap/go[0m
[07:25:56] % sudo mkdir -p /home/pmos/work/chroot_native/mnt/pmbootstrap/rust[0m
[07:25:56] % sudo mount --bind /home/pmos/work/cache_rust /home/pmos/work/chroot_native/mnt/pmbootstrap/rust[0m
[07:25:56] % sudo mkdir -p /home/pmos/work/chroot_native/mnt/pmbootstrap/abuild-config[0m
[07:25:56] % sudo mount --bind /home/pmos/work/config_abuild /home/pmos/work/chroot_native/mnt/pmbootstrap/abuild-config[0m
[07:25:56] % sudo mkdir -p /home/pmos/work/chroot_native/etc/apk/keys[0m
[07:25:56] % sudo mount --bind /home/pmos/work/config_apk_keys /home/pmos/work/chroot_native/etc/apk/keys[0m
[07:25:56] % sudo mkdir -p /home/pmos/work/chroot_native/mnt/pmbootstrap/sccache[0m
[07:25:56] % sudo mount --bind /home/pmos/work/cache_sccache /home/pmos/work/chroot_native/mnt/pmbootstrap/sccache[0m
[07:25:56] % sudo mkdir -p /home/pmos/work/chroot_native/mnt/pmbootstrap/netboot[0m
[07:25:56] % sudo mount --bind /home/pmos/work/images_netboot /home/pmos/work/chroot_native/mnt/pmbootstrap/netboot[0m
[07:25:56] % sudo mkdir -p /home/pmos/work/chroot_native/mnt/pmbootstrap/packages[0m
[07:25:56] % sudo mount --bind /home/pmos/work/packages /home/pmos/work/chroot_native/mnt/pmbootstrap/packages[0m
[07:25:56] % sudo touch /home/pmos/work/chroot_native/in-pmbootstrap[0m
[07:25:56] check_version_constraints: ignoring apk-tools-static[0m
[07:25:56] sigfilename: sbin/apk.static.SIGN.RSA.sha256.alpine-devel@lists.alpinelinux.org-616ae350.rsa.pub[0m
[07:25:56] sigkey: alpine-devel@lists.alpinelinux.org-616ae350.rsa.pub[0m
[07:25:56] extracted: /tmp/pmbootstrapvvalvb4gapk[0m
[07:25:56] extracted: /tmp/pmbootstrapvxds1qddsig[0m
[07:25:56] Verify apk.static signature with /src/pmbootstrap/pmb/data/keys/alpine-devel@lists.alpinelinux.org-616ae350.rsa.pub[0m
[07:25:56] % openssl dgst -sha256 -verify /src/pmbootstrap/pmb/data/keys/alpine-devel@lists.alpinelinux.org-616ae350.rsa.pub -signature /tmp/pmbootstrapvxds1qddsig /tmp/pmbootstrapvvalvb4gapk[0m
Verified OK
[07:25:56] Verify the version reported by the apk.static binary (must match the package version 3.0.8-r0)[0m
[07:25:56] % /tmp/pmbootstrapvvalvb4gapk --version[0m
apk-tools 3.0.8-r0, compiled for aarch64.
[07:25:56] (native) Creating chroot[0m
[07:25:56] % sudo cp /etc/resolv.conf /home/pmos/work/chroot_native/etc/resolv.conf[0m
[07:25:56] % sudo mkdir -p /home/pmos/work/chroot_native/etc/apk[0m
[07:25:56] (chroot_native) update /etc/apk/repositories[0m
[07:25:56] % sudo sh -c echo https://mirror.postmarketos.org/postmarketos/main >> /home/pmos/work/chroot_native/etc/apk/repositories[0m
[07:25:56] % sudo sh -c echo https://dl-cdn.alpinelinux.org/alpine/edge/main >> /home/pmos/work/chroot_native/etc/apk/repositories[0m
[07:25:56] % sudo sh -c echo https://dl-cdn.alpinelinux.org/alpine/edge/community >> /home/pmos/work/chroot_native/etc/apk/repositories[0m
[07:25:56] % sudo sh -c echo https://dl-cdn.alpinelinux.org/alpine/edge/testing >> /home/pmos/work/chroot_native/etc/apk/repositories[0m
[07:25:56] % sudo mkdir -p /home/pmos/work/chroot_native/usr/bin /home/pmos/work/chroot_native/usr/sbin /home/pmos/work/chroot_native/usr/lib[0m
[07:25:56] % sudo ln -s usr/bin usr/sbin usr/lib /home/pmos/work/chroot_native/[0m
[07:25:56] % sudo rm -r /home/pmos/work/chroot_native/sbin /home/pmos/work/chroot_native/usr/sbin[0m
[07:25:56] % sudo ln -s usr/bin /home/pmos/work/chroot_native/sbin[0m
[07:25:56] % sudo ln -s bin /home/pmos/work/chroot_native/usr/sbin[0m
[07:25:56] % sudo mkdir -p /home/pmos/work/tmp[0m
[07:25:56] % sudo rm -f /home/pmos/work/tmp/apk_progress_fifo[0m
[07:25:56] % sudo mkfifo /home/pmos/work/tmp/apk_progress_fifo[0m
[07:25:56] % sudo cat /home/pmos/work/tmp/apk_progress_fifo[0m
[07:25:56] % sudo sh -c exec 3>/home/pmos/work/tmp/apk_progress_fifo; /home/pmos/work/apk.static --progress-fd 3 --no-progress --root /home/pmos/work/chroot_native --arch aarch64 --cache-dir /home/pmos/work/cache_apk_aarch64 --repository /home/pmos/work/packages/edge --initdb add --no-interactive alpine-baselayout apk-tools busybox musl-utils ;[0m
[07:25:56] New background process: pid=76123, output=background[0m
WARNING: opening /home/pmos/work/packages/edge/aarch64/APKINDEX.tar.gz: No such file or directory
( 1/14) Installing alpine-baselayout-data (3.7.2-r1)
( 2/14) Installing musl (1.2.6-r3)
( 3/14) Installing busybox (1.38.0-r7)
  Executing busybox-1.38.0-r7.post-install
( 4/14) Installing busybox-binsh (1.38.0-r7)
( 5/14) Installing alpine-baselayout (3.7.2-r1)
  Executing alpine-baselayout-3.7.2-r1.pre-install
  Executing alpine-baselayout-3.7.2-r1.post-install
( 6/14) Installing libcrypto3 (3.5.8-r1)
( 7/14) Installing libssl3 (3.5.8-r1)
( 8/14) Installing ssl_client (1.38.0-r7)
( 9/14) Installing zlib (1.3.2-r0)
(10/14) Installing libapk (3.0.8-r0)
(11/14) Installing ca-certificates-bundle (20260909-r0)
(12/14) Installing apk-tools (3.0.8-r0)
(13/14) Installing scanelf (1.3.9-r1)
(14/14) Installing musl-utils (1.2.6-r3)
Executing busybox-1.38.0-r7.trigger
OK: 8422 KiB in 14 packages
[07:25:56] (native) % adduser -D pmos -u 12345[0m
[07:25:56] (native) % busybox su pmos -c HOME=/home/pmos ln -s /mnt/pmbootstrap/abuild-config /home/pmos/.abuild ;[0m
[07:25:56] (native) % chown pmos:pmos /mnt/pmbootstrap/abuild-config[0m
[07:25:56] (native) % busybox su pmos -c HOME=/home/pmos ln -s /mnt/pmbootstrap/ccache /home/pmos/.ccache ;[0m
[07:25:56] (native) % chown pmos:pmos /mnt/pmbootstrap/ccache[0m
[07:25:56] (native) % busybox su pmos -c HOME=/home/pmos mkdir -p /home/pmos/.cache ;[0m
[07:25:56] (native) % busybox su pmos -c HOME=/home/pmos ln -s /mnt/pmbootstrap/go/gocache /home/pmos/.cache/go-build ;[0m
[07:25:56] (native) % chown pmos:pmos /mnt/pmbootstrap/go/gocache[0m
[07:25:56] (native) % busybox su pmos -c HOME=/home/pmos mkdir -p /home/pmos/go/pkg ;[0m
[07:25:56] (native) % busybox su pmos -c HOME=/home/pmos ln -s /mnt/pmbootstrap/go/gomodcache /home/pmos/go/pkg/mod ;[0m
[07:25:56] (native) % chown pmos:pmos /mnt/pmbootstrap/go/gomodcache[0m
[07:25:56] (native) % busybox su pmos -c HOME=/home/pmos mkdir -p /home/pmos/.cargo/git ;[0m
[07:25:56] (native) % busybox su pmos -c HOME=/home/pmos ln -s /mnt/pmbootstrap/rust/git/db /home/pmos/.cargo/git/db ;[0m
[07:25:56] (native) % chown pmos:pmos /mnt/pmbootstrap/rust/git/db[0m
[07:25:56] (native) % busybox su pmos -c HOME=/home/pmos mkdir -p /home/pmos/.cargo/registry ;[0m
[07:25:56] (native) % busybox su pmos -c HOME=/home/pmos ln -s /mnt/pmbootstrap/rust/registry/cache /home/pmos/.cargo/registry/cache ;[0m
[07:25:56] (native) % chown pmos:pmos /mnt/pmbootstrap/rust/registry/cache[0m
[07:25:56] (native) % busybox su pmos -c HOME=/home/pmos ln -s /mnt/pmbootstrap/rust/registry/index /home/pmos/.cargo/registry/index ;[0m
[07:25:56] (native) % chown pmos:pmos /mnt/pmbootstrap/rust/registry/index[0m
[07:25:56] (native) % busybox su pmos -c HOME=/home/pmos ln -s /mnt/pmbootstrap/sccache /home/pmos/.cache/sccache ;[0m
[07:25:56] (native) % chown pmos:pmos /mnt/pmbootstrap/sccache[0m
[07:25:56] check_version_constraints: ignoring pigz[0m
[07:25:57] check_version_constraints: ignoring ccache[0m
[07:25:57] check_version_constraints: ignoring git[0m
[07:25:57] check_version_constraints: ignoring abuild[0m
[07:25:57] check_version_constraints: ignoring apk-tools[0m
[07:25:57] check_version_constraints: ignoring musl[0m
[07:25:57] check_version_constraints: ignoring musl-utils[0m
[07:25:57] check_version_constraints: ignoring tar[0m
[07:25:57] check_version_constraints: ignoring ca-certificates-bundle[0m
[07:25:57] check_version_constraints: ignoring patch[0m
[07:25:57] check_version_constraints: ignoring scanelf[0m
[07:25:57] check_version_constraints: ignoring openssl[0m
[07:25:57] openssl: picked provider(s) with highest priority 100: openssl[0m
[07:25:57] check_version_constraints: ignoring pkgconf[0m
[07:25:57] check_version_constraints: ignoring build-base[0m
[07:25:57] check_version_constraints: ignoring fortify-headers[0m
[07:25:57] check_version_constraints: ignoring lzip[0m
[07:25:57] check_version_constraints: ignoring fakeroot[0m
[07:25:57] check_version_constraints: ignoring fakeroot[0m
[07:25:57] fakeroot: picked provider(s) with highest priority 100: fakeroot[0m
[07:25:57] check_version_constraints: ignoring /bin/sh[0m
[07:25:57] check_version_constraints: ignoring /bin/sh[0m
[07:25:57] check_version_constraints: ignoring /bin/sh[0m
[07:25:57] check_version_constraints: ignoring /bin/sh[0m
[07:25:57] check_version_constraints: ignoring /bin/sh[0m
[07:25:57] /bin/sh: picked provider(s) with highest priority 100: busybox-binsh[0m
[07:25:57] check_version_constraints: ignoring libcrypto3[0m
[07:25:57] libcrypto3: picked provider(s) with highest priority 100: libcrypto3[0m
[07:25:57] check_version_constraints: ignoring binutils[0m
[07:25:57] check_version_constraints: ignoring libc-dev[0m
[07:25:57] check_version_constraints: ignoring g++[0m
[07:25:57] check_version_constraints: ignoring libstdc++[0m
[07:25:57] check_version_constraints: ignoring libstdc++-dev[0m
[07:25:57] check_version_constraints: ignoring file[0m
[07:25:57] check_version_constraints: ignoring make[0m
[07:25:57] check_version_constraints: ignoring libssl3[0m
[07:25:57] libssl3: picked provider(s) with highest priority 100: libssl3[0m
[07:25:57] check_version_constraints: ignoring gcc[0m
[07:25:57] check_version_constraints: ignoring libgomp[0m
[07:25:57] check_version_constraints: ignoring libapk[0m
[07:25:57] check_version_constraints: ignoring busybox[0m
[07:25:57] check_version_constraints: ignoring libgcc-static[0m
[07:25:57] check_version_constraints: ignoring libatomic[0m
[07:25:57] (native) install abuild apk-tools build-base ccache git pigz[0m
[07:25:57] % sudo mkdir -p /home/pmos/work/tmp[0m
[07:25:57] % sudo rm -f /home/pmos/work/tmp/apk_progress_fifo[0m
[07:25:57] % sudo mkfifo /home/pmos/work/tmp/apk_progress_fifo[0m
[07:25:57] % sudo cat /home/pmos/work/tmp/apk_progress_fifo[0m
[07:25:57] % sudo sh -c exec 3>/home/pmos/work/tmp/apk_progress_fifo; /home/pmos/work/apk.static --progress-fd 3 --no-progress --root /home/pmos/work/chroot_native --arch aarch64 --cache-dir /home/pmos/work/cache_apk_aarch64 --repository /home/pmos/work/packages/edge add --no-interactive abuild apk-tools build-base ccache git pigz ;[0m
[07:25:57] New background process: pid=76191, output=background[0m
WARNING: opening /home/pmos/work/packages/edge/aarch64/APKINDEX.tar.gz: No such file or directory
( 1/47) Installing libcap2 (2.78-r0)
( 2/47) Installing libcap-getcap (2.78-r0)
( 3/47) Installing fakeroot (1.37.2-r0)
( 4/47) Installing libgcc (15.2.0-r9)
( 5/47) Installing libstdc++ (15.2.0-r9)
( 6/47) Installing lzip (1.26-r0)
( 7/47) Installing openssl (3.5.8-r1)
( 8/47) Installing patch (2.8-r0)
( 9/47) Installing pkgconf (3.0.7-r0)
(10/47) Installing acl-libs (2.3.2-r1)
(11/47) Installing tar (1.35-r5)
(12/47) Installing abuild (3.18.0_rc5-r1)
  Executing abuild-3.18.0_rc5-r1.pre-install
(13/47) Installing abuild-sudo (3.18.0_rc5-r1)
(14/47) Installing jansson (2.15.0-r0)
(15/47) Installing zstd-libs (1.5.7-r2)
(16/47) Installing binutils (2.45.1-r1)
(17/47) Installing libmagic (5.48-r0)
(18/47) Installing file (5.48-r0)
(19/47) Installing libgcc-static (15.2.0-r9)
(20/47) Installing libgomp (15.2.0-r9)
(21/47) Installing libatomic (15.2.0-r9)
(22/47) Installing gmp (6.3.0-r4)
(23/47) Installing isl26 (0.26-r2)
(24/47) Installing mpfr4 (4.2.2-r0)
(25/47) Installing mpc1 (1.3.1-r1)
(26/47) Installing gcc (15.2.0-r9)
(27/47) Installing libstdc++-dev (15.2.0-r9)
(28/47) Installing musl-dev (1.2.6-r3)
(29/47) Installing g++ (15.2.0-r9)
(30/47) Installing make (4.4.1-r4)
(31/47) Installing fortify-headers (3.0.2-r0)
(32/47) Installing build-base (0.5-r4)
(33/47) Installing hiredis (1.3.0-r0)
(34/47) Installing libxxhash (0.8.3-r1)
(35/47) Installing ccache (4.13.6-r0)
(36/47) Installing brotli-libs (1.2.0-r1)
(37/47) Installing c-ares (1.34.8-r0)
(38/47) Installing libunistring (1.4.2-r0)
(39/47) Installing libidn2 (2.3.8-r0)
(40/47) Installing nghttp2-libs (1.70.0-r0)
(41/47) Installing libpsl (0.21.5-r3)
(42/47) Installing libcurl (8.22.0-r0)
(43/47) Installing libexpat (2.8.5-r0)
(44/47) Installing pcre2 (10.48-r0)
(45/47) Installing git (2.55.0-r1)
(46/47) Installing git-init-template (2.55.0-r1)
(47/47) Installing pigz (2.8-r1)
Executing busybox-1.38.0-r7.trigger
OK: 263.9 MiB in 61 packages
[07:25:58] (native) % chown root:abuild /var/cache/distfiles[0m
[07:25:58] (native) % chmod g+w /var/cache/distfiles[0m
[07:25:58] (native) % adduser pmos abuild[0m
[07:25:58] (native) % sed -i -e s/^CLEANUP=.*/CLEANUP=''/ /etc/abuild.conf[0m
[07:25:58] (native) % sed -i -e s/^ERROR_CLEANUP=.*/ERROR_CLEANUP=''/ /etc/abuild.conf[0m
[07:25:58] (native) % sed -i $ a\export JOBS=4 /etc/abuild.conf[0m
[07:25:58] Attempting to build: g++-armv7, gcc-armv7, abuild, ccache-cross-symlinks[0m
[07:25:58] aarch64/g++-armv7: Generating dependency tree[0m
[07:25:58] check_version_constraints: ignoring gcc-armv7[0m
[07:25:58] check_version_constraints: ignoring binutils-armv7[0m
[07:25:58] check_version_constraints: ignoring bison[0m
[07:25:58] check_version_constraints: ignoring flex[0m
[07:25:58] check_version_constraints: ignoring g++[0m
[07:25:58] check_version_constraints: ignoring gawk[0m
[07:25:58] check_version_constraints: ignoring gcc[0m
[07:25:58] check_version_constraints: ignoring gmp-dev[0m
[07:25:58] check_version_constraints: ignoring isl-dev[0m
[07:25:58] check_version_constraints: ignoring linux-headers[0m
[07:25:58] check_version_constraints: ignoring mpc1[0m
[07:25:58] check_version_constraints: ignoring mpc1-dev[0m
[07:25:58] check_version_constraints: ignoring mpfr-dev[0m
[07:25:58] check_version_constraints: ignoring musl-dev-armv7[0m
[07:25:58] check_version_constraints: ignoring musl-armv7[0m
[07:25:58] check_version_constraints: ignoring so:libgcc_s.so.1[0m
[07:25:58] check_version_constraints: ignoring so:libgmp.so.10[0m
[07:25:58] check_version_constraints: ignoring so:libisl.so.23[0m
[07:25:58] check_version_constraints: ignoring so:libisl.so.23[0m
[07:25:58] so:libisl.so.23: has multiple providers (isl25, isl26), picked shortest: isl25[0m
[07:25:58] check_version_constraints: ignoring so:libmpc.so.3[0m
[07:25:58] check_version_constraints: ignoring so:libmpfr.so.6[0m
[07:25:58] check_version_constraints: ignoring so:libstdc++.so.6[0m
[07:25:58] check_version_constraints: ignoring so:libz.so.1[0m
[07:25:58] check_version_constraints: ignoring texinfo[0m
[07:25:58] check_version_constraints: ignoring zip[0m
[07:25:58] check_version_constraints: ignoring zlib-dev[0m
[07:25:58] aarch64/gcc-armv7: Generating dependency tree[0m
[07:25:58] check_version_constraints: ignoring gcc-armv7[0m
[07:25:58] aarch64/binutils-armv7: marked for build[0m
[07:25:58] aarch64/bison: marked for build[0m
[07:25:58] aarch64/flex: marked for build[0m
[07:25:58] aarch64/g++: marked for build[0m
[07:25:58] aarch64/gawk: marked for build[0m
[07:25:58] aarch64/gcc: marked for build[0m
[07:25:58] aarch64/gmp-dev: marked for build[0m
[07:25:58] aarch64/isl-dev: marked for build[0m
[07:25:58] aarch64/linux-headers: marked for build[0m
[07:25:58] aarch64/mpc1: marked for build[0m
[07:25:58] aarch64/mpc1-dev: marked for build[0m
[07:25:58] aarch64/mpfr-dev: marked for build[0m
[07:25:58] aarch64/musl-dev-armv7: marked for build[0m
[07:25:58] aarch64/so:libgcc_s.so.1: marked for build[0m
[07:25:58] aarch64/so:libgmp.so.10: marked for build[0m
[07:25:58] aarch64/so:libisl.so.23: marked for build[0m
[07:25:58] aarch64/so:libmpc.so.3: marked for build[0m
[07:25:58] aarch64/so:libmpfr.so.6: marked for build[0m
[07:25:58] aarch64/so:libstdc++.so.6: marked for build[0m
[07:25:58] aarch64/so:libz.so.1: marked for build[0m
[07:25:58] aarch64/texinfo: marked for build[0m
[07:25:58] aarch64/zip: marked for build[0m
[07:25:58] aarch64/zlib-dev: marked for build[0m
[07:25:58] check_version_constraints: ignoring abuild[0m
[07:25:58] aarch64/ccache-cross-symlinks: Generating dependency tree[0m
[07:25:58] check_version_constraints: ignoring ccache-cross-symlinks[0m
[07:25:58] check_version_constraints: ignoring ccache[0m
[07:25:58] check_version_constraints: ignoring abuild[0m
[07:25:58] check_version_constraints: ignoring ccache-cross-symlinks[0m
[07:25:58] check_version_constraints: ignoring scanelf[0m
[07:25:58] check_version_constraints: ignoring openssl[0m
[07:25:58] openssl: picked provider(s) with highest priority 100: openssl[0m
[07:25:58] check_version_constraints: ignoring pkgconf[0m
[07:25:58] check_version_constraints: ignoring lzip[0m
[07:25:58] check_version_constraints: ignoring fakeroot[0m
[07:25:58] check_version_constraints: ignoring fakeroot[0m
[07:25:58] fakeroot: picked provider(s) with highest priority 100: fakeroot[0m
[07:25:58] check_version_constraints: ignoring /bin/sh[0m
[07:25:58] check_version_constraints: ignoring /bin/sh[0m
[07:25:58] check_version_constraints: ignoring /bin/sh[0m
[07:25:58] check_version_constraints: ignoring /bin/sh[0m
[07:25:58] check_version_constraints: ignoring /bin/sh[0m
[07:25:58] /bin/sh: picked provider(s) with highest priority 100: busybox-binsh[0m
[07:25:58] check_version_constraints: ignoring libcrypto3[0m
[07:25:58] libcrypto3: picked provider(s) with highest priority 100: libcrypto3[0m
[07:25:58] check_version_constraints: ignoring apk-tools[0m
[07:25:58] check_version_constraints: ignoring gcc-armv7[0m
[07:25:58] check_version_constraints: ignoring musl[0m
[07:25:58] check_version_constraints: ignoring musl-utils[0m
[07:25:58] check_version_constraints: ignoring g++-armv7[0m
[07:25:58] check_version_constraints: ignoring mpc1[0m
[07:25:58] check_version_constraints: ignoring tar[0m
[07:25:58] check_version_constraints: ignoring patch[0m
[07:25:58] check_version_constraints: ignoring libssl3[0m
[07:25:58] libssl3: picked provider(s) with highest priority 100: libssl3[0m
[07:25:58] check_version_constraints: ignoring ccache[0m
[07:25:58] check_version_constraints: ignoring busybox[0m
[07:25:58] check_version_constraints: ignoring libapk[0m
[07:25:58] check_version_constraints: ignoring binutils-armv7[0m
[07:25:58] check_version_constraints: ignoring musl-dev[0m
[07:25:58] check_version_constraints: ignoring ca-certificates-bundle[0m
[07:25:58] check_version_constraints: ignoring libstdc++-dev-armv7[0m
[07:25:58] (native) install ccache-cross-symlinks abuild gcc-armv7 g++-armv7[0m
[07:25:58] % sudo mkdir -p /home/pmos/work/tmp[0m
[07:25:58] % sudo rm -f /home/pmos/work/tmp/apk_progress_fifo[0m
[07:25:58] % sudo mkfifo /home/pmos/work/tmp/apk_progress_fifo[0m
[07:25:58] % sudo cat /home/pmos/work/tmp/apk_progress_fifo[0m
[07:25:58] % sudo sh -c exec 3>/home/pmos/work/tmp/apk_progress_fifo; /home/pmos/work/apk.static --progress-fd 3 --no-progress --root /home/pmos/work/chroot_native --arch aarch64 --cache-dir /home/pmos/work/cache_apk_aarch64 --repository /home/pmos/work/packages/edge add --no-interactive g++-armv7 gcc-armv7 abuild ccache-cross-symlinks ;[0m
[07:25:58] New background process: pid=76218, output=background[0m
WARNING: opening /home/pmos/work/packages/edge/aarch64/APKINDEX.tar.gz: No such file or directory
(1/5) Installing ccache-cross-symlinks (3-r3)
(2/5) Installing libstdc++-dev-armv7 (15.2.0-r9)
(3/5) Installing binutils-armv7 (2.45.1-r1)
(4/5) Installing gcc-armv7 (15.2.0-r9)
(5/5) Installing g++-armv7 (15.2.0-r9)
Executing busybox-1.38.0-r7.trigger
OK: 456.4 MiB in 66 packages
[07:25:59] check_version_constraints: ignoring openssl-dev[0m
[07:25:59] openssl-dev: picked provider(s) with highest priority 100: openssl-dev[0m
[07:25:59] check_version_constraints: ignoring devicepkg-dev[0m
[07:25:59] check_version_constraints: ignoring bash[0m
[07:25:59] check_version_constraints: ignoring flex[0m
[07:25:59] check_version_constraints: ignoring m4[0m
[07:25:59] check_version_constraints: ignoring perl[0m
[07:25:59] check_version_constraints: ignoring /bin/sh[0m
[07:25:59] check_version_constraints: ignoring /bin/sh[0m
[07:25:59] check_version_constraints: ignoring /bin/sh[0m
[07:25:59] check_version_constraints: ignoring /bin/sh[0m
[07:25:59] check_version_constraints: ignoring /bin/sh[0m
[07:25:59] /bin/sh: picked provider(s) with highest priority 100: busybox-binsh[0m
[07:25:59] check_version_constraints: ignoring dtbtool-exynos[0m
[07:25:59] check_version_constraints: ignoring libcrypto3[0m
[07:25:59] libcrypto3: picked provider(s) with highest priority 100: libcrypto3[0m
[07:25:59] check_version_constraints: ignoring pkgconfig[0m
[07:25:59] check_version_constraints: ignoring bison[0m
[07:25:59] check_version_constraints: ignoring bc[0m
[07:25:59] check_version_constraints: ignoring linux-headers[0m
[07:25:59] check_version_constraints: ignoring libssl3[0m
[07:25:59] libssl3: picked provider(s) with highest priority 100: libssl3[0m
[07:25:59] check_version_constraints: ignoring busybox[0m
[07:25:59] check_version_constraints: ignoring libfdt[0m
[07:25:59] (native) install openssl-dev devicepkg-dev bash flex perl dtbtool-exynos bison bc linux-headers[0m
[07:25:59] % sudo mkdir -p /home/pmos/work/tmp[0m
[07:25:59] % sudo rm -f /home/pmos/work/tmp/apk_progress_fifo[0m
[07:25:59] % sudo mkfifo /home/pmos/work/tmp/apk_progress_fifo[0m
[07:25:59] % sudo cat /home/pmos/work/tmp/apk_progress_fifo[0m
[07:25:59] % sudo sh -c exec 3>/home/pmos/work/tmp/apk_progress_fifo; /home/pmos/work/apk.static --progress-fd 3 --no-progress --root /home/pmos/work/chroot_native --arch aarch64 --cache-dir /home/pmos/work/cache_apk_aarch64 --repository /home/pmos/work/packages/edge add --no-interactive openssl-dev devicepkg-dev bash flex perl dtbtool-exynos bison bc linux-headers ;[0m
[07:25:59] New background process: pid=76230, output=background[0m
WARNING: opening /home/pmos/work/packages/edge/aarch64/APKINDEX.tar.gz: No such file or directory
( 1/18) Installing ncurses-terminfo-base (6.6_p20260822-r0)
( 2/18) Installing libncursesw (6.6_p20260822-r0)
( 3/18) Installing readline (8.3.3-r1)
( 4/18) Installing bash (5.3.9-r2)
  Executing bash-5.3.9-r2.post-install
( 5/18) Installing bc (1.08.2-r1)
( 6/18) Installing m4 (1.4.21-r0)
( 7/18) Installing bison (3.8.2-r3)
( 8/18) Installing devicepkg-dev (1-r0)
( 9/18) Installing libfdt (1.7.2-r1)
(10/18) Installing dtbtool-exynos (1.1.0-r1)
(11/18) Installing flex (2.6.4-r8)
(12/18) Installing linux-headers (7.2.1-r0)
(13/18) Installing openssl-dev (3.5.8-r1)
(14/18) Installing libbz2 (1.0.8-r6)
(15/18) Installing perl (5.44.0-r0)
(16/18) Installing perl-error (0.17030-r0)
(17/18) Installing perl-git (2.55.0-r1)
(18/18) Installing git-perl (2.55.0-r1)
Executing busybox-1.38.0-r7.trigger
OK: 512.3 MiB in 84 packages
[07:25:59] [93m=>[0m [94medge/linux-samsung-k3gxx[0m: Building package (cross compiling: cross-native)[0m
[07:25:59] (native) % mkdir -p /home/pmos/packages; rm -f /home/pmos/packages/pmos; ln -sf /mnt/pmbootstrap/packages/edge /home/pmos/packages/pmos[0m
[07:25:59] % sudo mkdir -p /home/pmos/work/chroot_native/home/pmos/build[0m
[07:25:59] % sudo cp -rL /src/pmaports/device/downstream/linux-samsung-k3gxx/config-samsung-k3gxx.armv7 /home/pmos/work/chroot_native/home/pmos/build/config-samsung-k3gxx.armv7[0m
[07:25:59] % sudo cp -rL /src/pmaports/device/downstream/linux-samsung-k3gxx/binutils-2.45-section-flags.patch /home/pmos/work/chroot_native/home/pmos/build/binutils-2.45-section-flags.patch[0m
[07:25:59] % sudo cp -rL /src/pmaports/device/downstream/linux-samsung-k3gxx/gcc7-give-up-on-ilog2-const-optimizations.patch /home/pmos/work/chroot_native/home/pmos/build/gcc7-give-up-on-ilog2-const-optimizations.patch[0m
[07:25:59] % sudo cp -rL /src/pmaports/device/downstream/linux-samsung-k3gxx/gcc8-fix-put-user.patch /home/pmos/work/chroot_native/home/pmos/build/gcc8-fix-put-user.patch[0m
[07:25:59] % sudo cp -rL /src/pmaports/device/downstream/linux-samsung-k3gxx/APKBUILD /home/pmos/work/chroot_native/home/pmos/build/APKBUILD[0m
[07:25:59] % sudo cp -rL /src/pmaports/device/downstream/linux-samsung-k3gxx/gcc10-extern_YYLOC_global_declaration.patch /home/pmos/work/chroot_native/home/pmos/build/gcc10-extern_YYLOC_global_declaration.patch[0m
[07:25:59] % sudo cp -rL /src/pmaports/device/downstream/linux-samsung-k3gxx/gcc15-fips-helper-declarations.patch /home/pmos/work/chroot_native/home/pmos/build/gcc15-fips-helper-declarations.patch[0m
[07:25:59] (native) % chown -R pmos:pmos /home/pmos/build[0m
[07:25:59] % sudo mkdir -p /home/pmos/work/chroot_native/mnt/pmaports[0m
[07:25:59] % sudo mount --bind /src/pmaports /home/pmos/work/chroot_native/mnt/pmaports[0m
[07:25:59] (native) % busybox su pmos -c HOME=/home/pmos mkdir -p /home/pmos/build ;[0m
[07:25:59] (native) % busybox su pmos -c HOME=/home/pmos ln -sf /mnt/pmaports/.git /home/pmos/build/.git ;[0m
[07:25:59] (native) % cd /home/pmos/build; busybox su pmos -c SUDO_APK='abuild-apk --no-progress' PMB_CROSS=cross-native CROSS_COMPILE=armv7-alpine-linux-musleabihf- CC=armv7-alpine-linux-musleabihf-gcc CARCH=armv7 RUSTC_WRAPPER=/usr/bin/sccache GOCACHE=/home/pmos/.cache/go-build HOME=/home/pmos abuild -d -D postmarketOS ;[0m
>>> linux-samsung-k3gxx: Building pmos/linux-samsung-k3gxx 3.10.9-r0 (using abuild 3.18.0_rc5-r1) started Sun, 27 Sep 2026 07:25:59 +0000
>>> linux-samsung-k3gxx: Validating /home/pmos/build/APKBUILD...
>>> WARNING: linux-samsung-k3gxx: No maintainer
>>> linux-samsung-k3gxx: Cleaning up srcdir
>>> linux-samsung-k3gxx: Cleaning up pkgdir
>>> linux-samsung-k3gxx: Cleaning up tmpdir
>>> linux-samsung-k3gxx: Fetching linux-samsung-k3gxx-2f78dde45cd08d9f1f7f047c81ffb237f7ab9b56.tar.gz::https://github.com/LineageOS/android_kernel_samsung_k3gxx/archive/2f78dde45cd08d9f1f7f047c81ffb237f7ab9b56.tar.gz
/var/cache/distfiles/linux-samsung-k3gxx-2f78dde45cd08d9f1f7f047c81ffb237f7ab9b56.tar.gz: OK
/home/pmos/build/config-samsung-k3gxx.armv7: OK
/home/pmos/build/gcc7-give-up-on-ilog2-const-optimizations.patch: OK
/home/pmos/build/gcc8-fix-put-user.patch: OK
/home/pmos/build/gcc10-extern_YYLOC_global_declaration.patch: OK
/home/pmos/build/binutils-2.45-section-flags.patch: OK
/home/pmos/build/gcc15-fips-helper-declarations.patch: OK
>>> linux-samsung-k3gxx: Fetching linux-samsung-k3gxx-2f78dde45cd08d9f1f7f047c81ffb237f7ab9b56.tar.gz::https://github.com/LineageOS/android_kernel_samsung_k3gxx/archive/2f78dde45cd08d9f1f7f047c81ffb237f7ab9b56.tar.gz
/var/cache/distfiles/linux-samsung-k3gxx-2f78dde45cd08d9f1f7f047c81ffb237f7ab9b56.tar.gz: OK
/home/pmos/build/config-samsung-k3gxx.armv7: OK
/home/pmos/build/gcc7-give-up-on-ilog2-const-optimizations.patch: OK
/home/pmos/build/gcc8-fix-put-user.patch: OK
/home/pmos/build/gcc10-extern_YYLOC_global_declaration.patch: OK
/home/pmos/build/binutils-2.45-section-flags.patch: OK
/home/pmos/build/gcc15-fips-helper-declarations.patch: OK
>>> linux-samsung-k3gxx: Unpacking /var/cache/distfiles/linux-samsung-k3gxx-2f78dde45cd08d9f1f7f047c81ffb237f7ab9b56.tar.gz...
>>> linux-samsung-k3gxx: gcc7-give-up-on-ilog2-const-optimizations.patch
patching file include/linux/log2.h
>>> linux-samsung-k3gxx: gcc8-fix-put-user.patch
patching file arch/arm/include/asm/uaccess.h
Hunk #1 succeeded at 167 (offset 5 lines).
>>> linux-samsung-k3gxx: gcc10-extern_YYLOC_global_declaration.patch
patching file scripts/dtc/dtc-lexer.l
patching file scripts/dtc/dtc-lexer.lex.c_shipped
>>> linux-samsung-k3gxx: binutils-2.45-section-flags.patch
patching file arch/arm/mm/proc-v7.S
patching file arch/arm/boot/compressed/head.S
patching file arch/arm/boot/compressed/piggy.gzip.S
>>> linux-samsung-k3gxx: gcc15-fips-helper-declarations.patch
patching file scripts/fips_crypto_utils.c
Hunk #1 succeeded at 13 with fuzz 1.
NOTE: replacing /home/pmos/build/src/android_kernel_samsung_k3gxx-2f78dde45cd08d9f1f7f047c81ffb237f7ab9b56/include/linux/compiler-gcc.h! If your build breaks with 'Please
don't include <linux/compiler-gcc.h> directly' or a similar
compiler-gcc.h related error, then set
  REPLACE_GCCH=0
in your kernel APKBUILD at the start of the
downstreamkernel_prepare.sh line.
'/usr/share/devicepkg-dev/compiler-gcc.h' -> '/home/pmos/build/src/android_kernel_samsung_k3gxx-2f78dde45cd08d9f1f7f047c81ffb237f7ab9b56/include/linux/compiler-gcc.h'
  GEN     /home/pmos/build/src/android_kernel_samsung_k3gxx-2f78dde45cd08d9f1f7f047c81ffb237f7ab9b56/out/Makefile
  HOSTCC  scripts/basic/fixdep
  HOSTCC  scripts/kconfig/conf.o
  SHIPPED scripts/kconfig/zconf.tab.c
  SHIPPED scripts/kconfig/zconf.lex.c
  SHIPPED scripts/kconfig/zconf.hash.c
  HOSTCC  scripts/kconfig/zconf.tab.o
In file included from scripts/kconfig/zconf.tab.c:2502:
In function 'dep_stack_insert',
    inlined from 'sym_check_print_recursive' at /home/pmos/build/src/android_kernel_samsung_k3gxx-2f78dde45cd08d9f1f7f047c81ffb237f7ab9b56/scripts/kconfig/symbol.c:1038:3,
    inlined from 'sym_check_deps' at /home/pmos/build/src/android_kernel_samsung_k3gxx-2f78dde45cd08d9f1f7f047c81ffb237f7ab9b56/scripts/kconfig/symbol.c:1209:3:
/home/pmos/build/src/android_kernel_samsung_k3gxx-2f78dde45cd08d9f1f7f047c81ffb237f7ab9b56/scripts/kconfig/symbol.c:1014:19: warning: storing the address of local variable 'cv_stack' in 'check_top' [-Wdangling-pointer=]
 1014 |         check_top = stack;
      |         ~~~~~~~~~~^~~~~~~
/home/pmos/build/src/android_kernel_samsung_k3gxx-2f78dde45cd08d9f1f7f047c81ffb237f7ab9b56/scripts/kconfig/symbol.c: In function 'sym_check_deps':
/home/pmos/build/src/android_kernel_samsung_k3gxx-2f78dde45cd08d9f1f7f047c81ffb237f7ab9b56/scripts/kconfig/symbol.c:1035:26: note: 'cv_stack' declared here
 1035 |         struct dep_stack cv_stack;
      |                          ^~~~~~~~
/home/pmos/build/src/android_kernel_samsung_k3gxx-2f78dde45cd08d9f1f7f047c81ffb237f7ab9b56/scripts/kconfig/symbol.c:1005:4: note: 'check_top' declared here
 1005 | } *check_top;
      |    ^~~~~~~~~
  HOSTLD  scripts/kconfig/conf
scripts/kconfig/conf --oldconfig Kconfig
arch/arm/mach-exynos/Kconfig:186:warning: choice value used outside its choice group
arch/arm/mach-exynos/Kconfig:189:warning: choice value used outside its choice group
arch/arm/mach-exynos/Kconfig:192:warning: choice value used outside its choice group
drivers/nfc/Kconfig:100:warning: choice value used outside its choice group
drivers/nfc/Kconfig:102:warning: choice value used outside its choice group
drivers/nfc/Kconfig:110:warning: choice value used outside its choice group
drivers/nfc/Kconfig:112:warning: choice value used outside its choice group
drivers/nfc/Kconfig:114:warning: choice value used outside its choice group
drivers/w1/Kconfig:34:warning: defaults for choice values not supported
drivers/w1/Kconfig:40:warning: defaults for choice values not supported
drivers/w1/Kconfig:46:warning: defaults for choice values not supported
drivers/w1/Kconfig:52:warning: defaults for choice values not supported
#
# configuration written to .config
#
  GEN     /home/pmos/build/src/android_kernel_samsung_k3gxx-2f78dde45cd08d9f1f7f047c81ffb237f7ab9b56/out/Makefile
scripts/kconfig/conf --silentoldconfig Kconfig
arch/arm/mach-exynos/Kconfig:186:warning: choice value used outside its choice group
arch/arm/mach-exynos/Kconfig:189:warning: choice value used outside its choice group
arch/arm/mach-exynos/Kconfig:192:warning: choice value used outside its choice group
drivers/nfc/Kconfig:100:warning: choice value used outside its choice group
drivers/nfc/Kconfig:102:warning: choice value used outside its choice group
drivers/nfc/Kconfig:110:warning: choice value used outside its choice group
drivers/nfc/Kconfig:112:warning: choice value used outside its choice group
drivers/nfc/Kconfig:114:warning: choice value used outside its choice group
drivers/w1/Kconfig:34:warning: defaults for choice values not supported
drivers/w1/Kconfig:40:warning: defaults for choice values not supported
drivers/w1/Kconfig:46:warning: defaults for choice values not supported
drivers/w1/Kconfig:52:warning: defaults for choice values not supported
  GEN     /home/pmos/build/src/android_kernel_samsung_k3gxx-2f78dde45cd08d9f1f7f047c81ffb237f7ab9b56/out/Makefile
  WRAP    arch/arm/include/generated/asm/auxvec.h
  WRAP    arch/arm/include/generated/asm/bitsperlong.h
  WRAP    arch/arm/include/generated/asm/cputime.h
  WRAP    arch/arm/include/generated/asm/current.h
  WRAP    arch/arm/include/generated/asm/emergency-restart.h
  WRAP    arch/arm/include/generated/asm/errno.h
  WRAP    arch/arm/include/generated/asm/exec.h
  WRAP    arch/arm/include/generated/asm/ioctl.h
  CHK     include/generated/uapi/linux/version.h
  WRAP    arch/arm/include/generated/asm/ipcbuf.h
  WRAP    arch/arm/include/generated/asm/irq_regs.h
  WRAP    arch/arm/include/generated/asm/kdebug.h
  UPD     include/generated/uapi/linux/version.h
  WRAP    arch/arm/include/generated/asm/local.h
  WRAP    arch/arm/include/generated/asm/local64.h
  WRAP    arch/arm/include/generated/asm/msgbuf.h
  WRAP    arch/arm/include/generated/asm/param.h
  WRAP    arch/arm/include/generated/asm/parport.h
  WRAP    arch/arm/include/generated/asm/poll.h
  WRAP    arch/arm/include/generated/asm/resource.h
  WRAP    arch/arm/include/generated/asm/sections.h
  WRAP    arch/arm/include/generated/asm/segment.h
  WRAP    arch/arm/include/generated/asm/sembuf.h
  WRAP    arch/arm/include/generated/asm/shmbuf.h
  WRAP    arch/arm/include/generated/asm/serial.h
  WRAP    arch/arm/include/generated/asm/siginfo.h
  Using /home/pmos/build/src/android_kernel_samsung_k3gxx-2f78dde45cd08d9f1f7f047c81ffb237f7ab9b56 as source for kernel
  WRAP    arch/arm/include/generated/asm/sizes.h
  WRAP    arch/arm/include/generated/asm/socket.h
  WRAP    arch/arm/include/generated/asm/sockios.h
  WRAP    arch/arm/include/generated/asm/termbits.h
  WRAP    arch/arm/include/generated/asm/termios.h
  WRAP    arch/arm/include/generated/asm/timex.h
  WRAP    arch/arm/include/generated/asm/trace_clock.h
  WRAP    arch/arm/include/generated/asm/types.h
  WRAP    arch/arm/include/generated/asm/unaligned.h
  CHK     include/generated/utsrelease.h
  UPD     include/generated/utsrelease.h
  HOSTCC  scripts/kallsyms
  HOSTCC  scripts/conmakehash
  Generating include/generated/mach-types.h
  HOSTCC  scripts/sortextable
  HOSTCC  scripts/dtc/checks.o
  CC      scripts/mod/empty.o
  HOSTCC  scripts/dtc/data.o
  SHIPPED scripts/dtc/dtc-lexer.lex.c
  SHIPPED scripts/dtc/dtc-parser.tab.h
  SHIPPED scripts/dtc/dtc-parser.tab.c
  HOSTCC  scripts/mod/mk_elfconfig
  HOSTCC  scripts/dtc/dtc.o
  HOSTCC  scripts/selinux/genheaders/genheaders
  HOSTCC  scripts/dtc/flattree.o
  CC      scripts/mod/devicetable-offsets.s
  HOSTCC  scripts/selinux/mdp/mdp
  HOSTCC  scripts/dtc/fstree.o
  HOSTCC  scripts/dtc/livetree.o
  HOSTCC  scripts/dtc/srcpos.o
  HOSTCC  scripts/dtc/treesource.o
  HOSTCC  scripts/dtc/util.o
/home/pmos/build/src/android_kernel_samsung_k3gxx-2f78dde45cd08d9f1f7f047c81ffb237f7ab9b56/scripts/sortextable.c:64:1: warning: 'succeed_file' defined but not used [-Wunused-function]
   64 | succeed_file(void)
      | ^~~~~~~~~~~~
  HOSTCC  scripts/dtc/dtc-lexer.lex.o
  GEN     scripts/mod/devicetable-offsets.h
  HOSTCC  scripts/dtc/dtc-parser.tab.o
  CC      kernel/bounds.s
  GEN     include/generated/bounds.h
  CC      arch/arm/kernel/asm-offsets.s
  MKELF   scripts/mod/elfconfig.h
  HOSTCC  scripts/mod/file2alias.o
  HOSTLD  scripts/dtc/dtc
  HOSTCC  scripts/mod/modpost.o
  HOSTCC  scripts/mod/sumversion.o
  HOSTLD  scripts/mod/modpost
  GEN     include/generated/asm-offsets.h
  CALL    /home/pmos/build/src/android_kernel_samsung_k3gxx-2f78dde45cd08d9f1f7f047c81ffb237f7ab9b56/scripts/checksyscalls.sh
  DTC     arch/arm/boot/dts/exynos5422-k3g_eur_open_10.dtb
  HOSTCC  usr/gen_init_cpio
  CC      init/main.o
  CHK     include/generated/compile.h
  CC      init/do_mounts.o
  CC      arch/arm/kernel/elf.o
  CC      init/do_mounts_rd.o
  CC      arch/arm/vfp/vfpmodule.o
  CC      init/do_mounts_initrd.o
  AS      arch/arm/kernel/entry-armv.o
  AS      arch/arm/kernel/entry-common.o
  CC      arch/arm/mm/dma-mapping.o
  CC      arch/arm/common/firmware.o
  UPD     include/generated/compile.h
  LD      arch/arm/net/built-in.o
  CC      init/initramfs.o
  AS      arch/arm/vfp/entry.o
  CC      arch/arm/kernel/irq.o
  CC      arch/arm/mm/extable.o
  CC      init/calibrate.o
  CC      arch/arm/kernel/opcodes.o
  AS      arch/arm/vfp/vfphw.o
  CC      arch/arm/mm/fault.o
  CC      init/init_task.o
  CC      arch/arm/vfp/vfpsingle.o
  LD      arch/arm/common/built-in.o
  CC      arch/arm/kernel/process.o
  CC      arch/arm/mm/init.o
  CC      arch/arm/crypto/first_file_asm.o
  CC      init/version.o
  AS      arch/arm/crypto/aes-armv4.o
  CC      arch/arm/vfp/vfpdouble.o
  CC      arch/arm/mm/iomap.o
  CC      arch/arm/mach-exynos/common.o
  CC      arch/arm/plat-samsung/init.o
  CC      arch/arm/kernel/ptrace.o
  LD      arch/arm/vfp/vfp.o
  CC      arch/arm/crypto/aes_glue.o
  LD      init/mounts.o
  LD      arch/arm/vfp/built-in.o
  CC      arch/arm/plat-samsung/cpu.o
  CC      arch/arm/mach-exynos/asv-exynos.o
  CC      arch/arm/mm/fault-armv.o
  CC      arch/arm/crypto/last_file_asm.o
  CC      kernel/fork.o
  CC      arch/arm/kernel/return_address.o
  CC      mm/filemap.o
  LD      arch/arm/crypto/aes-arm.o
  CC      arch/arm/plat-samsung/irq-vic-timer.o
  CC      arch/arm/mm/flush.o
  LD      arch/arm/crypto/built-in.o
  CC      arch/arm/mach-exynos/asv-exynos5422.o
  CC      arch/arm/kernel/sched_clock.o
  CC      kernel/exec_domain.o
  CC      ipc/util.o
  CC      arch/arm/mm/idmap.o
  CC      kernel/panic.o
  CC      arch/arm/plat-samsung/adc.o
  CC      mm/mempool.o
  CC      arch/arm/mach-exynos/pm_domains-exynos5422.o
  CC      arch/arm/kernel/setup.o
  CC      fs/open.o
  CC      kernel/printk.o
  CC      ipc/msgutil.o
  CC      arch/arm/plat-samsung/platformdata.o
  CC      arch/arm/mach-exynos/bts-exynos5422.o
  CC      arch/arm/mm/ioremap.o
  CC      arch/arm/kernel/signal.o
  CC      mm/oom_kill.o
In function 'request_standard_resources',
    inlined from 'setup_arch' at /home/pmos/build/src/android_kernel_samsung_k3gxx-2f78dde45cd08d9f1f7f047c81ffb237f7ab9b56/arch/arm/kernel/setup.c:791:2:
/home/pmos/build/src/android_kernel_samsung_k3gxx-2f78dde45cd08d9f1f7f047c81ffb237f7ab9b56/arch/arm/kernel/setup.c:611:31: warning: array subscript -1 is outside array bounds of 'char[2147483647]' [-Warray-bounds=]
  611 |         kernel_code.end     = virt_to_phys(_etext - 1);
      |                               ^~~~~~~~~~~~~~~~~~~~~~~~
In file included from arch/arm/include/generated/asm/sections.h:1,
                 from /home/pmos/build/src/android_kernel_samsung_k3gxx-2f78dde45cd08d9f1f7f047c81ffb237f7ab9b56/arch/arm/kernel/setup.c:40:
/home/pmos/build/src/android_kernel_samsung_k3gxx-2f78dde45cd08d9f1f7f047c81ffb237f7ab9b56/include/asm-generic/sections.h: In function 'setup_arch':
/home/pmos/build/src/android_kernel_samsung_k3gxx-2f78dde45cd08d9f1f7f047c81ffb237f7ab9b56/include/asm-generic/sections.h:6:32: note: at offset -1 into object '_etext' of size [0, 2147483647]
    6 | extern char _text[], _stext[], _etext[];
      |                                ^~~~~~
In function 'request_standard_resources',
    inlined from 'setup_arch' at /home/pmos/build/src/android_kernel_samsung_k3gxx-2f78dde45cd08d9f1f7f047c81ffb237f7ab9b56/arch/arm/kernel/setup.c:791:2:
/home/pmos/build/src/android_kernel_samsung_k3gxx-2f78dde45cd08d9f1f7f047c81ffb237f7ab9b56/arch/arm/kernel/setup.c:613:31: warning: array subscript -1 is outside array bounds of 'char[2147483647]' [-Warray-bounds=]
  613 |         kernel_data.end     = virt_to_phys(_end - 1);
      |                               ^~~~~~~~~~~~~~~~~~~~~~
/home/pmos/build/src/android_kernel_samsung_k3gxx-2f78dde45cd08d9f1f7f047c81ffb237f7ab9b56/include/asm-generic/sections.h: In function 'setup_arch':
/home/pmos/build/src/android_kernel_samsung_k3gxx-2f78dde45cd08d9f1f7f047c81ffb237f7ab9b56/include/asm-generic/sections.h:11:13: note: at offset -1 into object '_end' of size [0, 2147483647]
   11 | extern char _end[];
      |             ^~~~
  CC      arch/arm/mach-exynos/pm-exynos5422.o
  CC      kernel/cpu.o
  CC      ipc/msg.o
  CC      arch/arm/plat-samsung/devs.o
  CC      arch/arm/mm/mmap.o
  CC      mm/fadvise.o
  CC      arch/arm/kernel/stacktrace.o
  CC      fs/read_write.o
/home/pmos/build/src/android_kernel_samsung_k3gxx-2f78dde45cd08d9f1f7f047c81ffb237f7ab9b56/kernel/cpu.c: In function 'notify_cpu_starting':
/home/pmos/build/src/android_kernel_samsung_k3gxx-2f78dde45cd08d9f1f7f047c81ffb237f7ab9b56/kernel/cpu.c:670:25: warning: the comparison will always evaluate as 'true' for the address of 'frozen_cpus' will never be NULL [-Waddress]
  670 |         if (frozen_cpus != NULL && cpumask_test_cpu(cpu, frozen_cpus))
      |                         ^~
/home/pmos/build/src/android_kernel_samsung_k3gxx-2f78dde45cd08d9f1f7f047c81ffb237f7ab9b56/kernel/cpu.c:489:22: note: 'frozen_cpus' declared here
  489 | static cpumask_var_t frozen_cpus;
      |                      ^~~~~~~~~~~
  CC      arch/arm/mach-exynos/cpuidle-exynos5422.o
  CC      arch/arm/mm/pgd.o
  CC      arch/arm/kernel/sys_arm.o
  CC      arch/arm/mach-exynos/exynos-pm.o
  CC      ipc/sem.o
  CC      fs/file_table.o
  CC      mm/maccess.o
  CC      kernel/exit.o
  CC      arch/arm/mm/mmu.o
  CC      arch/arm/plat-samsung/dev-uart.o
  CC      mm/page_alloc.o
  CC      ipc/shm.o
  CC      arch/arm/kernel/time.o
  CC      fs/super.o
  CC      arch/arm/mach-exynos/pm_domains.o
  CC      security/keys/gc.o
  CC      arch/arm/kernel/traps.o
  CC      arch/arm/plat-samsung/dma-ops.o
  CC      ipc/ipcns_notifier.o
  CC      kernel/itimer.o
  CC      fs/char_dev.o
  CC      arch/arm/mach-exynos/platsmp.o
  CC      arch/arm/plat-samsung/pm.o
  CC      arch/arm/mm/alignment.o
  CC      security/keys/key.o
  CC      ipc/syscall.o
  CC      arch/arm/kernel/cpuidle.o
  CC      mm/page-writeback.o
  CC      ipc/ipc_sysctl.o
  HZFILE  kernel/hz.bc
  CC      arch/arm/mm/highmem.o
  CC      fs/stat.o
  CC      kernel/softirq.o
  CC      arch/arm/plat-samsung/pm-gpio.o
  AS      arch/arm/kernel/sleep.o
  CC      security/keys/keyring.o
  CC      ipc/namespace.o
  CC      mm/readahead.o
  AS      arch/arm/mach-exynos/headsmp.o
  CC      arch/arm/plat-samsung/s5p-pm.o
  CC      arch/arm/kernel/suspend.o
  CC      kernel/resource.o
  CC      arch/arm/mach-exynos/hotplug.o
  AS      arch/arm/mm/abort-ev7.o
  LD      ipc/built-in.o
  CC      security/keys/keyctl.o
  CC      fs/exec.o
  CC      mm/swap.o
  GEN     usr/initramfs_data.cpio
  CC      kernel/sysctl.o
  AS      arch/arm/mach-exynos/exynos-smc.o
/home/pmos/build/src/android_kernel_samsung_k3gxx-2f78dde45cd08d9f1f7f047c81ffb237f7ab9b56/fs/exec.c: In function 'get_task_comm':
/home/pmos/build/src/android_kernel_samsung_k3gxx-2f78dde45cd08d9f1f7f047c81ffb237f7ab9b56/fs/exec.c:1028:39: warning: argument to 'sizeof' in 'strncpy' call is the same expression as the source; did you mean to use the size of the destination? [-Wsizeof-pointer-memaccess]
 1028 |         strncpy(buf, tsk->comm, sizeof(tsk->comm));
      |                                       ^
  AS      arch/arm/mm/pabort-v7.o
  CC      arch/arm/mach-exynos/firmware.o
  CC      arch/arm/plat-samsung/s5p-irq-pm.o
  AS      arch/arm/mm/cache-v7.o
  CC      arch/arm/kernel/smp.o
  LD      init/built-in.o
  CC      fs/pipe.o
  CC      arch/arm/mm/copypage-v6.o
  CC      kernel/sysctl_binary.o
  CC      arch/arm/mach-exynos/pmu-exynos5422.o
  AS      usr/initramfs_data.o
  CC      security/keys/permission.o
  CC      mm/truncate.o
  CC      fs/namei.o
  CC      arch/arm/kernel/smp_tlb.o
  AS      arch/arm/plat-samsung/s5p-sleep.o
  GEN     security/selinux/flask.h security/selinux/av_permissions.h
  CC      arch/arm/mm/context.o
  CC      security/keys/process_keys.o
  CC      arch/arm/mach-exynos/exynos-coresight.o
  CC      security/selinux/avc.o
  CC      crypto/first_file.o
  CC      mm/vmscan.o
  CC      arch/arm/kernel/smp_scu.o
  CC      fs/fcntl.o
  CC      security/keys/request_key.o
  LD      arch/arm/plat-samsung/built-in.o
  AS      arch/arm/mm/tlb-v7.o
  CC      crypto/fips_integrity.o
  CC      kernel/capability.o
  CC      arch/arm/mach-exynos/mach-universal5422.o
  CC      arch/arm/kernel/devtree.o
  CC      security/keys/request_key_auth.o
  LD      usr/built-in.o
  AS      arch/arm/mm/proc-v7.o
  CC      fs/ioctl.o
  CC      mm/shmem.o
  CC      security/selinux/hooks.o
  CC      arch/arm/mach-exynos/setup-fimc-is.o
  LD      arch/arm/mm/built-in.o
  CC      block/elevator.o
  CC      arch/arm/kernel/swp_emulate.o
/home/pmos/build/src/android_kernel_samsung_k3gxx-2f78dde45cd08d9f1f7f047c81ffb237f7ab9b56/block/elevator.c: In function 'elv_register':
/home/pmos/build/src/android_kernel_samsung_k3gxx-2f78dde45cd08d9f1f7f047c81ffb237f7ab9b56/block/elevator.c:851:35: warning: 'snprintf' output may be truncated before the last format character [-Wformat-truncation=]
  851 |                          "%s_io_cq", e->elevator_name);
      |                                   ^
/home/pmos/build/src/android_kernel_samsung_k3gxx-2f78dde45cd08d9f1f7f047c81ffb237f7ab9b56/block/elevator.c:850:17: note: 'snprintf' output between 7 and 22 bytes into a destination of size 21
  850 |                 snprintf(e->icq_cache_name, sizeof(e->icq_cache_name),
      |                 ^~~~~~~~~~~~~~~~~~~~~~~~~~~~~~~~~~~~~~~~~~~~~~~~~~~~~~
  851 |                          "%s_io_cq", e->elevator_name);
      |                          ~~~~~~~~~~~~~~~~~~~~~~~~~~~~~
  CC      security/keys/user_defined.o
  CC      kernel/ptrace.o
  CC      crypto/api.o
  CC      security/selinux/selinuxfs.o
  CC      mm/util.o
  CC      arch/arm/mach-exynos/setup-fimc-is-sensor.o
  CC      fs/readdir.o
  CC      block/blk-core.o
  CC      arch/arm/kernel/topology.o
  CC      security/keys/proc.o
  CC      fs/select.o
  CC      kernel/timer.o
  CC      security/selinux/netlink.o
  CC      mm/mmzone.o
  CC      crypto/cipher.o
  CC      arch/arm/kernel/io.o
/home/pmos/build/src/android_kernel_samsung_k3gxx-2f78dde45cd08d9f1f7f047c81ffb237f7ab9b56/kernel/timer.c:56:1: warning: ignoring attribute 'section (".data..cacheline_aligned")' because it conflicts with previous 'section (".data")' [-Wattributes]
   56 | u64 jiffies_64 __cacheline_aligned_in_smp = INITIAL_JIFFIES;
      | ^~~
In file included from /home/pmos/build/src/android_kernel_samsung_k3gxx-2f78dde45cd08d9f1f7f047c81ffb237f7ab9b56/include/linux/ktime.h:25,
                 from /home/pmos/build/src/android_kernel_samsung_k3gxx-2f78dde45cd08d9f1f7f047c81ffb237f7ab9b56/include/linux/hrtimer.h:19,
                 from /home/pmos/build/src/android_kernel_samsung_k3gxx-2f78dde45cd08d9f1f7f047c81ffb237f7ab9b56/include/linux/interrupt.h:16,
                 from /home/pmos/build/src/android_kernel_samsung_k3gxx-2f78dde45cd08d9f1f7f047c81ffb237f7ab9b56/include/linux/kernel_stat.h:8,
                 from /home/pmos/build/src/android_kernel_samsung_k3gxx-2f78dde45cd08d9f1f7f047c81ffb237f7ab9b56/kernel/timer.c:22:
/home/pmos/build/src/android_kernel_samsung_k3gxx-2f78dde45cd08d9f1f7f047c81ffb237f7ab9b56/include/linux/jiffies.h:76:25: note: previous declaration here
   76 | extern u64 __jiffy_data jiffies_64;
      |                         ^~~~~~~~~~
  CC      security/keys/sysctl.o
  CC      arch/arm/mach-exynos/setup-fimc-is-companion.o
  CC      mm/vmstat.o
  CC      security/selinux/nlmsgtab.o
  CC      kernel/user.o
  CC      crypto/compress.o
  CC      block/blk-tag.o
  AS      arch/arm/kernel/hyp-stub.o
  LD      security/keys/built-in.o
  CC      fs/dcache.o
  AS      arch/arm/kernel/head.o
  CC      mm/backing-dev.o
  CC      arch/arm/mach-exynos/dev-uart.o
  CC      security/selinux/netif.o
  CC      sound/sound_core.o
  CC      kernel/signal.o
  LD      sound/arm/built-in.o
  CC      fs/inode.o
  LDS     arch/arm/kernel/vmlinux.lds
  CC      arch/arm/mach-exynos/dev-fimg2d.o
  CC      block/blk-sysfs.o
  CC      mm/mm_init.o
  LD      sound/atmel/built-in.o
  CC      crypto/algapi.o
  CC      arch/arm/mach-exynos/setup-i2c0.o
  CC      kernel/sys.o
  CC      mm/mmu_context.o
  MKDIR   firmware/cypress/
  MK_FW   firmware/ssp_stm.fw.gen.S
  CC      fs/attr.o
  IHEX    firmware/ssp_stm.fw
  CC      security/selinux/netnode.o
  CC      block/blk-flush.o
  CC      arch/arm/mach-exynos/setup-exynos5-mipiphy.o
  MKDIR   firmware/ice40lm/
  MKDIR   firmware/tsp_synaptics/
  MK_FW   firmware/cypress/cypress_20075_k_m06.fw.gen.S
  LD      arch/arm/kernel/built-in.o
  IHEX    firmware/cypress/cypress_20075_k_m06.fw
  MK_FW   firmware/cypress/cypress_20075_l_m06.fw.gen.S
  IHEX    firmware/cypress/cypress_20075_l_m06.fw
  CC      mm/percpu.o
  AS      firmware/ssp_stm.fw.gen.o
  CC      crypto/scatterwalk.o
  CC      security/selinux/netport.o
  CC      fs/bad_inode.o
  CC      kernel/kmod.o
  CC      sound/core/compress_offload.o
  CC      block/blk-settings.o
  CC      arch/arm/mach-exynos/secmem.o
  CC      mm/slab_common.o
  CC      fs/file.o
  CC      sound/core/hwdep.o
  CC      drivers/amba/bus.o
  MK_FW   firmware/ice40lm/k640.fw.gen.S
  IHEX    firmware/ice40lm/k640.fw
  CC      crypto/proc.o
  CC      fs/filesystems.o
  MK_FW   firmware/tsp_synaptics/synaptics_s5100_a2_k.fw.gen.S
  IHEX    firmware/tsp_synaptics/synaptics_s5100_a2_k.fw
  CC      block/blk-ioc.o
  CC      kernel/workqueue.o
  CC      mm/compaction.o
  MK_FW   firmware/tsp_synaptics/synaptics_s5100_a2_k_FHD.fw.gen.S
  CC      arch/arm/mach-exynos/core_sysfs.o
  IHEX    firmware/tsp_synaptics/synaptics_s5100_a2_k_FHD.fw
  CC      security/selinux/exports.o
/home/pmos/build/src/android_kernel_samsung_k3gxx-2f78dde45cd08d9f1f7f047c81ffb237f7ab9b56/kernel/workqueue.c: In function 'get_work_pwq':
/home/pmos/build/src/android_kernel_samsung_k3gxx-2f78dde45cd08d9f1f7f047c81ffb237f7ab9b56/kernel/workqueue.c:635:24: warning: cast to pointer from integer of different size [-Wint-to-pointer-cast]
  635 |                 return (void *)(data & WORK_STRUCT_WQ_DATA_MASK);
      |                        ^
/home/pmos/build/src/android_kernel_samsung_k3gxx-2f78dde45cd08d9f1f7f047c81ffb237f7ab9b56/kernel/workqueue.c: In function 'get_work_pool':
/home/pmos/build/src/android_kernel_samsung_k3gxx-2f78dde45cd08d9f1f7f047c81ffb237f7ab9b56/kernel/workqueue.c:663:25: warning: cast to pointer from integer of different size [-Wint-to-pointer-cast]
  663 |                 return ((struct pool_workqueue *)
      |                         ^
/home/pmos/build/src/android_kernel_samsung_k3gxx-2f78dde45cd08d9f1f7f047c81ffb237f7ab9b56/kernel/workqueue.c: In function 'get_work_pool_id':
/home/pmos/build/src/android_kernel_samsung_k3gxx-2f78dde45cd08d9f1f7f047c81ffb237f7ab9b56/kernel/workqueue.c:685:25: warning: cast to pointer from integer of different size [-Wint-to-pointer-cast]
  685 |                 return ((struct pool_workqueue *)
      |                         ^
/home/pmos/build/src/android_kernel_samsung_k3gxx-2f78dde45cd08d9f1f7f047c81ffb237f7ab9b56/kernel/workqueue.c: In function 'create_worker':
/home/pmos/build/src/android_kernel_samsung_k3gxx-2f78dde45cd08d9f1f7f047c81ffb237f7ab9b56/kernel/workqueue.c:1727:54: warning: '%d' directive output may be truncated writing between 1 and 10 bytes into a region of size between 5 and 14 [-Wformat-truncation=]
 1727 |                 snprintf(id_buf, sizeof(id_buf), "%d:%d%s", pool->cpu, id,
      |                                                      ^~
/home/pmos/build/src/android_kernel_samsung_k3gxx-2f78dde45cd08d9f1f7f047c81ffb237f7ab9b56/kernel/workqueue.c:1727:50: note: directive argument in the range [0, 2147483647]
 1727 |                 snprintf(id_buf, sizeof(id_buf), "%d:%d%s", pool->cpu, id,
      |                                                  ^~~~~~~~~
/home/pmos/build/src/android_kernel_samsung_k3gxx-2f78dde45cd08d9f1f7f047c81ffb237f7ab9b56/kernel/workqueue.c:1727:17: note: 'snprintf' output between 4 and 23 bytes into a destination of size 16
 1727 |                 snprintf(id_buf, sizeof(id_buf), "%d:%d%s", pool->cpu, id,
      |                 ^~~~~~~~~~~~~~~~~~~~~~~~~~~~~~~~~~~~~~~~~~~~~~~~~~~~~~~~~~
 1728 |                          pool->attrs->nice < 0  ? "H" : "");
      |                          ~~~~~~~~~~~~~~~~~~~~~~~~~~~~~~~~~~
  LD      drivers/amba/built-in.o
  CC      crypto/ablkcipher.o
  CC      block/blk-map.o
  MK_FW   firmware/tsp_synaptics/synaptics_s5100_a2_k_WQHD.fw.gen.S
  CC      sound/core/memalloc.o
  IHEX    firmware/tsp_synaptics/synaptics_s5100_a2_k_WQHD.fw
  CC      kernel/pid.o
  LD      drivers/auxdisplay/built-in.o
  CC      net/socket.o
  CC      fs/namespace.o
  CC      mm/balloon_compaction.o
  MK_FW   firmware/tsp_synaptics/synaptics_s5100_a3_kq_WQHD.fw.gen.S
  IHEX    firmware/tsp_synaptics/synaptics_s5100_a3_kq_WQHD.fw
  CC      security/selinux/ss/ebitmap.o
  CC      block/blk-exec.o
  CC      arch/arm/mach-exynos/exynos_rq_stats.o
  MK_FW   firmware/tsp_synaptics/synaptics_s5100_a3_l_WQHD.fw.gen.S
  CC      sound/core/pcm.o
  IHEX    firmware/tsp_synaptics/synaptics_s5100_a3_l_WQHD.fw
/home/pmos/build/src/android_kernel_samsung_k3gxx-2f78dde45cd08d9f1f7f047c81ffb237f7ab9b56/net/socket.c: In function 'sockfs_getxattr':
/home/pmos/build/src/android_kernel_samsung_k3gxx-2f78dde45cd08d9f1f7f047c81ffb237f7ab9b56/net/socket.c:480:25: warning: 'strncpy' specified bound depends on the length of the source argument [-Wstringop-truncation]
  480 |                         strncpy(value, proto_name, proto_size + 1);
      |                         ^~~~~~~~~~~~~~~~~~~~~~~~~~~~~~~~~~~~~~~~~~
/home/pmos/build/src/android_kernel_samsung_k3gxx-2f78dde45cd08d9f1f7f047c81ffb237f7ab9b56/net/socket.c:473:30: note: length computed here
  473 |                 proto_size = strlen(proto_name);
      |                              ^~~~~~~~~~~~~~~~~~
  CC      crypto/blkcipher.o
  MK_FW   firmware/tsp_synaptics/synaptics_s5100_a3_k_FHD.fw.gen.S
  IHEX    firmware/tsp_synaptics/synaptics_s5100_a3_k_FHD.fw
  CC      mm/interval_tree.o
  CC      drivers/base/core.o
  CC      kernel/task_work.o
  MK_FW   firmware/tsp_synaptics/synaptics_5710_chagall.fw.gen.S
  IHEX    firmware/tsp_synaptics/synaptics_5710_chagall.fw
  CC      block/blk-merge.o
  CC      security/selinux/ss/hashtab.o
  CC      fs/seq_file.o
  AS      firmware/cypress/cypress_20075_k_m06.fw.gen.o
  LD      net/802/built-in.o
  LD      arch/arm/mach-exynos/built-in.o
  CC      security/selinux/ss/symtab.o
  CC      mm/fremap.o
  CC      kernel/rcupdate.o
  CC      sound/core/pcm_native.o
  CC      crypto/ahash.o
  CC      block/blk-softirq.o
  CC      block/blk-timeout.o
  CC      security/selinux/ss/sidtab.o
  CC      fs/xattr.o
  CC      crypto/shash.o
  CC      drivers/base/bus.o
  CC      net/bluetooth/af_bluetooth.o
  CC      kernel/extable.o
  CC      mm/highmem.o
  CC      block/blk-iopoll.o
  CC      sound/core/pcm_lib.o
  CC      security/selinux/ss/avtab.o
  AS      firmware/cypress/cypress_20075_l_m06.fw.gen.o
  CC      fs/libfs.o
  CC      drivers/base/dd.o
/home/pmos/build/src/android_kernel_samsung_k3gxx-2f78dde45cd08d9f1f7f047c81ffb237f7ab9b56/kernel/extable.c: In function 'search_exception_tables':
/home/pmos/build/src/android_kernel_samsung_k3gxx-2f78dde45cd08d9f1f7f047c81ffb237f7ab9b56/kernel/extable.c:55:13: warning: array subscript -1 is outside array bounds of 'struct exception_table_entry[268435455]' [-Warray-bounds=]
   55 |         e = search_extable(__start___ex_table, __stop___ex_table-1, addr);
      |             ^~~~~~~~~~~~~~~~~~~~~~~~~~~~~~~~~~~~~~~~~~~~~~~~~~~~~~~~~~~~~
/home/pmos/build/src/android_kernel_samsung_k3gxx-2f78dde45cd08d9f1f7f047c81ffb237f7ab9b56/kernel/extable.c:36:37: note: at offset -8 into object '__stop___ex_table' of size [0, 2147483647]
   36 | extern struct exception_table_entry __stop___ex_table[];
      |                                     ^~~~~~~~~~~~~~~~~
  CC      crypto/algboss.o
  LD      sound/drivers/mpu401/built-in.o
  CC      net/bluetooth/hci_core.o
  CC      mm/madvise.o
  CC      sound/core/pcm_timer.o
  CC      block/blk-lib.o
  LD      sound/drivers/opl3/built-in.o
  CC      security/selinux/ss/policydb.o
/home/pmos/build/src/android_kernel_samsung_k3gxx-2f78dde45cd08d9f1f7f047c81ffb237f7ab9b56/net/bluetooth/hci_core.c: In function 'hci_smp_ltks_clear':
/home/pmos/build/src/android_kernel_samsung_k3gxx-2f78dde45cd08d9f1f7f047c81ffb237f7ab9b56/net/bluetooth/hci_core.c:1642:26: warning: taking address of packed member of 'struct smp_ltk' may result in an unaligned pointer value [-Waddress-of-packed-member]
 1642 |                 list_del(&k->list);
      |                          ^~~~~~~~
/home/pmos/build/src/android_kernel_samsung_k3gxx-2f78dde45cd08d9f1f7f047c81ffb237f7ab9b56/net/bluetooth/hci_core.c: In function 'hci_add_ltk':
/home/pmos/build/src/android_kernel_samsung_k3gxx-2f78dde45cd08d9f1f7f047c81ffb237f7ab9b56/net/bluetooth/hci_core.c:1793:26: warning: taking address of packed member of 'struct smp_ltk' may result in an unaligned pointer value [-Waddress-of-packed-member]
 1793 |                 list_add(&key->list, &hdev->long_term_keys);
      |                          ^~~~~~~~~~
/home/pmos/build/src/android_kernel_samsung_k3gxx-2f78dde45cd08d9f1f7f047c81ffb237f7ab9b56/net/bluetooth/hci_core.c: In function 'hci_remove_ltk':
/home/pmos/build/src/android_kernel_samsung_k3gxx-2f78dde45cd08d9f1f7f047c81ffb237f7ab9b56/net/bluetooth/hci_core.c:1840:26: warning: taking address of packed member of 'struct smp_ltk' may result in an unaligned pointer value [-Waddress-of-packed-member]
 1840 |                 list_del(&k->list);
      |                          ^~~~~~~~
/home/pmos/build/src/android_kernel_samsung_k3gxx-2f78dde45cd08d9f1f7f047c81ffb237f7ab9b56/net/bluetooth/hci_core.c: In function 'hci_register_dev':
/home/pmos/build/src/android_kernel_samsung_k3gxx-2f78dde45cd08d9f1f7f047c81ffb237f7ab9b56/net/bluetooth/hci_core.c:2205:33: warning: '%d' directive writing between 1 and 10 bytes into a region of size 5 [-Wformat-overflow=]
 2205 |         sprintf(hdev->name, "hci%d", id);
      |                                 ^~
/home/pmos/build/src/android_kernel_samsung_k3gxx-2f78dde45cd08d9f1f7f047c81ffb237f7ab9b56/net/bluetooth/hci_core.c:2205:29: note: directive argument in the range [0, 2147483647]
 2205 |         sprintf(hdev->name, "hci%d", id);
      |                             ^~~~~~~
/home/pmos/build/src/android_kernel_samsung_k3gxx-2f78dde45cd08d9f1f7f047c81ffb237f7ab9b56/net/bluetooth/hci_core.c:2205:9: note: 'sprintf' output between 5 and 14 bytes into a destination of size 8
 2205 |         sprintf(hdev->name, "hci%d", id);
      |         ^~~~~~~~~~~~~~~~~~~~~~~~~~~~~~~~
  CC      kernel/params.o
  CC      fs/fs-writeback.o
  LD      sound/drivers/opl4/built-in.o
  CC      drivers/base/syscore.o
  CC      mm/memory.o
  CC      net/bluetooth/hci_conn.o
In file included from /home/pmos/build/src/android_kernel_samsung_k3gxx-2f78dde45cd08d9f1f7f047c81ffb237f7ab9b56/include/trace/define_trace.h:86,
                 from /home/pmos/build/src/android_kernel_samsung_k3gxx-2f78dde45cd08d9f1f7f047c81ffb237f7ab9b56/include/trace/events/writeback.h:603,
                 from /home/pmos/build/src/android_kernel_samsung_k3gxx-2f78dde45cd08d9f1f7f047c81ffb237f7ab9b56/fs/fs-writeback.c:88:
/home/pmos/build/src/android_kernel_samsung_k3gxx-2f78dde45cd08d9f1f7f047c81ffb237f7ab9b56/include/trace/events/writeback.h: In function 'ftrace_raw_event_writeback_dirty_page':
/home/pmos/build/src/android_kernel_samsung_k3gxx-2f78dde45cd08d9f1f7f047c81ffb237f7ab9b56/include/trace/events/writeback.h:48:17: warning: 'strncpy' specified bound 32 equals destination size [-Wstringop-truncation]
   48 |                 strncpy(__entry->name,
      |                 ^~~~~~~~~~~~~~~~~~~~~~
   49 |                         mapping ? dev_name(mapping->backing_dev_info->dev) : "(unknown)", 32);
      |                         ~~~~~~~~~~~~~~~~~~~~~~~~~~~~~~~~~~~~~~~~~~~~~~~~~~~~~~~~~~~~~~~~~~~~~
/home/pmos/build/src/android_kernel_samsung_k3gxx-2f78dde45cd08d9f1f7f047c81ffb237f7ab9b56/include/trace/ftrace.h:544:11: note: in definition of macro 'DECLARE_EVENT_CLASS'
  544 |         { assign; }                                                     \
      |           ^~~~~~
/home/pmos/build/src/android_kernel_samsung_k3gxx-2f78dde45cd08d9f1f7f047c81ffb237f7ab9b56/include/trace/ftrace.h:36:30: note: in expansion of macro 'PARAMS'
   36 |                              PARAMS(assign),                   \
      |                              ^~~~~~
/home/pmos/build/src/android_kernel_samsung_k3gxx-2f78dde45cd08d9f1f7f047c81ffb237f7ab9b56/include/trace/events/writeback.h:35:1: note: in expansion of macro 'TRACE_EVENT'
   35 | TRACE_EVENT(writeback_dirty_page,
      | ^~~~~~~~~~~
/home/pmos/build/src/android_kernel_samsung_k3gxx-2f78dde45cd08d9f1f7f047c81ffb237f7ab9b56/include/trace/events/writeback.h:47:9: note: in expansion of macro 'TP_fast_assign'
   47 |         TP_fast_assign(
      |         ^~~~~~~~~~~~~~
/home/pmos/build/src/android_kernel_samsung_k3gxx-2f78dde45cd08d9f1f7f047c81ffb237f7ab9b56/include/trace/events/writeback.h:48:17: warning: 'strncpy' specified bound 32 equals destination size [-Wstringop-truncation]
   48 |                 strncpy(__entry->name,
      |                 ^~~~~~~~~~~~~~~~~~~~~~
   49 |                         mapping ? dev_name(mapping->backing_dev_info->dev) : "(unknown)", 32);
      |                         ~~~~~~~~~~~~~~~~~~~~~~~~~~~~~~~~~~~~~~~~~~~~~~~~~~~~~~~~~~~~~~~~~~~~~
/home/pmos/build/src/android_kernel_samsung_k3gxx-2f78dde45cd08d9f1f7f047c81ffb237f7ab9b56/include/trace/ftrace.h:544:11: note: in definition of macro 'DECLARE_EVENT_CLASS'
  544 |         { assign; }                                                     \
      |           ^~~~~~
/home/pmos/build/src/android_kernel_samsung_k3gxx-2f78dde45cd08d9f1f7f047c81ffb237f7ab9b56/include/trace/ftrace.h:36:30: note: in expansion of macro 'PARAMS'
   36 |                              PARAMS(assign),                   \
      |                              ^~~~~~
/home/pmos/build/src/android_kernel_samsung_k3gxx-2f78dde45cd08d9f1f7f047c81ffb237f7ab9b56/include/trace/events/writeback.h:35:1: note: in expansion of macro 'TRACE_EVENT'
   35 | TRACE_EVENT(writeback_dirty_page,
      | ^~~~~~~~~~~
/home/pmos/build/src/android_kernel_samsung_k3gxx-2f78dde45cd08d9f1f7f047c81ffb237f7ab9b56/include/trace/events/writeback.h:47:9: note: in expansion of macro 'TP_fast_assign'
   47 |         TP_fast_assign(
      |         ^~~~~~~~~~~~~~
/home/pmos/build/src/android_kernel_samsung_k3gxx-2f78dde45cd08d9f1f7f047c81ffb237f7ab9b56/include/trace/events/writeback.h: In function 'ftrace_raw_event_writeback_write_inode_template':
/home/pmos/build/src/android_kernel_samsung_k3gxx-2f78dde45cd08d9f1f7f047c81ffb237f7ab9b56/include/trace/events/writeback.h:117:17: warning: 'strncpy' specified bound 32 equals destination size [-Wstringop-truncation]
  117 |                 strncpy(__entry->name,
      |                 ^~~~~~~~~~~~~~~~~~~~~~
  118 |                         dev_name(inode->i_mapping->backing_dev_info->dev), 32);
      |                         ~~~~~~~~~~~~~~~~~~~~~~~~~~~~~~~~~~~~~~~~~~~~~~~~~~~~~~
/home/pmos/build/src/android_kernel_samsung_k3gxx-2f78dde45cd08d9f1f7f047c81ffb237f7ab9b56/include/trace/ftrace.h:544:11: note: in definition of macro 'DECLARE_EVENT_CLASS'
  544 |         { assign; }                                                     \
      |           ^~~~~~
/home/pmos/build/src/android_kernel_samsung_k3gxx-2f78dde45cd08d9f1f7f047c81ffb237f7ab9b56/include/trace/events/writeback.h:116:9: note: in expansion of macro 'TP_fast_assign'
  116 |         TP_fast_assign(
      |         ^~~~~~~~~~~~~~
/home/pmos/build/src/android_kernel_samsung_k3gxx-2f78dde45cd08d9f1f7f047c81ffb237f7ab9b56/include/trace/events/writeback.h: In function 'ftrace_raw_event_writeback_work_class':
/home/pmos/build/src/android_kernel_samsung_k3gxx-2f78dde45cd08d9f1f7f047c81ffb237f7ab9b56/include/trace/events/writeback.h:161:17: warning: 'strncpy' specified bound 32 equals destination size [-Wstringop-truncation]
  161 |                 strncpy(__entry->name, dev_name(dev), 32);
      |                 ^~~~~~~~~~~~~~~~~~~~~~~~~~~~~~~~~~~~~~~~~
/home/pmos/build/src/android_kernel_samsung_k3gxx-2f78dde45cd08d9f1f7f047c81ffb237f7ab9b56/include/trace/ftrace.h:544:11: note: in definition of macro 'DECLARE_EVENT_CLASS'
  544 |         { assign; }                                                     \
      |           ^~~~~~
/home/pmos/build/src/android_kernel_samsung_k3gxx-2f78dde45cd08d9f1f7f047c81ffb237f7ab9b56/include/trace/events/writeback.h:157:9: note: in expansion of macro 'TP_fast_assign'
  157 |         TP_fast_assign(
      |         ^~~~~~~~~~~~~~
/home/pmos/build/src/android_kernel_samsung_k3gxx-2f78dde45cd08d9f1f7f047c81ffb237f7ab9b56/include/trace/events/writeback.h: In function 'ftrace_raw_event_writeback_class':
/home/pmos/build/src/android_kernel_samsung_k3gxx-2f78dde45cd08d9f1f7f047c81ffb237f7ab9b56/include/trace/events/writeback.h:211:17: warning: 'strncpy' specified bound 32 equals destination size [-Wstringop-truncation]
  211 |                 strncpy(__entry->name, dev_name(bdi->dev), 32);
      |                 ^~~~~~~~~~~~~~~~~~~~~~~~~~~~~~~~~~~~~~~~~~~~~~
/home/pmos/build/src/android_kernel_samsung_k3gxx-2f78dde45cd08d9f1f7f047c81ffb237f7ab9b56/include/trace/ftrace.h:544:11: note: in definition of macro 'DECLARE_EVENT_CLASS'
  544 |         { assign; }                                                     \
      |           ^~~~~~
/home/pmos/build/src/android_kernel_samsung_k3gxx-2f78dde45cd08d9f1f7f047c81ffb237f7ab9b56/include/trace/events/writeback.h:210:9: note: in expansion of macro 'TP_fast_assign'
  210 |         TP_fast_assign(
      |         ^~~~~~~~~~~~~~
/home/pmos/build/src/android_kernel_samsung_k3gxx-2f78dde45cd08d9f1f7f047c81ffb237f7ab9b56/include/trace/events/writeback.h: In function 'ftrace_raw_event_wbc_class':
/home/pmos/build/src/android_kernel_samsung_k3gxx-2f78dde45cd08d9f1f7f047c81ffb237f7ab9b56/include/trace/events/writeback.h:244:17: warning: 'strncpy' specified bound 32 equals destination size [-Wstringop-truncation]
  244 |                 strncpy(__entry->name, dev_name(bdi->dev), 32);
      |                 ^~~~~~~~~~~~~~~~~~~~~~~~~~~~~~~~~~~~~~~~~~~~~~
/home/pmos/build/src/android_kernel_samsung_k3gxx-2f78dde45cd08d9f1f7f047c81ffb237f7ab9b56/include/trace/ftrace.h:544:11: note: in definition of macro 'DECLARE_EVENT_CLASS'
  544 |         { assign; }                                                     \
      |           ^~~~~~
/home/pmos/build/src/android_kernel_samsung_k3gxx-2f78dde45cd08d9f1f7f047c81ffb237f7ab9b56/include/trace/events/writeback.h:243:9: note: in expansion of macro 'TP_fast_assign'
  243 |         TP_fast_assign(
      |         ^~~~~~~~~~~~~~
/home/pmos/build/src/android_kernel_samsung_k3gxx-2f78dde45cd08d9f1f7f047c81ffb237f7ab9b56/include/trace/events/writeback.h: In function 'ftrace_raw_event_writeback_queue_io':
/home/pmos/build/src/android_kernel_samsung_k3gxx-2f78dde45cd08d9f1f7f047c81ffb237f7ab9b56/include/trace/events/writeback.h:291:17: warning: 'strncpy' specified bound 32 equals destination size [-Wstringop-truncation]
  291 |                 strncpy(__entry->name, dev_name(wb->bdi->dev), 32);
      |                 ^~~~~~~~~~~~~~~~~~~~~~~~~~~~~~~~~~~~~~~~~~~~~~~~~~
/home/pmos/build/src/android_kernel_samsung_k3gxx-2f78dde45cd08d9f1f7f047c81ffb237f7ab9b56/include/trace/ftrace.h:544:11: note: in definition of macro 'DECLARE_EVENT_CLASS'
  544 |         { assign; }                                                     \
      |           ^~~~~~
/home/pmos/build/src/android_kernel_samsung_k3gxx-2f78dde45cd08d9f1f7f047c81ffb237f7ab9b56/include/trace/ftrace.h:36:30: note: in expansion of macro 'PARAMS'
   36 |                              PARAMS(assign),                   \
      |                              ^~~~~~
/home/pmos/build/src/android_kernel_samsung_k3gxx-2f78dde45cd08d9f1f7f047c81ffb237f7ab9b56/include/trace/events/writeback.h:277:1: note: in expansion of macro 'TRACE_EVENT'
  277 | TRACE_EVENT(writeback_queue_io,
      | ^~~~~~~~~~~
/home/pmos/build/src/android_kernel_samsung_k3gxx-2f78dde45cd08d9f1f7f047c81ffb237f7ab9b56/include/trace/events/writeback.h:289:9: note: in expansion of macro 'TP_fast_assign'
  289 |         TP_fast_assign(
      |         ^~~~~~~~~~~~~~
/home/pmos/build/src/android_kernel_samsung_k3gxx-2f78dde45cd08d9f1f7f047c81ffb237f7ab9b56/include/trace/events/writeback.h: In function 'ftrace_raw_event_writeback_sb_inodes_requeue':
/home/pmos/build/src/android_kernel_samsung_k3gxx-2f78dde45cd08d9f1f7f047c81ffb237f7ab9b56/include/trace/events/writeback.h:492:17: warning: 'strncpy' specified bound 32 equals destination size [-Wstringop-truncation]
  492 |                 strncpy(__entry->name,
      |                 ^~~~~~~~~~~~~~~~~~~~~~
  493 |                         dev_name(inode_to_bdi(inode)->dev), 32);
      |                         ~~~~~~~~~~~~~~~~~~~~~~~~~~~~~~~~~~~~~~~
/home/pmos/build/src/android_kernel_samsung_k3gxx-2f78dde45cd08d9f1f7f047c81ffb237f7ab9b56/include/trace/ftrace.h:544:11: note: in definition of macro 'DECLARE_EVENT_CLASS'
  544 |         { assign; }                                                     \
      |           ^~~~~~
/home/pmos/build/src/android_kernel_samsung_k3gxx-2f78dde45cd08d9f1f7f047c81ffb237f7ab9b56/include/trace/ftrace.h:36:30: note: in expansion of macro 'PARAMS'
   36 |                              PARAMS(assign),                   \
      |                              ^~~~~~
/home/pmos/build/src/android_kernel_samsung_k3gxx-2f78dde45cd08d9f1f7f047c81ffb237f7ab9b56/include/trace/events/writeback.h:479:1: note: in expansion of macro 'TRACE_EVENT'
  479 | TRACE_EVENT(writeback_sb_inodes_requeue,
      | ^~~~~~~~~~~
/home/pmos/build/src/android_kernel_samsung_k3gxx-2f78dde45cd08d9f1f7f047c81ffb237f7ab9b56/include/trace/events/writeback.h:491:9: note: in expansion of macro 'TP_fast_assign'
  491 |         TP_fast_assign(
      |         ^~~~~~~~~~~~~~
/home/pmos/build/src/android_kernel_samsung_k3gxx-2f78dde45cd08d9f1f7f047c81ffb237f7ab9b56/include/trace/events/writeback.h: In function 'ftrace_raw_event_writeback_single_inode_template':
/home/pmos/build/src/android_kernel_samsung_k3gxx-2f78dde45cd08d9f1f7f047c81ffb237f7ab9b56/include/trace/events/writeback.h:563:17: warning: 'strncpy' specified bound 32 equals destination size [-Wstringop-truncation]
  563 |                 strncpy(__entry->name,
      |                 ^~~~~~~~~~~~~~~~~~~~~~
  564 |                         dev_name(inode_to_bdi(inode)->dev), 32);
      |                         ~~~~~~~~~~~~~~~~~~~~~~~~~~~~~~~~~~~~~~~
/home/pmos/build/src/android_kernel_samsung_k3gxx-2f78dde45cd08d9f1f7f047c81ffb237f7ab9b56/include/trace/ftrace.h:544:11: note: in definition of macro 'DECLARE_EVENT_CLASS'
  544 |         { assign; }                                                     \
      |           ^~~~~~
/home/pmos/build/src/android_kernel_samsung_k3gxx-2f78dde45cd08d9f1f7f047c81ffb237f7ab9b56/include/trace/events/writeback.h:562:9: note: in expansion of macro 'TP_fast_assign'
  562 |         TP_fast_assign(
      |         ^~~~~~~~~~~~~~
  CC      crypto/testmgr.o
  LD      sound/drivers/pcsp/built-in.o
  CC      block/ioctl.o
  CC      drivers/base/driver.o
  CC      kernel/posix-timers.o
  CC      sound/core/pcm_misc.o
  LD      sound/drivers/vx/built-in.o
  AS      firmware/ice40lm/k640.fw.gen.o
  CC      fs/pnode.o
In file included from /home/pmos/build/src/android_kernel_samsung_k3gxx-2f78dde45cd08d9f1f7f047c81ffb237f7ab9b56/crypto/testmgr.c:54:
/home/pmos/build/src/android_kernel_samsung_k3gxx-2f78dde45cd08d9f1f7f047c81ffb237f7ab9b56/crypto/testmgr.h:27124:27: warning: initialization discards 'const' qualifier from pointer target type [-Wdiscarded-array-qualifiers]
27124 |                 .params = &deflate_comp_params,
      |                           ^
/home/pmos/build/src/android_kernel_samsung_k3gxx-2f78dde45cd08d9f1f7f047c81ffb237f7ab9b56/crypto/testmgr.h:27136:27: warning: initialization discards 'const' qualifier from pointer target type [-Wdiscarded-array-qualifiers]
27136 |                 .params = &deflate_comp_params,
      |                           ^
/home/pmos/build/src/android_kernel_samsung_k3gxx-2f78dde45cd08d9f1f7f047c81ffb237f7ab9b56/crypto/testmgr.h:27164:27: warning: initialization discards 'const' qualifier from pointer target type [-Wdiscarded-array-qualifiers]
27164 |                 .params = &deflate_decomp_params,
      |                           ^
/home/pmos/build/src/android_kernel_samsung_k3gxx-2f78dde45cd08d9f1f7f047c81ffb237f7ab9b56/crypto/testmgr.h:27188:27: warning: initialization discards 'const' qualifier from pointer target type [-Wdiscarded-array-qualifiers]
27188 |                 .params = &deflate_decomp_params,
      |                           ^
/home/pmos/build/src/android_kernel_samsung_k3gxx-2f78dde45cd08d9f1f7f047c81ffb237f7ab9b56/crypto/testmgr.c: In function '__test_aead':
/home/pmos/build/src/android_kernel_samsung_k3gxx-2f78dde45cd08d9f1f7f047c81ffb237f7ab9b56/crypto/testmgr.c:497:34: warning: logical not is only applied to the left hand side of comparison [-Wlogical-not-parentheses]
  497 |                         if (!ret == template[i].fail) {
      |                                  ^~
/home/pmos/build/src/android_kernel_samsung_k3gxx-2f78dde45cd08d9f1f7f047c81ffb237f7ab9b56/crypto/testmgr.c:497:29: note: add parentheses around left hand side expression to silence this warning
  497 |                         if (!ret == template[i].fail) {
      |                             ^~~~
      |                             (   )
/home/pmos/build/src/android_kernel_samsung_k3gxx-2f78dde45cd08d9f1f7f047c81ffb237f7ab9b56/crypto/testmgr.c:592:34: warning: logical not is only applied to the left hand side of comparison [-Wlogical-not-parentheses]
  592 |                         if (!ret == template[i].fail) {
      |                                  ^~
/home/pmos/build/src/android_kernel_samsung_k3gxx-2f78dde45cd08d9f1f7f047c81ffb237f7ab9b56/crypto/testmgr.c:592:29: note: add parentheses around left hand side expression to silence this warning
  592 |                         if (!ret == template[i].fail) {
      |                             ^~~~
      |                             (   )
/home/pmos/build/src/android_kernel_samsung_k3gxx-2f78dde45cd08d9f1f7f047c81ffb237f7ab9b56/crypto/testmgr.c: In function 'test_cipher':
/home/pmos/build/src/android_kernel_samsung_k3gxx-2f78dde45cd08d9f1f7f047c81ffb237f7ab9b56/crypto/testmgr.c:829:26: warning: logical not is only applied to the left hand side of comparison [-Wlogical-not-parentheses]
  829 |                 if (!ret == template[i].fail) {
      |                          ^~
/home/pmos/build/src/android_kernel_samsung_k3gxx-2f78dde45cd08d9f1f7f047c81ffb237f7ab9b56/crypto/testmgr.c:829:21: note: add parentheses around left hand side expression to silence this warning
  829 |                 if (!ret == template[i].fail) {
      |                     ^~~~
      |                     (   )
/home/pmos/build/src/android_kernel_samsung_k3gxx-2f78dde45cd08d9f1f7f047c81ffb237f7ab9b56/crypto/testmgr.c: In function '__test_skcipher':
/home/pmos/build/src/android_kernel_samsung_k3gxx-2f78dde45cd08d9f1f7f047c81ffb237f7ab9b56/crypto/testmgr.c:936:34: warning: logical not is only applied to the left hand side of comparison [-Wlogical-not-parentheses]
  936 |                         if (!ret == template[i].fail) {
      |                                  ^~
/home/pmos/build/src/android_kernel_samsung_k3gxx-2f78dde45cd08d9f1f7f047c81ffb237f7ab9b56/crypto/testmgr.c:936:29: note: add parentheses around left hand side expression to silence this warning
  936 |                         if (!ret == template[i].fail) {
      |                             ^~~~
      |                             (   )
/home/pmos/build/src/android_kernel_samsung_k3gxx-2f78dde45cd08d9f1f7f047c81ffb237f7ab9b56/crypto/testmgr.c:1004:34: warning: logical not is only applied to the left hand side of comparison [-Wlogical-not-parentheses]
 1004 |                         if (!ret == template[i].fail) {
      |                                  ^~
/home/pmos/build/src/android_kernel_samsung_k3gxx-2f78dde45cd08d9f1f7f047c81ffb237f7ab9b56/crypto/testmgr.c:1004:29: note: add parentheses around left hand side expression to silence this warning
 1004 |                         if (!ret == template[i].fail) {
      |                             ^~~~
      |                             (   )
  CC      drivers/base/class.o
  CC      sound/core/pcm_memory.o
  LD      sound/drivers/built-in.o
  CC      mm/mincore.o
  CC      block/genhd.o
  CC      security/selinux/ss/services.o
  CC      net/bluetooth/hci_event.o
  CC      kernel/kthread.o
  CC      fs/splice.o
/home/pmos/build/src/android_kernel_samsung_k3gxx-2f78dde45cd08d9f1f7f047c81ffb237f7ab9b56/security/selinux/ss/services.c: In function 'selinux_set_mapping':
/home/pmos/build/src/android_kernel_samsung_k3gxx-2f78dde45cd08d9f1f7f047c81ffb237f7ab9b56/security/selinux/ss/services.c:157:24: warning: the comparison will always evaluate as 'true' for the address of 'perms' will never be NULL [-Waddress]
  157 |                 while (p_in->perms && p_in->perms[k]) {
      |                        ^~~~
In file included from /home/pmos/build/src/android_kernel_samsung_k3gxx-2f78dde45cd08d9f1f7f047c81ffb237f7ab9b56/security/selinux/ss/services.c:59:
/home/pmos/build/src/android_kernel_samsung_k3gxx-2f78dde45cd08d9f1f7f047c81ffb237f7ab9b56/security/selinux/include/avc_ss.h:16:21: note: 'perms' declared here
   16 |         const char *perms[sizeof(u32) * 8 + 1];
      |                     ^~~~~
/home/pmos/build/src/android_kernel_samsung_k3gxx-2f78dde45cd08d9f1f7f047c81ffb237f7ab9b56/net/bluetooth/hci_event.c: In function 'hci_le_ltk_request_evt':
/home/pmos/build/src/android_kernel_samsung_k3gxx-2f78dde45cd08d9f1f7f047c81ffb237f7ab9b56/net/bluetooth/hci_event.c:3631:26: warning: taking address of packed member of 'struct smp_ltk' may result in an unaligned pointer value [-Waddress-of-packed-member]
 3631 |                 list_del(&ltk->list);
      |                          ^~~~~~~~~~
  CC      crypto/crypto_wq.o
  LD      sound/firewire/built-in.o
  CC      sound/core/rawmidi.o
  CC      kernel/wait.o
  CC      block/scsi_ioctl.o
  CC      drivers/base/platform.o
  CC      drivers/battery/sec_battery.o
  CC      net/bluetooth/mgmt.o
  CC      security/selinux/ss/conditional.o
  CC      fs/sync.o
  CC      crypto/fips.o
  CC      mm/mlock.o
  AS      firmware/tsp_synaptics/synaptics_s5100_a2_k.fw.gen.o
  CC      sound/core/timer.o
/home/pmos/build/src/android_kernel_samsung_k3gxx-2f78dde45cd08d9f1f7f047c81ffb237f7ab9b56/net/bluetooth/mgmt.c: In function 'read_commands':
/home/pmos/build/src/android_kernel_samsung_k3gxx-2f78dde45cd08d9f1f7f047c81ffb237f7ab9b56/net/bluetooth/mgmt.c:308:30: warning: taking address of packed member of 'struct mgmt_rp_read_commands' may result in an unaligned pointer value [-Waddress-of-packed-member]
  308 |         for (i = 0, opcode = rp->opcodes; i < num_commands; i++, opcode++)
      |                              ^~
  CC      kernel/sys_ni.o
  CC      block/partition-generic.o
  CC      kernel/posix-cpu-timers.o
  CC      drivers/base/cpu.o
  CC      sound/core/sound.o
  CC      fs/utimes.o
  CC      security/selinux/ss/mls.o
  LD      crypto/crypto_algapi.o
  CC      net/bluetooth/hci_sock.o
  CC      drivers/battery/sec_adc.o
/home/pmos/build/src/android_kernel_samsung_k3gxx-2f78dde45cd08d9f1f7f047c81ffb237f7ab9b56/block/partition-generic.c: In function 'disk_name':
/home/pmos/build/src/android_kernel_samsung_k3gxx-2f78dde45cd08d9f1f7f047c81ffb237f7ab9b56/block/partition-generic.c:47:51: warning: 'snprintf' output may be truncated before the last format character [-Wformat-truncation=]
   47 |                 snprintf(buf, BDEVNAME_SIZE, "%s%d", hd->disk_name, partno);
      |                                                   ^
In function 'disk_name',
    inlined from 'disk_name' at /home/pmos/build/src/android_kernel_samsung_k3gxx-2f78dde45cd08d9f1f7f047c81ffb237f7ab9b56/block/partition-generic.c:40:7:
/home/pmos/build/src/android_kernel_samsung_k3gxx-2f78dde45cd08d9f1f7f047c81ffb237f7ab9b56/block/partition-generic.c:47:17: note: 'snprintf' output between 2 and 43 bytes into a destination of size 32
   47 |                 snprintf(buf, BDEVNAME_SIZE, "%s%d", hd->disk_name, partno);
      |                 ^~~~~~~~~~~~~~~~~~~~~~~~~~~~~~~~~~~~~~~~~~~~~~~~~~~~~~~~~~~
/home/pmos/build/src/android_kernel_samsung_k3gxx-2f78dde45cd08d9f1f7f047c81ffb237f7ab9b56/block/partition-generic.c: In function 'disk_name':
/home/pmos/build/src/android_kernel_samsung_k3gxx-2f78dde45cd08d9f1f7f047c81ffb237f7ab9b56/block/partition-generic.c:45:50: warning: '%d' directive output may be truncated writing between 1 and 11 bytes into a region of size between 0 and 31 [-Wformat-truncation=]
   45 |                 snprintf(buf, BDEVNAME_SIZE, "%sp%d", hd->disk_name, partno);
      |                                                  ^~
In function 'disk_name',
    inlined from 'disk_name' at /home/pmos/build/src/android_kernel_samsung_k3gxx-2f78dde45cd08d9f1f7f047c81ffb237f7ab9b56/block/partition-generic.c:40:7:
/home/pmos/build/src/android_kernel_samsung_k3gxx-2f78dde45cd08d9f1f7f047c81ffb237f7ab9b56/block/partition-generic.c:45:46: note: using the range [-2147483648, 2147483647] for directive argument
   45 |                 snprintf(buf, BDEVNAME_SIZE, "%sp%d", hd->disk_name, partno);
      |                                              ^~~~~~~
/home/pmos/build/src/android_kernel_samsung_k3gxx-2f78dde45cd08d9f1f7f047c81ffb237f7ab9b56/block/partition-generic.c:45:17: note: 'snprintf' output between 3 and 44 bytes into a destination of size 32
   45 |                 snprintf(buf, BDEVNAME_SIZE, "%sp%d", hd->disk_name, partno);
      |                 ^~~~~~~~~~~~~~~~~~~~~~~~~~~~~~~~~~~~~~~~~~~~~~~~~~~~~~~~~~~~
/home/pmos/build/src/android_kernel_samsung_k3gxx-2f78dde45cd08d9f1f7f047c81ffb237f7ab9b56/block/partition-generic.c: In function 'bdevname':
/home/pmos/build/src/android_kernel_samsung_k3gxx-2f78dde45cd08d9f1f7f047c81ffb237f7ab9b56/block/partition-generic.c:47:51: warning: 'snprintf' output may be truncated before the last format character [-Wformat-truncation=]
   47 |                 snprintf(buf, BDEVNAME_SIZE, "%s%d", hd->disk_name, partno);
      |                                                   ^
In function 'disk_name',
    inlined from 'disk_name' at /home/pmos/build/src/android_kernel_samsung_k3gxx-2f78dde45cd08d9f1f7f047c81ffb237f7ab9b56/block/partition-generic.c:40:7,
    inlined from 'bdevname' at /home/pmos/build/src/android_kernel_samsung_k3gxx-2f78dde45cd08d9f1f7f047c81ffb237f7ab9b56/block/partition-generic.c:54:9:
/home/pmos/build/src/android_kernel_samsung_k3gxx-2f78dde45cd08d9f1f7f047c81ffb237f7ab9b56/block/partition-generic.c:47:17: note: 'snprintf' output between 2 and 43 bytes into a destination of size 32
   47 |                 snprintf(buf, BDEVNAME_SIZE, "%s%d", hd->disk_name, partno);
      |                 ^~~~~~~~~~~~~~~~~~~~~~~~~~~~~~~~~~~~~~~~~~~~~~~~~~~~~~~~~~~
/home/pmos/build/src/android_kernel_samsung_k3gxx-2f78dde45cd08d9f1f7f047c81ffb237f7ab9b56/block/partition-generic.c: In function 'bdevname':
/home/pmos/build/src/android_kernel_samsung_k3gxx-2f78dde45cd08d9f1f7f047c81ffb237f7ab9b56/block/partition-generic.c:45:50: warning: '%d' directive output may be truncated writing between 1 and 11 bytes into a region of size between 0 and 31 [-Wformat-truncation=]
   45 |                 snprintf(buf, BDEVNAME_SIZE, "%sp%d", hd->disk_name, partno);
      |                                                  ^~
In function 'disk_name',
    inlined from 'disk_name' at /home/pmos/build/src/android_kernel_samsung_k3gxx-2f78dde45cd08d9f1f7f047c81ffb237f7ab9b56/block/partition-generic.c:40:7,
    inlined from 'bdevname' at /home/pmos/build/src/android_kernel_samsung_k3gxx-2f78dde45cd08d9f1f7f047c81ffb237f7ab9b56/block/partition-generic.c:54:9:
/home/pmos/build/src/android_kernel_samsung_k3gxx-2f78dde45cd08d9f1f7f047c81ffb237f7ab9b56/block/partition-generic.c:45:46: note: using the range [-2147483648, 2147483647] for directive argument
   45 |                 snprintf(buf, BDEVNAME_SIZE, "%sp%d", hd->disk_name, partno);
      |                                              ^~~~~~~
/home/pmos/build/src/android_kernel_samsung_k3gxx-2f78dde45cd08d9f1f7f047c81ffb237f7ab9b56/block/partition-generic.c:45:17: note: 'snprintf' output between 3 and 44 bytes into a destination of size 32
   45 |                 snprintf(buf, BDEVNAME_SIZE, "%sp%d", hd->disk_name, partno);
      |                 ^~~~~~~~~~~~~~~~~~~~~~~~~~~~~~~~~~~~~~~~~~~~~~~~~~~~~~~~~~~~
  CC      crypto/aead.o
  AS      firmware/tsp_synaptics/synaptics_s5100_a2_k_FHD.fw.gen.o
  CC      mm/mmap.o
  CC      sound/core/init.o
  CC      kernel/mutex.o
  CC      drivers/base/firmware.o
/home/pmos/build/src/android_kernel_samsung_k3gxx-2f78dde45cd08d9f1f7f047c81ffb237f7ab9b56/crypto/aead.c: In function 'crypto_nivaead_report':
/home/pmos/build/src/android_kernel_samsung_k3gxx-2f78dde45cd08d9f1f7f047c81ffb237f7ab9b56/crypto/aead.c:206:9: warning: 'strncpy' specified bound 64 equals destination size [-Wstringop-truncation]
  206 |         strncpy(raead.geniv, aead->geniv, sizeof(raead.geniv));
      |         ^~~~~~~~~~~~~~~~~~~~~~~~~~~~~~~~~~~~~~~~~~~~~~~~~~~~~~
  CC      net/bluetooth/hci_sysfs.o
  CC      security/selinux/ss/status.o
  CC      kernel/hrtimer.o
  CC      drivers/battery/max17048_fuelgauge.o
  CC      drivers/base/init.o
  CC      block/partitions/check.o
  LD      crypto/crypto_blkcipher.o
  CC      mm/mprotect.o
  CC      fs/stack.o
  CC      crypto/chainiv.o
  CC      sound/core/memory.o
  CC      drivers/battery/sec_fuelgauge.o
  CC      drivers/base/map.o
  CC      block/partitions/msdos.o
  CC      kernel/rwsem.o
  CC      net/bluetooth/l2cap_core.o
  CC      sound/core/info.o
  CC      fs/fs_struct.o
  LD      security/selinux/selinux.o
  CC      mm/mremap.o
  AS      firmware/tsp_synaptics/synaptics_s5100_a2_k_WQHD.fw.gen.o
  CC      sound/core/control.o
  CC      kernel/nsproxy.o
  CC      drivers/base/devres.o
  CC      block/partitions/efi.o
In file included from /home/pmos/build/src/android_kernel_samsung_k3gxx-2f78dde45cd08d9f1f7f047c81ffb237f7ab9b56/include/linux/if_ether.h:23,
                 from /home/pmos/build/src/android_kernel_samsung_k3gxx-2f78dde45cd08d9f1f7f047c81ffb237f7ab9b56/include/uapi/linux/ethtool.h:17,
                 from /home/pmos/build/src/android_kernel_samsung_k3gxx-2f78dde45cd08d9f1f7f047c81ffb237f7ab9b56/include/linux/ethtool.h:16,
                 from /home/pmos/build/src/android_kernel_samsung_k3gxx-2f78dde45cd08d9f1f7f047c81ffb237f7ab9b56/include/linux/netdevice.h:42,
                 from /home/pmos/build/src/android_kernel_samsung_k3gxx-2f78dde45cd08d9f1f7f047c81ffb237f7ab9b56/include/net/sock.h:61,
                 from /home/pmos/build/src/android_kernel_samsung_k3gxx-2f78dde45cd08d9f1f7f047c81ffb237f7ab9b56/include/net/bluetooth/bluetooth.h:29,
                 from /home/pmos/build/src/android_kernel_samsung_k3gxx-2f78dde45cd08d9f1f7f047c81ffb237f7ab9b56/net/bluetooth/l2cap_core.c:36:
In function '__skb_queue_before',
    inlined from '__skb_queue_tail' at /home/pmos/build/src/android_kernel_samsung_k3gxx-2f78dde45cd08d9f1f7f047c81ffb237f7ab9b56/include/linux/skbuff.h:1252:2,
    inlined from 'l2cap_segment_sdu' at /home/pmos/build/src/android_kernel_samsung_k3gxx-2f78dde45cd08d9f1f7f047c81ffb237f7ab9b56/net/bluetooth/l2cap_core.c:2425:3,
    inlined from 'l2cap_chan_send' at /home/pmos/build/src/android_kernel_samsung_k3gxx-2f78dde45cd08d9f1f7f047c81ffb237f7ab9b56/net/bluetooth/l2cap_core.c:2490:9:
/home/pmos/build/src/android_kernel_samsung_k3gxx-2f78dde45cd08d9f1f7f047c81ffb237f7ab9b56/include/linux/skbuff.h:1218:9: warning: array subscript 'struct sk_buff[0]' is partly outside array bounds of 'struct sk_buff_head[1]' [-Warray-bounds=]
 1218 |         __skb_insert(newsk, next->prev, next, list);
      |         ^~~~~~~~~~~~~~~~~~~~~~~~~~~~~~~~~~~~~~~~~~~
/home/pmos/build/src/android_kernel_samsung_k3gxx-2f78dde45cd08d9f1f7f047c81ffb237f7ab9b56/net/bluetooth/l2cap_core.c: In function 'l2cap_chan_send':
/home/pmos/build/src/android_kernel_samsung_k3gxx-2f78dde45cd08d9f1f7f047c81ffb237f7ab9b56/net/bluetooth/l2cap_core.c:2449:29: note: object 'seg_queue' of size 16
 2449 |         struct sk_buff_head seg_queue;
      |                             ^~~~~~~~~
In function '__skb_insert',
    inlined from '__skb_queue_before' at /home/pmos/build/src/android_kernel_samsung_k3gxx-2f78dde45cd08d9f1f7f047c81ffb237f7ab9b56/include/linux/skbuff.h:1218:2,
    inlined from '__skb_queue_tail' at /home/pmos/build/src/android_kernel_samsung_k3gxx-2f78dde45cd08d9f1f7f047c81ffb237f7ab9b56/include/linux/skbuff.h:1252:2,
    inlined from 'l2cap_segment_sdu' at /home/pmos/build/src/android_kernel_samsung_k3gxx-2f78dde45cd08d9f1f7f047c81ffb237f7ab9b56/net/bluetooth/l2cap_core.c:2425:3,
    inlined from 'l2cap_chan_send' at /home/pmos/build/src/android_kernel_samsung_k3gxx-2f78dde45cd08d9f1f7f047c81ffb237f7ab9b56/net/bluetooth/l2cap_core.c:2490:9:
/home/pmos/build/src/android_kernel_samsung_k3gxx-2f78dde45cd08d9f1f7f047c81ffb237f7ab9b56/include/linux/skbuff.h:1112:21: warning: array subscript 'struct sk_buff[0]' is partly outside array bounds of 'struct sk_buff_head[1]' [-Warray-bounds=]
 1112 |         next->prev  = prev->next = newsk;
      |         ~~~~~~~~~~~~^~~~~~~~~~~~~~~~~~~~
/home/pmos/build/src/android_kernel_samsung_k3gxx-2f78dde45cd08d9f1f7f047c81ffb237f7ab9b56/net/bluetooth/l2cap_core.c: In function 'l2cap_chan_send':
/home/pmos/build/src/android_kernel_samsung_k3gxx-2f78dde45cd08d9f1f7f047c81ffb237f7ab9b56/net/bluetooth/l2cap_core.c:2449:29: note: object 'seg_queue' of size 16
 2449 |         struct sk_buff_head seg_queue;
      |                             ^~~~~~~~~
  CC      drivers/battery/max77804_charger.o
  CC      crypto/eseqiv.o
  CC      mm/msync.o
/home/pmos/build/src/android_kernel_samsung_k3gxx-2f78dde45cd08d9f1f7f047c81ffb237f7ab9b56/drivers/battery/max77804_charger.c: In function 'sec_chg_set_property':
/home/pmos/build/src/android_kernel_samsung_k3gxx-2f78dde45cd08d9f1f7f047c81ffb237f7ab9b56/drivers/battery/max77804_charger.c:960:25: warning: this 'if' clause does not guard... [-Wmisleading-indentation]
  960 |                         if (set_charging_current > 0 &&
      |                         ^~
/home/pmos/build/src/android_kernel_samsung_k3gxx-2f78dde45cd08d9f1f7f047c81ffb237f7ab9b56/drivers/battery/max77804_charger.c:964:33: note: ...this statement, but the latter is misleadingly indented as if it were guarded by the 'if'
  964 |                                 set_charging_current_max =
      |                                 ^~~~~~~~~~~~~~~~~~~~~~~~
  CC      net/bluetooth/l2cap_sock.o
  CC      drivers/base/attribute_container.o
  LD      block/partitions/built-in.o
  CC      fs/statfs.o
  LD      security/selinux/built-in.o
  CC      sound/core/misc.o
  CC      block/noop-iosched.o
  CC      kernel/srcu.o
  CC      mm/rmap.o
  CC      drivers/base/transport_class.o
  CC      security/commoncap.o
  CC      sound/core/device.o
  LD      drivers/battery/built-in.o
  CC      net/bluetooth/smp.o
  CC      fs/buffer.o
  AS      firmware/tsp_synaptics/synaptics_s5100_a3_kq_WQHD.fw.gen.o
  CC      kernel/semaphore.o
  CC      crypto/seqiv.o
  CC      drivers/base/topology.o
  CC      kernel/notifier.o
  CC      security/min_addr.o
  CC      block/deadline-iosched.o
  CC      sound/core/jack.o
  CC      mm/vmalloc.o
  LD      crypto/crypto_hash.o
  CC      drivers/base/devtmpfs.o
  CC      security/security.o
  CC      fs/bio.o
  CC      crypto/pcompress.o
  CC      net/bluetooth/sco.o
  LD      sound/core/snd.o
  CC      kernel/ksysfs.o
  CC      block/cfq-iosched.o
  CC      mm/pagewalk.o
  LD      sound/core/snd-hwdep.o
  CC      drivers/base/dma-contiguous.o
  LD      sound/core/snd-timer.o
  LD      crypto/cryptomgr.o
  CC      net/core/sock.o
  LD      sound/core/snd-pcm.o
  CC      crypto/hmac.o
  CC      net/bluetooth/lib.o
  CC      security/capability.o
  LD      block/built-in.o
  CC      kernel/cred.o
  CC      fs/block_dev.o
  CC      mm/pgtable-generic.o
  LD      sound/core/snd-page-alloc.o
  CC      drivers/base/power/sysfs.o
  CC      security/lsm_audit.o
  LD      sound/core/snd-rawmidi.o
  CC      mm/process_vm_access.o
  CC      net/bluetooth/a2mp.o
  LD      sound/core/snd-compress.o
  CC      kernel/async.o
  CC      drivers/base/power/generic_ops.o
  LD      sound/core/built-in.o
  CC      mm/init-mm.o
  CC      fs/direct-io.o
  CC      crypto/crypto_null.o
  CC      crypto/md5.o
  CC      drivers/base/power/common.o
  LD      security/built-in.o
  CC      mm/bootmem.o
  CC      net/core/request_sock.o
  AS      firmware/tsp_synaptics/synaptics_s5100_a3_l_WQHD.fw.gen.o
  CC      kernel/range.o
  CC      net/bluetooth/amp.o
  LD      sound/i2c/other/built-in.o
  CC      fs/mpage.o
  LD      sound/i2c/built-in.o
  CC      crypto/sha1_generic.o
  CC      drivers/base/power/qos.o
  CC      net/ethernet/eth.o
  CC      kernel/groups.o
  CC      net/core/skbuff.o
  CC      mm/memblock.o
  CC      fs/ioprio.o
/home/pmos/build/src/android_kernel_samsung_k3gxx-2f78dde45cd08d9f1f7f047c81ffb237f7ab9b56/net/ethernet/eth.c: In function 'eth_type_trans':
/home/pmos/build/src/android_kernel_samsung_k3gxx-2f78dde45cd08d9f1f7f047c81ffb237f7ab9b56/net/ethernet/eth.c:167:21: warning: 'ether_addr_equal_64bits' reading 8 bytes from a region of size 6 [-Wstringop-overread]
  167 |                 if (ether_addr_equal_64bits(eth->h_dest, dev->broadcast))
      |                     ^~~~~~~~~~~~~~~~~~~~~~~~~~~~~~~~~~~~~~~~~~~~~~~~~~~~
/home/pmos/build/src/android_kernel_samsung_k3gxx-2f78dde45cd08d9f1f7f047c81ffb237f7ab9b56/net/ethernet/eth.c:167:21: note: referencing argument 1 of type 'const u8[8]' {aka 'const unsigned char[8]'}
/home/pmos/build/src/android_kernel_samsung_k3gxx-2f78dde45cd08d9f1f7f047c81ffb237f7ab9b56/net/ethernet/eth.c:167:21: note: referencing argument 2 of type 'const u8[8]' {aka 'const unsigned char[8]'}
In file included from /home/pmos/build/src/android_kernel_samsung_k3gxx-2f78dde45cd08d9f1f7f047c81ffb237f7ab9b56/net/ethernet/eth.c:50:
/home/pmos/build/src/android_kernel_samsung_k3gxx-2f78dde45cd08d9f1f7f047c81ffb237f7ab9b56/include/linux/etherdevice.h:253:20: note: in a call to function 'ether_addr_equal_64bits'
  253 | static inline bool ether_addr_equal_64bits(const u8 addr1[6+2],
      |                    ^~~~~~~~~~~~~~~~~~~~~~~
In file included from /home/pmos/build/src/android_kernel_samsung_k3gxx-2f78dde45cd08d9f1f7f047c81ffb237f7ab9b56/include/uapi/linux/stddef.h:1,
                 from /home/pmos/build/src/android_kernel_samsung_k3gxx-2f78dde45cd08d9f1f7f047c81ffb237f7ab9b56/include/linux/stddef.h:4,
                 from /home/pmos/build/src/android_kernel_samsung_k3gxx-2f78dde45cd08d9f1f7f047c81ffb237f7ab9b56/include/uapi/linux/posix_types.h:4,
                 from /home/pmos/build/src/android_kernel_samsung_k3gxx-2f78dde45cd08d9f1f7f047c81ffb237f7ab9b56/include/uapi/linux/types.h:13,
                 from /home/pmos/build/src/android_kernel_samsung_k3gxx-2f78dde45cd08d9f1f7f047c81ffb237f7ab9b56/include/linux/types.h:5,
                 from /home/pmos/build/src/android_kernel_samsung_k3gxx-2f78dde45cd08d9f1f7f047c81ffb237f7ab9b56/include/linux/list.h:4,
                 from /home/pmos/build/src/android_kernel_samsung_k3gxx-2f78dde45cd08d9f1f7f047c81ffb237f7ab9b56/include/linux/module.h:9,
                 from /home/pmos/build/src/android_kernel_samsung_k3gxx-2f78dde45cd08d9f1f7f047c81ffb237f7ab9b56/net/ethernet/eth.c:40:
/home/pmos/build/src/android_kernel_samsung_k3gxx-2f78dde45cd08d9f1f7f047c81ffb237f7ab9b56/net/ethernet/eth.c:182:31: warning: 'ether_addr_equal_64bits' reading 8 bytes from a region of size 6 [-Wstringop-overread]
  182 |                 if (unlikely(!ether_addr_equal_64bits(eth->h_dest,
      |                               ^~~~~~~~~~~~~~~~~~~~~~~~~~~~~~~~~~~~
  183 |                                                       dev->dev_addr)))
      |                                                       ~~~~~~~~~~~~~~
/home/pmos/build/src/android_kernel_samsung_k3gxx-2f78dde45cd08d9f1f7f047c81ffb237f7ab9b56/include/linux/compiler.h:153:45: note: in definition of macro 'unlikely'
  153 | # define unlikely(x)    __builtin_expect(!!(x), 0)
      |                                             ^
/home/pmos/build/src/android_kernel_samsung_k3gxx-2f78dde45cd08d9f1f7f047c81ffb237f7ab9b56/net/ethernet/eth.c:182:31: note: referencing argument 1 of type 'const u8[8]' {aka 'const unsigned char[8]'}
  182 |                 if (unlikely(!ether_addr_equal_64bits(eth->h_dest,
      |                               ^~~~~~~~~~~~~~~~~~~~~~~~~~~~~~~~~~~~
  183 |                                                       dev->dev_addr)))
      |                                                       ~~~~~~~~~~~~~~
/home/pmos/build/src/android_kernel_samsung_k3gxx-2f78dde45cd08d9f1f7f047c81ffb237f7ab9b56/include/linux/compiler.h:153:45: note: in definition of macro 'unlikely'
  153 | # define unlikely(x)    __builtin_expect(!!(x), 0)
      |                                             ^
/home/pmos/build/src/android_kernel_samsung_k3gxx-2f78dde45cd08d9f1f7f047c81ffb237f7ab9b56/net/ethernet/eth.c:182:31: note: referencing argument 2 of type 'const u8[8]' {aka 'const unsigned char[8]'}
  182 |                 if (unlikely(!ether_addr_equal_64bits(eth->h_dest,
      |                               ^~~~~~~~~~~~~~~~~~~~~~~~~~~~~~~~~~~~
  183 |                                                       dev->dev_addr)))
      |                                                       ~~~~~~~~~~~~~~
/home/pmos/build/src/android_kernel_samsung_k3gxx-2f78dde45cd08d9f1f7f047c81ffb237f7ab9b56/include/linux/compiler.h:153:45: note: in definition of macro 'unlikely'
  153 | # define unlikely(x)    __builtin_expect(!!(x), 0)
      |                                             ^
/home/pmos/build/src/android_kernel_samsung_k3gxx-2f78dde45cd08d9f1f7f047c81ffb237f7ab9b56/include/linux/etherdevice.h:253:20: note: in a call to function 'ether_addr_equal_64bits'
  253 | static inline bool ether_addr_equal_64bits(const u8 addr1[6+2],
      |                    ^~~~~~~~~~~~~~~~~~~~~~~
  CC      crypto/sha256_generic.o
  CC      drivers/base/power/main.o
  CC      net/bluetooth/hidp/core.o
  CC      mm/bounce.o
  LD      sound/isa/ad1816a/built-in.o
  CC      fs/proc_namespace.o
/home/pmos/build/src/android_kernel_samsung_k3gxx-2f78dde45cd08d9f1f7f047c81ffb237f7ab9b56/net/bluetooth/hidp/core.c: In function 'hidp_copy_session':
/home/pmos/build/src/android_kernel_samsung_k3gxx-2f78dde45cd08d9f1f7f047c81ffb237f7ab9b56/net/bluetooth/hidp/core.c:88:25: warning: 'strncpy' specified bound 128 equals destination size [-Wstringop-truncation]
   88 |                         strncpy(ci->name, session->input->name, 128);
      |                         ^~~~~~~~~~~~~~~~~~~~~~~~~~~~~~~~~~~~~~~~~~~~
In function 'hidp_setup_hid',
    inlined from 'hidp_session_dev_init' at /home/pmos/build/src/android_kernel_samsung_k3gxx-2f78dde45cd08d9f1f7f047c81ffb237f7ab9b56/net/bluetooth/hidp/core.c:793:9,
    inlined from 'hidp_session_new' at /home/pmos/build/src/android_kernel_samsung_k3gxx-2f78dde45cd08d9f1f7f047c81ffb237f7ab9b56/net/bluetooth/hidp/core.c:907:8,
    inlined from 'hidp_connection_add' at /home/pmos/build/src/android_kernel_samsung_k3gxx-2f78dde45cd08d9f1f7f047c81ffb237f7ab9b56/net/bluetooth/hidp/core.c:1286:8:
/home/pmos/build/src/android_kernel_samsung_k3gxx-2f78dde45cd08d9f1f7f047c81ffb237f7ab9b56/net/bluetooth/hidp/core.c:756:9: warning: 'strncpy' output may be truncated copying 127 bytes from a string of length 127 [-Wstringop-truncation]
  756 |         strncpy(hid->name, req->name, sizeof(req->name) - 1);
      |         ^~~~~~~~~~~~~~~~~~~~~~~~~~~~~~~~~~~~~~~~~~~~~~~~~~~~
  LD      sound/isa/ad1848/built-in.o
  CC      crypto/sha512_generic.o
  CC      drivers/base/power/wakeup.o
  CC      fs/configfs/inode.o
  CC      net/bluetooth/hidp/sock.o
  LD      sound/isa/cs423x/built-in.o
  CC      mm/page_io.o
  CC      crypto/gf128mul.o
  LD      sound/isa/es1688/built-in.o
  CC      drivers/base/power/runtime.o
  CC      crypto/ecb.o
  LD      sound/isa/galaxy/built-in.o
  LD      net/bluetooth/hidp/hidp.o
  LD      net/bluetooth/hidp/built-in.o
  LD      sound/isa/gus/built-in.o
  CC      drivers/base/power/opp.o
  LD      net/bluetooth/bluetooth.o
  LD      sound/isa/msnd/built-in.o
  CC      fs/configfs/file.o
  CC      drivers/base/power/domain.o
  CC      mm/swap_state.o
  CC      crypto/cbc.o
  LD      net/ethernet/built-in.o
  LD      sound/isa/opti9xx/built-in.o
  AS      firmware/tsp_synaptics/synaptics_s5100_a3_k_FHD.fw.gen.o
  LD      net/bluetooth/built-in.o
  CC      kernel/lglock.o
  CC      net/core/iovec.o
  CC      drivers/base/regmap/regmap.o
  CC      fs/configfs/dir.o
  LD      sound/isa/sb/built-in.o
  CC      drivers/base/power/domain_governor.o
  CC      net/ipv4/route.o
  CC      mm/swapfile.o
  CC      fs/configfs/symlink.o
  LD      sound/isa/wavefront/built-in.o
In function 'fill_item_path',
    inlined from 'configfs_get_target_path' at /home/pmos/build/src/android_kernel_samsung_k3gxx-2f78dde45cd08d9f1f7f047c81ffb237f7ab9b56/fs/configfs/symlink.c:251:2,
    inlined from 'configfs_getlink' at /home/pmos/build/src/android_kernel_samsung_k3gxx-2f78dde45cd08d9f1f7f047c81ffb237f7ab9b56/fs/configfs/symlink.c:273:10,
    inlined from 'configfs_follow_link' at /home/pmos/build/src/android_kernel_samsung_k3gxx-2f78dde45cd08d9f1f7f047c81ffb237f7ab9b56/fs/configfs/symlink.c:288:11:
/home/pmos/build/src/android_kernel_samsung_k3gxx-2f78dde45cd08d9f1f7f047c81ffb237f7ab9b56/fs/configfs/symlink.c:67:17: warning: 'strncpy' specified bound depends on the length of the source argument [-Wstringop-truncation]
   67 |                 strncpy(buffer + length,config_item_name(p),cur);
      |                 ^~~~~~~~~~~~~~~~~~~~~~~~~~~~~~~~~~~~~~~~~~~~~~~~
/home/pmos/build/src/android_kernel_samsung_k3gxx-2f78dde45cd08d9f1f7f047c81ffb237f7ab9b56/fs/configfs/symlink.c:63:27: note: length computed here
   63 |                 int cur = strlen(config_item_name(p));
      |                           ^~~~~~~~~~~~~~~~~~~~~~~~~~~
  CC      kernel/smpboot.o
  CC      drivers/base/power/clock_ops.o
  CC      drivers/base/regmap/regcache.o
  LD      sound/mips/built-in.o
  CC      crypto/xts.o
  CC      net/core/datagram.o
  CC      fs/configfs/mount.o
  LD      sound/isa/wss/built-in.o
  CC      drivers/base/regmap/regcache-rbtree.o
/home/pmos/build/src/android_kernel_samsung_k3gxx-2f78dde45cd08d9f1f7f047c81ffb237f7ab9b56/crypto/xts.c:337:13: warning: conflicting types for built-in function 'free'; expected 'void(void *)' [-Wbuiltin-declaration-mismatch]
  337 | static void free(struct crypto_instance *inst)
      |             ^~~~
/home/pmos/build/src/android_kernel_samsung_k3gxx-2f78dde45cd08d9f1f7f047c81ffb237f7ab9b56/crypto/xts.c:27:1: note: 'free' is declared in header '<stdlib.h>'
   26 | #include <crypto/gf128mul.h>
  +++ |+#include <stdlib.h>
   27 | 
  CC      mm/frontswap.o
  CC      net/ipv4/inetpeer.o
  LD      sound/isa/built-in.o
/home/pmos/build/src/android_kernel_samsung_k3gxx-2f78dde45cd08d9f1f7f047c81ffb237f7ab9b56/drivers/base/regmap/regcache-rbtree.c:34:1: warning: alignment 1 of 'struct regcache_rbtree_node' is less than 4 [-Wpacked-not-aligned]
   34 | } __attribute__ ((packed));
      | ^
/home/pmos/build/src/android_kernel_samsung_k3gxx-2f78dde45cd08d9f1f7f047c81ffb237f7ab9b56/drivers/base/regmap/regcache-rbtree.c: In function 'regcache_rbtree_insert':
/home/pmos/build/src/android_kernel_samsung_k3gxx-2f78dde45cd08d9f1f7f047c81ffb237f7ab9b56/drivers/base/regmap/regcache-rbtree.c:127:22: warning: taking address of packed member of 'struct regcache_rbtree_node' may result in an unaligned pointer value [-Waddress-of-packed-member]
  127 |         rb_link_node(&rbnode->node, parent, new);
      |                      ^~~~~~~~~~~~~
/home/pmos/build/src/android_kernel_samsung_k3gxx-2f78dde45cd08d9f1f7f047c81ffb237f7ab9b56/drivers/base/regmap/regcache-rbtree.c:128:25: warning: taking address of packed member of 'struct regcache_rbtree_node' may result in an unaligned pointer value [-Waddress-of-packed-member]
  128 |         rb_insert_color(&rbnode->node, root);
      |                         ^~~~~~~~~~~~~
/home/pmos/build/src/android_kernel_samsung_k3gxx-2f78dde45cd08d9f1f7f047c81ffb237f7ab9b56/drivers/base/regmap/regcache-rbtree.c: In function 'regcache_rbtree_exit':
/home/pmos/build/src/android_kernel_samsung_k3gxx-2f78dde45cd08d9f1f7f047c81ffb237f7ab9b56/drivers/base/regmap/regcache-rbtree.c:246:32: warning: taking address of packed member of 'struct regcache_rbtree_node' may result in an unaligned pointer value [-Waddress-of-packed-member]
  246 |                 next = rb_next(&rbtree_node->node);
      |                                ^~~~~~~~~~~~~~~~~~
/home/pmos/build/src/android_kernel_samsung_k3gxx-2f78dde45cd08d9f1f7f047c81ffb237f7ab9b56/drivers/base/regmap/regcache-rbtree.c:247:26: warning: taking address of packed member of 'struct regcache_rbtree_node' may result in an unaligned pointer value [-Waddress-of-packed-member]
  247 |                 rb_erase(&rbtree_node->node, &rbtree_ctx->root);
      |                          ^~~~~~~~~~~~~~~~~~
  AS      firmware/tsp_synaptics/synaptics_5710_chagall.fw.gen.o
  CC      crypto/ctr.o
  CC      kernel/cpu/idle.o
  CC      fs/configfs/item.o
  CC      drivers/base/regmap/regcache-lzo.o
  CC      net/core/stream.o
  CC      mm/zswap.o
  LD      drivers/base/power/built-in.o
  CC      crypto/gcm.o
  LD      sound/parisc/built-in.o
  CC      net/ipv4/protocol.o
  LD      kernel/cpu/built-in.o
  CC      drivers/base/dma-mapping.o
  LD      fs/configfs/configfs.o
  CC      mm/dmapool.o
  LD      fs/configfs/built-in.o
  CC      drivers/base/regmap/regcache-flat.o
  CC      kernel/irq/irqdesc.o
  CC      net/core/scm.o
  CC      crypto/des_generic.o
  LD      firmware/built-in.o
  CC      mm/slub.o
  CC      drivers/base/regmap/regmap-debugfs.o
  CC      fs/cramfs/inode.o
  CC      net/ipv4/ip_input.o
  CC      drivers/base/regmap/regmap-i2c.o
  CC      fs/debugfs/inode.o
  CC      net/ipv6/af_inet6.o
  CC      kernel/irq/handle.o
  CC      crypto/twofish_generic.o
  LD      sound/pcmcia/pdaudiocf/built-in.o
  CC      net/core/gen_stats.o
/home/pmos/build/src/android_kernel_samsung_k3gxx-2f78dde45cd08d9f1f7f047c81ffb237f7ab9b56/net/ipv6/af_inet6.c: In function 'ipv6_cleanup_mibs':
/home/pmos/build/src/android_kernel_samsung_k3gxx-2f78dde45cd08d9f1f7f047c81ffb237f7ab9b56/net/ipv6/af_inet6.c:798:9: warning: 'snmp_mib_free' accessing 8 bytes in a region of size 4 [-Wstringop-overflow=]
  798 |         snmp_mib_free((void __percpu **)net->mib.udp_stats_in6);
      |         ^~~~~~~~~~~~~~~~~~~~~~~~~~~~~~~~~~~~~~~~~~~~~~~~~~~~~~~
/home/pmos/build/src/android_kernel_samsung_k3gxx-2f78dde45cd08d9f1f7f047c81ffb237f7ab9b56/net/ipv6/af_inet6.c:798:9: note: referencing argument 1 of type 'void *[2]'
In file included from /home/pmos/build/src/android_kernel_samsung_k3gxx-2f78dde45cd08d9f1f7f047c81ffb237f7ab9b56/net/ipv6/af_inet6.c:47:
/home/pmos/build/src/android_kernel_samsung_k3gxx-2f78dde45cd08d9f1f7f047c81ffb237f7ab9b56/include/net/ip.h:199:13: note: in a call to function 'snmp_mib_free'
  199 | extern void snmp_mib_free(void __percpu *ptr[2]);
      |             ^~~~~~~~~~~~~
/home/pmos/build/src/android_kernel_samsung_k3gxx-2f78dde45cd08d9f1f7f047c81ffb237f7ab9b56/net/ipv6/af_inet6.c:799:9: warning: 'snmp_mib_free' accessing 8 bytes in a region of size 4 [-Wstringop-overflow=]
  799 |         snmp_mib_free((void __percpu **)net->mib.udplite_stats_in6);
      |         ^~~~~~~~~~~~~~~~~~~~~~~~~~~~~~~~~~~~~~~~~~~~~~~~~~~~~~~~~~~
/home/pmos/build/src/android_kernel_samsung_k3gxx-2f78dde45cd08d9f1f7f047c81ffb237f7ab9b56/net/ipv6/af_inet6.c:799:9: note: referencing argument 1 of type 'void *[2]'
/home/pmos/build/src/android_kernel_samsung_k3gxx-2f78dde45cd08d9f1f7f047c81ffb237f7ab9b56/include/net/ip.h:199:13: note: in a call to function 'snmp_mib_free'
  199 | extern void snmp_mib_free(void __percpu *ptr[2]);
      |             ^~~~~~~~~~~~~
/home/pmos/build/src/android_kernel_samsung_k3gxx-2f78dde45cd08d9f1f7f047c81ffb237f7ab9b56/net/ipv6/af_inet6.c:800:9: warning: 'snmp_mib_free' accessing 8 bytes in a region of size 4 [-Wstringop-overflow=]
  800 |         snmp_mib_free((void __percpu **)net->mib.ipv6_statistics);
      |         ^~~~~~~~~~~~~~~~~~~~~~~~~~~~~~~~~~~~~~~~~~~~~~~~~~~~~~~~~
/home/pmos/build/src/android_kernel_samsung_k3gxx-2f78dde45cd08d9f1f7f047c81ffb237f7ab9b56/net/ipv6/af_inet6.c:800:9: note: referencing argument 1 of type 'void *[2]'
/home/pmos/build/src/android_kernel_samsung_k3gxx-2f78dde45cd08d9f1f7f047c81ffb237f7ab9b56/include/net/ip.h:199:13: note: in a call to function 'snmp_mib_free'
  199 | extern void snmp_mib_free(void __percpu *ptr[2]);
      |             ^~~~~~~~~~~~~
/home/pmos/build/src/android_kernel_samsung_k3gxx-2f78dde45cd08d9f1f7f047c81ffb237f7ab9b56/net/ipv6/af_inet6.c:801:9: warning: 'snmp_mib_free' accessing 8 bytes in a region of size 4 [-Wstringop-overflow=]
  801 |         snmp_mib_free((void __percpu **)net->mib.icmpv6_statistics);
      |         ^~~~~~~~~~~~~~~~~~~~~~~~~~~~~~~~~~~~~~~~~~~~~~~~~~~~~~~~~~~
/home/pmos/build/src/android_kernel_samsung_k3gxx-2f78dde45cd08d9f1f7f047c81ffb237f7ab9b56/net/ipv6/af_inet6.c:801:9: note: referencing argument 1 of type 'void *[2]'
/home/pmos/build/src/android_kernel_samsung_k3gxx-2f78dde45cd08d9f1f7f047c81ffb237f7ab9b56/include/net/ip.h:199:13: note: in a call to function 'snmp_mib_free'
  199 | extern void snmp_mib_free(void __percpu *ptr[2]);
      |             ^~~~~~~~~~~~~
/home/pmos/build/src/android_kernel_samsung_k3gxx-2f78dde45cd08d9f1f7f047c81ffb237f7ab9b56/net/ipv6/af_inet6.c: In function 'ipv6_init_mibs':
/home/pmos/build/src/android_kernel_samsung_k3gxx-2f78dde45cd08d9f1f7f047c81ffb237f7ab9b56/net/ipv6/af_inet6.c:763:13: warning: 'snmp_mib_init' accessing 8 bytes in a region of size 4 [-Wstringop-overflow=]
  763 |         if (snmp_mib_init((void __percpu **)net->mib.udp_stats_in6,
      |             ^~~~~~~~~~~~~~~~~~~~~~~~~~~~~~~~~~~~~~~~~~~~~~~~~~~~~~~
  764 |                           sizeof(struct udp_mib),
      |                           ~~~~~~~~~~~~~~~~~~~~~~~
  765 |                           __alignof__(struct udp_mib)) < 0)
      |                           ~~~~~~~~~~~~~~~~~~~~~~~~~~~~
/home/pmos/build/src/android_kernel_samsung_k3gxx-2f78dde45cd08d9f1f7f047c81ffb237f7ab9b56/net/ipv6/af_inet6.c:763:13: note: referencing argument 1 of type 'void *[2]'
/home/pmos/build/src/android_kernel_samsung_k3gxx-2f78dde45cd08d9f1f7f047c81ffb237f7ab9b56/include/net/ip.h:198:12: note: in a call to function 'snmp_mib_init'
  198 | extern int snmp_mib_init(void __percpu *ptr[2], size_t mibsize, size_t align);
      |            ^~~~~~~~~~~~~
/home/pmos/build/src/android_kernel_samsung_k3gxx-2f78dde45cd08d9f1f7f047c81ffb237f7ab9b56/net/ipv6/af_inet6.c:767:13: warning: 'snmp_mib_init' accessing 8 bytes in a region of size 4 [-Wstringop-overflow=]
  767 |         if (snmp_mib_init((void __percpu **)net->mib.udplite_stats_in6,
      |             ^~~~~~~~~~~~~~~~~~~~~~~~~~~~~~~~~~~~~~~~~~~~~~~~~~~~~~~~~~~
  768 |                           sizeof(struct udp_mib),
      |                           ~~~~~~~~~~~~~~~~~~~~~~~
  769 |                           __alignof__(struct udp_mib)) < 0)
      |                           ~~~~~~~~~~~~~~~~~~~~~~~~~~~~
/home/pmos/build/src/android_kernel_samsung_k3gxx-2f78dde45cd08d9f1f7f047c81ffb237f7ab9b56/net/ipv6/af_inet6.c:767:13: note: referencing argument 1 of type 'void *[2]'
/home/pmos/build/src/android_kernel_samsung_k3gxx-2f78dde45cd08d9f1f7f047c81ffb237f7ab9b56/include/net/ip.h:198:12: note: in a call to function 'snmp_mib_init'
  198 | extern int snmp_mib_init(void __percpu *ptr[2], size_t mibsize, size_t align);
      |            ^~~~~~~~~~~~~
/home/pmos/build/src/android_kernel_samsung_k3gxx-2f78dde45cd08d9f1f7f047c81ffb237f7ab9b56/net/ipv6/af_inet6.c:771:13: warning: 'snmp_mib_init' accessing 8 bytes in a region of size 4 [-Wstringop-overflow=]
  771 |         if (snmp_mib_init((void __percpu **)net->mib.ipv6_statistics,
      |             ^~~~~~~~~~~~~~~~~~~~~~~~~~~~~~~~~~~~~~~~~~~~~~~~~~~~~~~~~
  772 |                           sizeof(struct ipstats_mib),
      |                           ~~~~~~~~~~~~~~~~~~~~~~~~~~~
  773 |                           __alignof__(struct ipstats_mib)) < 0)
      |                           ~~~~~~~~~~~~~~~~~~~~~~~~~~~~~~~~
/home/pmos/build/src/android_kernel_samsung_k3gxx-2f78dde45cd08d9f1f7f047c81ffb237f7ab9b56/net/ipv6/af_inet6.c:771:13: note: referencing argument 1 of type 'void *[2]'
/home/pmos/build/src/android_kernel_samsung_k3gxx-2f78dde45cd08d9f1f7f047c81ffb237f7ab9b56/include/net/ip.h:198:12: note: in a call to function 'snmp_mib_init'
  198 | extern int snmp_mib_init(void __percpu *ptr[2], size_t mibsize, size_t align);
      |            ^~~~~~~~~~~~~
/home/pmos/build/src/android_kernel_samsung_k3gxx-2f78dde45cd08d9f1f7f047c81ffb237f7ab9b56/net/ipv6/af_inet6.c:775:13: warning: 'snmp_mib_init' accessing 8 bytes in a region of size 4 [-Wstringop-overflow=]
  775 |         if (snmp_mib_init((void __percpu **)net->mib.icmpv6_statistics,
      |             ^~~~~~~~~~~~~~~~~~~~~~~~~~~~~~~~~~~~~~~~~~~~~~~~~~~~~~~~~~~
  776 |                           sizeof(struct icmpv6_mib),
      |                           ~~~~~~~~~~~~~~~~~~~~~~~~~~
  777 |                           __alignof__(struct icmpv6_mib)) < 0)
      |                           ~~~~~~~~~~~~~~~~~~~~~~~~~~~~~~~
/home/pmos/build/src/android_kernel_samsung_k3gxx-2f78dde45cd08d9f1f7f047c81ffb237f7ab9b56/net/ipv6/af_inet6.c:775:13: note: referencing argument 1 of type 'void *[2]'
/home/pmos/build/src/android_kernel_samsung_k3gxx-2f78dde45cd08d9f1f7f047c81ffb237f7ab9b56/include/net/ip.h:198:12: note: in a call to function 'snmp_mib_init'
  198 | extern int snmp_mib_init(void __percpu *ptr[2], size_t mibsize, size_t align);
      |            ^~~~~~~~~~~~~
/home/pmos/build/src/android_kernel_samsung_k3gxx-2f78dde45cd08d9f1f7f047c81ffb237f7ab9b56/net/ipv6/af_inet6.c:786:9: warning: 'snmp_mib_free' accessing 8 bytes in a region of size 4 [-Wstringop-overflow=]
  786 |         snmp_mib_free((void __percpu **)net->mib.icmpv6_statistics);
      |         ^~~~~~~~~~~~~~~~~~~~~~~~~~~~~~~~~~~~~~~~~~~~~~~~~~~~~~~~~~~
/home/pmos/build/src/android_kernel_samsung_k3gxx-2f78dde45cd08d9f1f7f047c81ffb237f7ab9b56/net/ipv6/af_inet6.c:786:9: note: referencing argument 1 of type 'void *[2]'
/home/pmos/build/src/android_kernel_samsung_k3gxx-2f78dde45cd08d9f1f7f047c81ffb237f7ab9b56/include/net/ip.h:199:13: note: in a call to function 'snmp_mib_free'
  199 | extern void snmp_mib_free(void __percpu *ptr[2]);
      |             ^~~~~~~~~~~~~
/home/pmos/build/src/android_kernel_samsung_k3gxx-2f78dde45cd08d9f1f7f047c81ffb237f7ab9b56/net/ipv6/af_inet6.c:788:9: warning: 'snmp_mib_free' accessing 8 bytes in a region of size 4 [-Wstringop-overflow=]
  788 |         snmp_mib_free((void __percpu **)net->mib.ipv6_statistics);
      |         ^~~~~~~~~~~~~~~~~~~~~~~~~~~~~~~~~~~~~~~~~~~~~~~~~~~~~~~~~
/home/pmos/build/src/android_kernel_samsung_k3gxx-2f78dde45cd08d9f1f7f047c81ffb237f7ab9b56/net/ipv6/af_inet6.c:788:9: note: referencing argument 1 of type 'void *[2]'
/home/pmos/build/src/android_kernel_samsung_k3gxx-2f78dde45cd08d9f1f7f047c81ffb237f7ab9b56/include/net/ip.h:199:13: note: in a call to function 'snmp_mib_free'
  199 | extern void snmp_mib_free(void __percpu *ptr[2]);
      |             ^~~~~~~~~~~~~
/home/pmos/build/src/android_kernel_samsung_k3gxx-2f78dde45cd08d9f1f7f047c81ffb237f7ab9b56/net/ipv6/af_inet6.c:790:9: warning: 'snmp_mib_free' accessing 8 bytes in a region of size 4 [-Wstringop-overflow=]
  790 |         snmp_mib_free((void __percpu **)net->mib.udplite_stats_in6);
      |         ^~~~~~~~~~~~~~~~~~~~~~~~~~~~~~~~~~~~~~~~~~~~~~~~~~~~~~~~~~~
/home/pmos/build/src/android_kernel_samsung_k3gxx-2f78dde45cd08d9f1f7f047c81ffb237f7ab9b56/net/ipv6/af_inet6.c:790:9: note: referencing argument 1 of type 'void *[2]'
/home/pmos/build/src/android_kernel_samsung_k3gxx-2f78dde45cd08d9f1f7f047c81ffb237f7ab9b56/include/net/ip.h:199:13: note: in a call to function 'snmp_mib_free'
  199 | extern void snmp_mib_free(void __percpu *ptr[2]);
      |             ^~~~~~~~~~~~~
/home/pmos/build/src/android_kernel_samsung_k3gxx-2f78dde45cd08d9f1f7f047c81ffb237f7ab9b56/net/ipv6/af_inet6.c:792:9: warning: 'snmp_mib_free' accessing 8 bytes in a region of size 4 [-Wstringop-overflow=]
  792 |         snmp_mib_free((void __percpu **)net->mib.udp_stats_in6);
      |         ^~~~~~~~~~~~~~~~~~~~~~~~~~~~~~~~~~~~~~~~~~~~~~~~~~~~~~~
/home/pmos/build/src/android_kernel_samsung_k3gxx-2f78dde45cd08d9f1f7f047c81ffb237f7ab9b56/net/ipv6/af_inet6.c:792:9: note: referencing argument 1 of type 'void *[2]'
/home/pmos/build/src/android_kernel_samsung_k3gxx-2f78dde45cd08d9f1f7f047c81ffb237f7ab9b56/include/net/ip.h:199:13: note: in a call to function 'snmp_mib_free'
  199 | extern void snmp_mib_free(void __percpu *ptr[2]);
      |             ^~~~~~~~~~~~~
  CC      fs/cramfs/uncompress.o
  CC      mm/migrate.o
  CC      drivers/base/regmap/regmap-spi.o
  CC      net/ipv6/anycast.o
  LD      sound/pcmcia/vx/built-in.o
  CC      crypto/twofish_common.o
  CC      fs/debugfs/file.o
  LD      sound/pci/ac97/built-in.o
  CC      kernel/irq/manage.o
  LD      sound/pcmcia/built-in.o
  LD      fs/cramfs/cramfs.o
  LD      fs/cramfs/built-in.o
  CC      net/core/gen_estimator.o
  CC      net/ipv4/ip_fragment.o
/home/pmos/build/src/android_kernel_samsung_k3gxx-2f78dde45cd08d9f1f7f047c81ffb237f7ab9b56/kernel/irq/manage.c: In function 'irq_thread_check_affinity':
/home/pmos/build/src/android_kernel_samsung_k3gxx-2f78dde45cd08d9f1f7f047c81ffb237f7ab9b56/kernel/irq/manage.c:755:13: warning: the comparison will always evaluate as 'true' for the address of 'affinity' will never be NULL [-Waddress]
  755 |         if (desc->irq_data.affinity)
      |             ^~~~
In file included from /home/pmos/build/src/android_kernel_samsung_k3gxx-2f78dde45cd08d9f1f7f047c81ffb237f7ab9b56/kernel/irq/manage.c:12:
/home/pmos/build/src/android_kernel_samsung_k3gxx-2f78dde45cd08d9f1f7f047c81ffb237f7ab9b56/include/linux/irq.h:150:33: note: 'affinity' declared here
  150 |         cpumask_var_t           affinity;
      |                                 ^~~~~~~~
  CC      drivers/base/regmap/regmap-irq.o
  LD      sound/pci/ali5451/built-in.o
  LD      fs/debugfs/debugfs.o
  CC      mm/zsmalloc.o
  CC      kernel/irq/spurious.o
  CC      net/ipv6/ip6_output.o
  CC      net/key/af_key.o
  CC      fs/devpts/inode.o
  CC      crypto/aes_generic.o
  CC      net/core/net_namespace.o
  LD      fs/debugfs/built-in.o
  CC      net/ipv4/ip_forward.o
  LD      sound/pci/asihpi/built-in.o
  CC      kernel/irq/resend.o
  CC      mm/page_isolation.o
  LD      sound/pci/au88x0/built-in.o
  LD      drivers/base/regmap/built-in.o
  CC      net/core/secure_seq.o
  CC      crypto/arc4.o
  LD      net/key/built-in.o
  CC      kernel/power/qos.o
  LD      fs/devpts/devpts.o
  LD      mm/built-in.o
  CC      kernel/irq/chip.o
  LD      sound/pci/aw2/built-in.o
  CC      drivers/base/dma-coherent.o
  LD      fs/devpts/built-in.o
  CC      net/ipv6/ip6_input.o
  CC      net/ipv4/ip_options.o
  CC      net/core/flow_dissector.o
  LD      sound/pci/ca0106/built-in.o
  CC      crypto/deflate.o
  CC      drivers/base/dma-buf.o
  CC      kernel/power/main.o
  LD      sound/pci/cs46xx/built-in.o
  CC      fs/ecryptfs/dentry.o
  CC      net/netfilter/core.o
  LD      sound/pci/cs5535audio/built-in.o
  CC      net/core/sysctl_net_core.o
  CC      kernel/irq/dummychip.o
  CC      net/ipv6/addrconf.o
  CC      net/ipv4/ip_output.o
  CC      drivers/base/firmware_class.o
  CC      crypto/crc32c.o
  CC      kernel/power/console.o
  CC      fs/ecryptfs/file.o
  CC      kernel/irq/devres.o
  LD      sound/pci/ctxfi/built-in.o
/home/pmos/build/src/android_kernel_samsung_k3gxx-2f78dde45cd08d9f1f7f047c81ffb237f7ab9b56/net/ipv6/addrconf.c: In function 'snmp6_free_dev':
/home/pmos/build/src/android_kernel_samsung_k3gxx-2f78dde45cd08d9f1f7f047c81ffb237f7ab9b56/net/ipv6/addrconf.c:320:9: warning: 'snmp_mib_free' accessing 8 bytes in a region of size 4 [-Wstringop-overflow=]
  320 |         snmp_mib_free((void __percpu **)idev->stats.ipv6);
      |         ^~~~~~~~~~~~~~~~~~~~~~~~~~~~~~~~~~~~~~~~~~~~~~~~~
/home/pmos/build/src/android_kernel_samsung_k3gxx-2f78dde45cd08d9f1f7f047c81ffb237f7ab9b56/net/ipv6/addrconf.c:320:9: note: referencing argument 1 of type 'void *[2]'
In file included from /home/pmos/build/src/android_kernel_samsung_k3gxx-2f78dde45cd08d9f1f7f047c81ffb237f7ab9b56/include/net/tcp.h:42,
                 from /home/pmos/build/src/android_kernel_samsung_k3gxx-2f78dde45cd08d9f1f7f047c81ffb237f7ab9b56/net/ipv6/addrconf.c:79:
/home/pmos/build/src/android_kernel_samsung_k3gxx-2f78dde45cd08d9f1f7f047c81ffb237f7ab9b56/include/net/ip.h:199:13: note: in a call to function 'snmp_mib_free'
  199 | extern void snmp_mib_free(void __percpu *ptr[2]);
      |             ^~~~~~~~~~~~~
/home/pmos/build/src/android_kernel_samsung_k3gxx-2f78dde45cd08d9f1f7f047c81ffb237f7ab9b56/net/ipv6/addrconf.c: In function 'snmp6_alloc_dev':
/home/pmos/build/src/android_kernel_samsung_k3gxx-2f78dde45cd08d9f1f7f047c81ffb237f7ab9b56/net/ipv6/addrconf.c:293:13: warning: 'snmp_mib_init' accessing 8 bytes in a region of size 4 [-Wstringop-overflow=]
  293 |         if (snmp_mib_init((void __percpu **)idev->stats.ipv6,
      |             ^~~~~~~~~~~~~~~~~~~~~~~~~~~~~~~~~~~~~~~~~~~~~~~~~
  294 |                           sizeof(struct ipstats_mib),
      |                           ~~~~~~~~~~~~~~~~~~~~~~~~~~~
  295 |                           __alignof__(struct ipstats_mib)) < 0)
      |                           ~~~~~~~~~~~~~~~~~~~~~~~~~~~~~~~~
/home/pmos/build/src/android_kernel_samsung_k3gxx-2f78dde45cd08d9f1f7f047c81ffb237f7ab9b56/net/ipv6/addrconf.c:293:13: note: referencing argument 1 of type 'void *[2]'
/home/pmos/build/src/android_kernel_samsung_k3gxx-2f78dde45cd08d9f1f7f047c81ffb237f7ab9b56/include/net/ip.h:198:12: note: in a call to function 'snmp_mib_init'
  198 | extern int snmp_mib_init(void __percpu *ptr[2], size_t mibsize, size_t align);
      |            ^~~~~~~~~~~~~
/home/pmos/build/src/android_kernel_samsung_k3gxx-2f78dde45cd08d9f1f7f047c81ffb237f7ab9b56/net/ipv6/addrconf.c:311:9: warning: 'snmp_mib_free' accessing 8 bytes in a region of size 4 [-Wstringop-overflow=]
  311 |         snmp_mib_free((void __percpu **)idev->stats.ipv6);
      |         ^~~~~~~~~~~~~~~~~~~~~~~~~~~~~~~~~~~~~~~~~~~~~~~~~
/home/pmos/build/src/android_kernel_samsung_k3gxx-2f78dde45cd08d9f1f7f047c81ffb237f7ab9b56/net/ipv6/addrconf.c:311:9: note: referencing argument 1 of type 'void *[2]'
/home/pmos/build/src/android_kernel_samsung_k3gxx-2f78dde45cd08d9f1f7f047c81ffb237f7ab9b56/include/net/ip.h:199:13: note: in a call to function 'snmp_mib_free'
  199 | extern void snmp_mib_free(void __percpu *ptr[2]);
      |             ^~~~~~~~~~~~~
  CC      net/core/dev.o
  CC      net/netfilter/nf_log.o
  LD      arch/arm/lib/built-in.o
/home/pmos/build/src/android_kernel_samsung_k3gxx-2f78dde45cd08d9f1f7f047c81ffb237f7ab9b56/fs/ecryptfs/file.c: In function 'is_file_name_match':
/home/pmos/build/src/android_kernel_samsung_k3gxx-2f78dde45cd08d9f1f7f047c81ffb237f7ab9b56/fs/ecryptfs/file.c:471:21: warning: the comparison will always evaluate as 'true' for the address of 'enc_filter_name' will never be NULL [-Waddress]
  471 |                 if (!mcs->enc_filter_name[i] ||
      |                     ^
In file included from /home/pmos/build/src/android_kernel_samsung_k3gxx-2f78dde45cd08d9f1f7f047c81ffb237f7ab9b56/fs/ecryptfs/file.c:35:
/home/pmos/build/src/android_kernel_samsung_k3gxx-2f78dde45cd08d9f1f7f047c81ffb237f7ab9b56/fs/ecryptfs/ecryptfs_kernel.h:386:14: note: 'enc_filter_name' declared here
  386 |         char enc_filter_name[ENC_NAME_FILTER_MAX_INSTANCE]
      |              ^~~~~~~~~~~~~~~
/home/pmos/build/src/android_kernel_samsung_k3gxx-2f78dde45cd08d9f1f7f047c81ffb237f7ab9b56/fs/ecryptfs/file.c: In function 'is_file_ext_match':
/home/pmos/build/src/android_kernel_samsung_k3gxx-2f78dde45cd08d9f1f7f047c81ffb237f7ab9b56/fs/ecryptfs/file.c:522:21: warning: the comparison will always evaluate as 'true' for the address of 'enc_filter_ext' will never be NULL [-Waddress]
  522 |                 if (!mcs->enc_filter_ext[i] || !strlen(mcs->enc_filter_ext[i]))
      |                     ^
/home/pmos/build/src/android_kernel_samsung_k3gxx-2f78dde45cd08d9f1f7f047c81ffb237f7ab9b56/fs/ecryptfs/ecryptfs_kernel.h:388:14: note: 'enc_filter_ext' declared here
  388 |         char enc_filter_ext[ENC_EXT_FILTER_MAX_INSTANCE]
      |              ^~~~~~~~~~~~~~
  CC      kernel/irq/generic-chip.o
  LD      sound/pci/echoaudio/built-in.o
  CC      crypto/authenc.o
  CC      net/ipv4/ip_sockglue.o
  AS      arch/arm/lib/ashldi3.o
  CC      kernel/power/process.o
  CC      drivers/base/pinctrl.o
  CC      net/ipv6/addrlabel.o
  LD      sound/pci/emu10k1/built-in.o
  AS      arch/arm/lib/ashrdi3.o
  LD      drivers/base/built-in.o
  LD      sound/pci/hda/built-in.o
  CC      net/core/ethtool.o
  AS      arch/arm/lib/backtrace.o
  CC      kernel/power/suspend.o
  CC      crypto/authencesn.o
  LD      sound/pci/ice1712/built-in.o
  CC      fs/ecryptfs/inode.o
  CC      net/ipv4/inet_hashtables.o
  CC      net/ipv6/route.o
  CC      kernel/irq/autoprobe.o
  AS      arch/arm/lib/call_with_stack.o
  CC      net/netfilter/nf_queue.o
  CC      drivers/block/brd.o
  LD      sound/pci/korg1212/built-in.o
  CC      kernel/irq/irqdomain.o
  AS      arch/arm/lib/changebit.o
  CC      crypto/lzo.o
  CC      kernel/power/autosleep.o
  CC      net/ipv6/ip6_fib.o
  CC      net/netfilter/nf_sockopt.o
  CC      fs/ecryptfs/main.o
  CC      drivers/block/loop.o
  AS      arch/arm/lib/clear_user.o
  CC      net/core/dev_addr_lists.o
  LD      sound/pci/lola/built-in.o
  AS      arch/arm/lib/clearbit.o
  CC      net/ipv4/inet_timewait_sock.o
In function 'ecryptfs_parse_options',
    inlined from 'ecryptfs_mount' at /home/pmos/build/src/android_kernel_samsung_k3gxx-2f78dde45cd08d9f1f7f047c81ffb237f7ab9b56/fs/ecryptfs/main.c:690:7:
/home/pmos/build/src/android_kernel_samsung_k3gxx-2f78dde45cd08d9f1f7f047c81ffb237f7ab9b56/fs/ecryptfs/main.c:529:25: warning: 'strncpy' specified bound 1024 equals destination size [-Wstringop-truncation]
  529 |                         strncpy(label_dst, label_src, ECRYPTFS_LABEL_SIZE);
      |                         ^~~~~~~~~~~~~~~~~~~~~~~~~~~~~~~~~~~~~~~~~~~~~~~~~~
  AS      arch/arm/lib/copy_from_user.o
  CC      kernel/irq/proc.o
  CC      fs/ecryptfs/super.o
  CC      crypto/rng.o
  CC      kernel/power/wakelock.o
  CC      net/core/dst.o
  CC      net/ipv6/ipv6_sockglue.o
  CC      net/netfilter/nf_conntrack_core.o
  AS      arch/arm/lib/copy_page.o
  LD      sound/pci/lx6464es/built-in.o
  CC      kernel/irq/pm.o
  CC      net/ipv4/inet_connection_sock.o
  CC      fs/ecryptfs/mmap.o
  CC      drivers/block/cryptoloop.o
  AS      arch/arm/lib/copy_to_user.o
  CC      kernel/power/suspend_time.o
  LD      sound/pci/mixart/built-in.o
  CC      net/core/netevent.o
  LD      kernel/irq/built-in.o
  CC      net/ipv4/tcp.o
  CC      crypto/krng.o
  CC      net/ipv6/ndisc.o
  CC      net/netfilter/nf_conntrack_standalone.o
  AS      arch/arm/lib/csumipv6.o
  CC      fs/ecryptfs/read_write.o
  LD      sound/pci/nm256/built-in.o
  CC      net/core/neighbour.o
  CC      kernel/power/poweroff.o
/home/pmos/build/src/android_kernel_samsung_k3gxx-2f78dde45cd08d9f1f7f047c81ffb237f7ab9b56/net/ipv4/tcp.c: In function 'do_tcp_setsockopt':
/home/pmos/build/src/android_kernel_samsung_k3gxx-2f78dde45cd08d9f1f7f047c81ffb237f7ab9b56/net/ipv4/tcp.c:2475:17: warning: this 'else' clause does not guard... [-Wmisleading-indentation]
 2475 |                 else
      |                 ^~~~
/home/pmos/build/src/android_kernel_samsung_k3gxx-2f78dde45cd08d9f1f7f047c81ffb237f7ab9b56/net/ipv4/tcp.c:2477:25: note: ...this statement, but the latter is misleadingly indented as if it were guarded by the 'else'
 2477 |                         if (tp->thin_dupack)
      |                         ^~
  AS      arch/arm/lib/csumpartial.o
  LD      sound/pci/oxygen/built-in.o
  LD      drivers/block/built-in.o
  CC      crypto/drbg.o
  LD      sound/pci/pcxhr/built-in.o
  AS      arch/arm/lib/csumpartialcopy.o
  CC      net/core/rtnetlink.o
  CC      net/ipv4/tcp_input.o
  CC      net/ipv6/udp.o
  CC      fs/ecryptfs/crypto.o
  CC      drivers/bluetooth/bcm4354.o
  LD      sound/pci/riptide/built-in.o
  CC      kernel/power/wakeup_reason.o
  AS      arch/arm/lib/csumpartialcopyuser.o
  CC      net/netfilter/nf_conntrack_expect.o
  LD      drivers/bus/built-in.o
  CC      crypto/tcrypt.o
/home/pmos/build/src/android_kernel_samsung_k3gxx-2f78dde45cd08d9f1f7f047c81ffb237f7ab9b56/net/core/rtnetlink.c:1119:32: warning: 'ifla_vf_policy' defined but not used [-Wunused-const-variable=]
 1119 | static const struct nla_policy ifla_vf_policy[IFLA_VF_MAX+1] = {
      |                                ^~~~~~~~~~~~~~
/home/pmos/build/src/android_kernel_samsung_k3gxx-2f78dde45cd08d9f1f7f047c81ffb237f7ab9b56/net/core/rtnetlink.c:1115:32: warning: 'ifla_vfinfo_policy' defined but not used [-Wunused-const-variable=]
 1115 | static const struct nla_policy ifla_vfinfo_policy[IFLA_VF_INFO_MAX+1] = {
      |                                ^~~~~~~~~~~~~~~~~~
/home/pmos/build/src/android_kernel_samsung_k3gxx-2f78dde45cd08d9f1f7f047c81ffb237f7ab9b56/fs/ecryptfs/crypto.c: In function 'ecryptfs_init_crypt_ctx':
/home/pmos/build/src/android_kernel_samsung_k3gxx-2f78dde45cd08d9f1f7f047c81ffb237f7ab9b56/fs/ecryptfs/crypto.c:869:13: warning: the comparison will always evaluate as 'true' for the address of 'cipher' will never be NULL [-Waddress]
  869 |         if (!crypt_stat->cipher) {
      |             ^
In file included from /home/pmos/build/src/android_kernel_samsung_k3gxx-2f78dde45cd08d9f1f7f047c81ffb237f7ab9b56/fs/ecryptfs/crypto.c:38:
/home/pmos/build/src/android_kernel_samsung_k3gxx-2f78dde45cd08d9f1f7f047c81ffb237f7ab9b56/fs/ecryptfs/ecryptfs_kernel.h:268:23: note: 'cipher' declared here
  268 |         unsigned char cipher[ECRYPTFS_MAX_CIPHER_NAME_SIZE];
      |                       ^~~~~~
  LD      sound/pci/rme9652/built-in.o
  CC      fs/ecryptfs/keystore.o
  LD      drivers/bluetooth/built-in.o
/home/pmos/build/src/android_kernel_samsung_k3gxx-2f78dde45cd08d9f1f7f047c81ffb237f7ab9b56/net/netfilter/nf_conntrack_expect.c: In function 'exp_seq_show':
/home/pmos/build/src/android_kernel_samsung_k3gxx-2f78dde45cd08d9f1f7f047c81ffb237f7ab9b56/net/netfilter/nf_conntrack_expect.c:537:21: warning: the comparison will always evaluate as 'true' for the address of 'name' will never be NULL [-Waddress]
  537 |                 if (helper->expect_policy[expect->class].name)
      |                     ^~~~~~
In file included from /home/pmos/build/src/android_kernel_samsung_k3gxx-2f78dde45cd08d9f1f7f047c81ffb237f7ab9b56/include/net/netfilter/nf_conntrack_ecache.h:10,
                 from /home/pmos/build/src/android_kernel_samsung_k3gxx-2f78dde45cd08d9f1f7f047c81ffb237f7ab9b56/include/net/netfilter/nf_conntrack_core.h:18,
                 from /home/pmos/build/src/android_kernel_samsung_k3gxx-2f78dde45cd08d9f1f7f047c81ffb237f7ab9b56/net/netfilter/nf_conntrack_expect.c:29:
/home/pmos/build/src/android_kernel_samsung_k3gxx-2f78dde45cd08d9f1f7f047c81ffb237f7ab9b56/include/net/netfilter/nf_conntrack_expect.h:67:25: note: 'name' declared here
   67 |         char            name[NF_CT_EXP_POLICY_NAME_LEN];
      |                         ^~~~
  AS      arch/arm/lib/delay-loop.o
  CC      net/ipv4/tcp_output.o
  LD      kernel/power/built-in.o
  LD      sound/pci/trident/built-in.o
  CC      net/core/utils.o
  CC      net/ipv6/udplite.o
/home/pmos/build/src/android_kernel_samsung_k3gxx-2f78dde45cd08d9f1f7f047c81ffb237f7ab9b56/fs/ecryptfs/keystore.c: In function 'decrypt_pki_encrypted_session_key':
/home/pmos/build/src/android_kernel_samsung_k3gxx-2f78dde45cd08d9f1f7f047c81ffb237f7ab9b56/fs/ecryptfs/keystore.c:1174:48: warning: taking address of packed member of 'struct ecryptfs_auth_tok' may result in an unaligned pointer value [-Waddress-of-packed-member]
 1174 |         rc = write_tag_64_packet(auth_tok_sig, &(auth_tok->session_key),
      |                                                ^~~~~~~~~~~~~~~~~~~~~~~~
/home/pmos/build/src/android_kernel_samsung_k3gxx-2f78dde45cd08d9f1f7f047c81ffb237f7ab9b56/fs/ecryptfs/keystore.c:1193:34: warning: taking address of packed member of 'struct ecryptfs_auth_tok' may result in an unaligned pointer value [-Waddress-of-packed-member]
 1193 |         rc = parse_tag_65_packet(&(auth_tok->session_key),
      |                                  ^~~~~~~~~~~~~~~~~~~~~~~~
  CC      crypto/ghash-generic.o
  LD      drivers/cdrom/built-in.o
  LD      sound/ppc/built-in.o
  CC      net/netfilter/nf_conntrack_helper.o
  CC      arch/arm/lib/delay.o
  CC      net/netfilter/nf_conntrack_proto.o
  LD      sound/pci/vx222/built-in.o
  CC      kernel/sched/core.o
  CC      crypto/last_file.o
  CC      net/ipv4/tcp_timer.o
  CC      net/core/link_watch.o
In file included from /home/pmos/build/src/android_kernel_samsung_k3gxx-2f78dde45cd08d9f1f7f047c81ffb237f7ab9b56/include/asm-generic/percpu.h:6,
                 from /home/pmos/build/src/android_kernel_samsung_k3gxx-2f78dde45cd08d9f1f7f047c81ffb237f7ab9b56/arch/arm/include/asm/percpu.h:50,
                 from /home/pmos/build/src/android_kernel_samsung_k3gxx-2f78dde45cd08d9f1f7f047c81ffb237f7ab9b56/include/linux/percpu.h:10,
                 from /home/pmos/build/src/android_kernel_samsung_k3gxx-2f78dde45cd08d9f1f7f047c81ffb237f7ab9b56/include/linux/topology.h:34,
                 from /home/pmos/build/src/android_kernel_samsung_k3gxx-2f78dde45cd08d9f1f7f047c81ffb237f7ab9b56/include/linux/gfp.h:7,
                 from /home/pmos/build/src/android_kernel_samsung_k3gxx-2f78dde45cd08d9f1f7f047c81ffb237f7ab9b56/include/linux/mm.h:8,
                 from /home/pmos/build/src/android_kernel_samsung_k3gxx-2f78dde45cd08d9f1f7f047c81ffb237f7ab9b56/kernel/sched/core.c:29:
/home/pmos/build/src/android_kernel_samsung_k3gxx-2f78dde45cd08d9f1f7f047c81ffb237f7ab9b56/kernel/sched/core.c:148:38: warning: ignoring attribute 'section (".data..percpu..shared_aligned")' because it conflicts with previous 'section (".data..percpu")' [-Wattributes]
  148 | DEFINE_PER_CPU_SHARED_ALIGNED(struct rq, runqueues);
      |                                      ^~
/home/pmos/build/src/android_kernel_samsung_k3gxx-2f78dde45cd08d9f1f7f047c81ffb237f7ab9b56/include/linux/percpu-defs.h:80:20: note: in definition of macro 'DEFINE_PER_CPU_SECTION'
   80 |         __typeof__(type) name
      |                    ^~~~
/home/pmos/build/src/android_kernel_samsung_k3gxx-2f78dde45cd08d9f1f7f047c81ffb237f7ab9b56/kernel/sched/core.c:148:1: note: in expansion of macro 'DEFINE_PER_CPU_SHARED_ALIGNED'
  148 | DEFINE_PER_CPU_SHARED_ALIGNED(struct rq, runqueues);
      | ^~~~~~~~~~~~~~~~~~~~~~~~~~~~~
/home/pmos/build/src/android_kernel_samsung_k3gxx-2f78dde45cd08d9f1f7f047c81ffb237f7ab9b56/kernel/sched/sched.h:538:28: note: previous declaration here
  538 | DECLARE_PER_CPU(struct rq, runqueues);
      |                            ^~~~~~~~~
/home/pmos/build/src/android_kernel_samsung_k3gxx-2f78dde45cd08d9f1f7f047c81ffb237f7ab9b56/include/linux/percpu-defs.h:76:51: note: in definition of macro 'DECLARE_PER_CPU_SECTION'
   76 |         extern __PCPU_ATTRS(sec) __typeof__(type) name
      |                                                   ^~~~
/home/pmos/build/src/android_kernel_samsung_k3gxx-2f78dde45cd08d9f1f7f047c81ffb237f7ab9b56/kernel/sched/sched.h:538:1: note: in expansion of macro 'DECLARE_PER_CPU'
  538 | DECLARE_PER_CPU(struct rq, runqueues);
      | ^~~~~~~~~~~~~~~
/home/pmos/build/src/android_kernel_samsung_k3gxx-2f78dde45cd08d9f1f7f047c81ffb237f7ab9b56/kernel/sched/core.c: In function 'sched_init':
/home/pmos/build/src/android_kernel_samsung_k3gxx-2f78dde45cd08d9f1f7f047c81ffb237f7ab9b56/kernel/sched/core.c:7143:30: warning: the comparison will always evaluate as 'false' for the address of 'cpu_isolated_map' will never be NULL [-Waddress]
 7143 |         if (cpu_isolated_map == NULL)
      |                              ^~
/home/pmos/build/src/android_kernel_samsung_k3gxx-2f78dde45cd08d9f1f7f047c81ffb237f7ab9b56/kernel/sched/core.c:5771:22: note: 'cpu_isolated_map' declared here
 5771 | static cpumask_var_t cpu_isolated_map;
      |                      ^~~~~~~~~~~~~~~~
  CC      fs/ecryptfs/kthread.o
  LD      sound/pci/ymfpci/built-in.o
  CC      drivers/char/mem.o
  AS      arch/arm/lib/div64.o
  CC      net/ipv6/raw.o
  CC      net/ipv4/tcp_ipv4.o
  LD      crypto/crypto.o
  LD      sound/pci/built-in.o
  CC      net/netfilter/nf_conntrack_l3proto_generic.o
  AS      arch/arm/lib/findbit.o
  CC      kernel/sched/clock.o
  LD      crypto/built-in.o
  CC      fs/ecryptfs/debug.o
  CC      net/core/filter.o
  CC      kernel/sched/cputime.o
  CC      net/netfilter/nf_conntrack_proto_generic.o
  AS      arch/arm/lib/getuser.o
  CC      kernel/sched/idle_task.o
  CC      net/ipv4/tcp_minisocks.o
  CC      net/ipv6/icmp.o
  CC      drivers/char/random.o
  AS      arch/arm/lib/io-readsb.o
  CC      drivers/char/misc.o
  LD      fs/ecryptfs/ecryptfs.o
  LD      sound/sh/built-in.o
  CC      kernel/sched/fair.o
  CC      net/netfilter/nf_conntrack_proto_tcp.o
  CC      net/ipv4/tcp_cong.o
  CC      net/ipv6/mcast.o
  CC      lib/bcd.o
  AS      arch/arm/lib/io-readsl.o
  CC      lib/div64.o
  LD      fs/ecryptfs/built-in.o
/home/pmos/build/src/android_kernel_samsung_k3gxx-2f78dde45cd08d9f1f7f047c81ffb237f7ab9b56/kernel/sched/fair.c: In function 'move_specific_task':
/home/pmos/build/src/android_kernel_samsung_k3gxx-2f78dde45cd08d9f1f7f047c81ffb237f7ab9b56/kernel/sched/fair.c:7149:9: warning: this 'if' clause does not guard... [-Wmisleading-indentation]
 7149 |         if (throttled_lb_pair(task_group(p), env->src_rq->cpu,
      |         ^~
/home/pmos/build/src/android_kernel_samsung_k3gxx-2f78dde45cd08d9f1f7f047c81ffb237f7ab9b56/kernel/sched/fair.c:7153:17: note: ...this statement, but the latter is misleadingly indented as if it were guarded by the 'if'
 7153 |                 if (!hmp_can_migrate_task(p, env))
      |                 ^~
  CC      net/core/sock_diag.o
  CC      lib/sort.o
  CC      kernel/sched/rt.o
  CC      net/ipv4/tcp_metrics.o
  LD      fs/exofs/built-in.o
  CC      net/netfilter/nf_conntrack_proto_udp.o
  CC      net/ipv6/reassembly.o
  AS      arch/arm/lib/io-readsw-armv4.o
  AS      arch/arm/lib/io-writesb.o
  CC      fs/exfat/exfat.o
  CC      lib/parser.o
  CC      drivers/clk/clk-devres.o
  CC      net/core/dev_ioctl.o
  AS      arch/arm/lib/io-writesl.o
  CC      kernel/sched/stop_task.o
  CC      drivers/char/hw_random/core.o
  CC      net/ipv4/tcp_fastopen.o
  CC      lib/halfmd4.o
  CC      net/netfilter/nf_conntrack_extend.o
  CC      drivers/clk/clkdev.o
  AS      arch/arm/lib/io-writesw-armv4.o
  CC      net/ipv6/tcp_ipv6.o
  CC      kernel/sched/cpupri.o
  CC      drivers/char/hw_random/exyswd-rng.o
  CC      fs/exfat/exfat_api.o
  CC      net/core/flow.o
  AS      arch/arm/lib/lib1funcs.o
  CC      lib/debug_locks.o
  CC      net/netfilter/nf_conntrack_acct.o
  CC      drivers/clk/clk.o
  CC      sound/soc/soc-core.o
  CC      net/ipv4/datagram.o
  CC      fs/exfat/exfat_blkdev.o
  LD      drivers/char/hw_random/rng-core.o
/home/pmos/build/src/android_kernel_samsung_k3gxx-2f78dde45cd08d9f1f7f047c81ffb237f7ab9b56/sound/soc/soc-core.c: In function 'fmt_single_name':
/home/pmos/build/src/android_kernel_samsung_k3gxx-2f78dde45cd08d9f1f7f047c81ffb237f7ab9b56/sound/soc/soc-core.c:3759:56: warning: 'snprintf' output may be truncated before the last format character [-Wformat-truncation=]
 3759 |                         snprintf(tmp, NAME_SIZE, "%s.%s", dev->driver->name, name);
      |                                                        ^
/home/pmos/build/src/android_kernel_samsung_k3gxx-2f78dde45cd08d9f1f7f047c81ffb237f7ab9b56/sound/soc/soc-core.c:3759:25: note: 'snprintf' output 2 or more bytes (assuming 33) into a destination of size 32
 3759 |                         snprintf(tmp, NAME_SIZE, "%s.%s", dev->driver->name, name);
      |                         ^~~~~~~~~~~~~~~~~~~~~~~~~~~~~~~~~~~~~~~~~~~~~~~~~~~~~~~~~~
  LD      drivers/char/hw_random/built-in.o
  CC      lib/random32.o
  CC      kernel/sched/stats.o
  CC      drivers/clk/clk-divider.o
  LD      drivers/char/built-in.o
  CC      net/core/net-sysfs.o
  CC      net/netfilter/nf_conntrack_ecache.o
  CC      lib/bust_spinlocks.o
  CC      net/ipv6/ping.o
/home/pmos/build/src/android_kernel_samsung_k3gxx-2f78dde45cd08d9f1f7f047c81ffb237f7ab9b56/net/core/net-sysfs.c:30:19: warning: 'fmt_long_hex' defined but not used [-Wunused-const-variable=]
   30 | static const char fmt_long_hex[] = "%#lx\n";
      |                   ^~~~~~~~~~~~
  CC      sound/soc/soc-dapm.o
  AS      arch/arm/lib/lshrdi3.o
  CC      drivers/clk/clk-fixed-factor.o
  CC      net/ipv4/raw.o
  CC      lib/hexdump.o
  AS      arch/arm/lib/memchr.o
  CC      kernel/time/timekeeping.o
  CC      kernel/sched/debug.o
  CC      fs/exfat/exfat_cache.o
  CC      lib/kasprintf.o
  AS      arch/arm/lib/memcpy.o
  CC      drivers/clk/clk-fixed-rate.o
  CC      net/core/net-procfs.o
  CC      net/netfilter/nf_conntrack_labels.o
  CC      net/ipv6/exthdrs.o
  CC      sound/soc/soc-jack.o
  AS      arch/arm/lib/memmove.o
  CC      net/ipv4/udp.o
  CC      kernel/time/ntp.o
/home/pmos/build/src/android_kernel_samsung_k3gxx-2f78dde45cd08d9f1f7f047c81ffb237f7ab9b56/net/ipv6/exthdrs.c: In function 'ipv6_dest_hao':
/home/pmos/build/src/android_kernel_samsung_k3gxx-2f78dde45cd08d9f1f7f047c81ffb237f7ab9b56/net/ipv6/exthdrs.c:207:30: warning: taking address of packed member of 'struct ipv6_destopt_hao' may result in an unaligned pointer value [-Waddress-of-packed-member]
  207 |         if (!(ipv6_addr_type(&hao->addr) & IPV6_ADDR_UNICAST)) {
      |                              ^~~~~~~~~~
/home/pmos/build/src/android_kernel_samsung_k3gxx-2f78dde45cd08d9f1f7f047c81ffb237f7ab9b56/net/ipv6/exthdrs.c:214:50: warning: taking address of packed member of 'struct ipv6_destopt_hao' may result in an unaligned pointer value [-Waddress-of-packed-member]
  214 |                                (xfrm_address_t *)&hao->addr, IPPROTO_DSTOPTS);
      |                                                  ^~~~~~~~~~
  CC      lib/bitmap.o
  CC      fs/exfat/exfat_data.o
  CC      kernel/sched/cpuacct.o
  CC      net/netfilter/nf_conntrack_h323_main.o
In file included from /home/pmos/build/src/android_kernel_samsung_k3gxx-2f78dde45cd08d9f1f7f047c81ffb237f7ab9b56/include/linux/igmp.h:18,
                 from /home/pmos/build/src/android_kernel_samsung_k3gxx-2f78dde45cd08d9f1f7f047c81ffb237f7ab9b56/net/ipv4/udp.c:92:
In function '__skb_queue_before',
    inlined from '__skb_queue_tail' at /home/pmos/build/src/android_kernel_samsung_k3gxx-2f78dde45cd08d9f1f7f047c81ffb237f7ab9b56/include/linux/skbuff.h:1252:2,
    inlined from 'first_packet_length' at /home/pmos/build/src/android_kernel_samsung_k3gxx-2f78dde45cd08d9f1f7f047c81ffb237f7ab9b56/net/ipv4/udp.c:1142:3:
/home/pmos/build/src/android_kernel_samsung_k3gxx-2f78dde45cd08d9f1f7f047c81ffb237f7ab9b56/include/linux/skbuff.h:1218:9: warning: array subscript 'struct sk_buff[0]' is partly outside array bounds of 'struct sk_buff_head[1]' [-Warray-bounds=]
 1218 |         __skb_insert(newsk, next->prev, next, list);
      |         ^~~~~~~~~~~~~~~~~~~~~~~~~~~~~~~~~~~~~~~~~~~
/home/pmos/build/src/android_kernel_samsung_k3gxx-2f78dde45cd08d9f1f7f047c81ffb237f7ab9b56/net/ipv4/udp.c: In function 'first_packet_length':
/home/pmos/build/src/android_kernel_samsung_k3gxx-2f78dde45cd08d9f1f7f047c81ffb237f7ab9b56/net/ipv4/udp.c:1127:29: note: object 'list_kill' of size 16
 1127 |         struct sk_buff_head list_kill, *rcvq = &sk->sk_receive_queue;
      |                             ^~~~~~~~~
In function '__skb_insert',
    inlined from '__skb_queue_before' at /home/pmos/build/src/android_kernel_samsung_k3gxx-2f78dde45cd08d9f1f7f047c81ffb237f7ab9b56/include/linux/skbuff.h:1218:2,
    inlined from '__skb_queue_tail' at /home/pmos/build/src/android_kernel_samsung_k3gxx-2f78dde45cd08d9f1f7f047c81ffb237f7ab9b56/include/linux/skbuff.h:1252:2,
    inlined from 'first_packet_length' at /home/pmos/build/src/android_kernel_samsung_k3gxx-2f78dde45cd08d9f1f7f047c81ffb237f7ab9b56/net/ipv4/udp.c:1142:3:
/home/pmos/build/src/android_kernel_samsung_k3gxx-2f78dde45cd08d9f1f7f047c81ffb237f7ab9b56/include/linux/skbuff.h:1112:21: warning: array subscript 'struct sk_buff[0]' is partly outside array bounds of 'struct sk_buff_head[1]' [-Warray-bounds=]
 1112 |         next->prev  = prev->next = newsk;
      |         ~~~~~~~~~~~~^~~~~~~~~~~~~~~~~~~~
/home/pmos/build/src/android_kernel_samsung_k3gxx-2f78dde45cd08d9f1f7f047c81ffb237f7ab9b56/net/ipv4/udp.c: In function 'first_packet_length':
/home/pmos/build/src/android_kernel_samsung_k3gxx-2f78dde45cd08d9f1f7f047c81ffb237f7ab9b56/net/ipv4/udp.c:1127:29: note: object 'list_kill' of size 16
 1127 |         struct sk_buff_head list_kill, *rcvq = &sk->sk_receive_queue;
      |                             ^~~~~~~~~
  AS      arch/arm/lib/memset.o
  CC      drivers/clk/clk-gate.o
  CC      sound/soc/soc-cache.o
  AS      arch/arm/lib/memzero.o
  CC      net/core/fib_rules.o
  LD      kernel/sched/built-in.o
  CC      kernel/time/clocksource.o
  CC      lib/scatterlist.o
  CC      drivers/clk/clk-mux.o
  CC      sound/soc/soc-utils.o
  AS      arch/arm/lib/muldi3.o
  CC      net/ipv4/udplite.o
  CC      fs/exfat/exfat_global.o
  CC      net/ipv6/datagram.o
  CC      net/core/net-traces.o
  CC      net/netfilter/nf_conntrack_h323_asn1.o
  AS      arch/arm/lib/putuser.o
  CC      lib/gcd.o
  CC      drivers/clk/clk-composite.o
  CC      kernel/trace/trace_clock.o
  CC      kernel/time/jiffies.o
  CC      sound/soc/soc-pcm.o
  AS      arch/arm/lib/setbit.o
  CC      lib/lcm.o
  CC      fs/exfat/exfat_nls.o
  CC      net/ipv6/ip6_flowlabel.o
  CC      net/netfilter/nf_nat_core.o
  LD      net/core/built-in.o
  CC      kernel/time/timer_list.o
  CC      net/ipv4/arp.o
  CC      kernel/trace/ring_buffer.o
  AS      arch/arm/lib/strchr.o
/home/pmos/build/src/android_kernel_samsung_k3gxx-2f78dde45cd08d9f1f7f047c81ffb237f7ab9b56/net/ipv4/arp.c:152:31: warning: 'arp_broken_ops' defined but not used [-Wunused-const-variable=]
  152 | static const struct neigh_ops arp_broken_ops = {
      |                               ^~~~~~~~~~~~~~
  CC      lib/list_sort.o
  CC      kernel/time/timeconv.o
  CC      sound/soc/soc-compress.o
  CC      kernel/trace/trace.o
  CC      net/ipv6/inet6_connection_sock.o
  CC      net/ipv4/icmp.o
  CC      kernel/time/posix-clock.o
  CC      drivers/clk/samsung/clk.o
  CC      fs/exfat/exfat_oal.o
  AS      arch/arm/lib/strrchr.o
/home/pmos/build/src/android_kernel_samsung_k3gxx-2f78dde45cd08d9f1f7f047c81ffb237f7ab9b56/kernel/trace/trace.c: In function 'tracer_alloc_buffers':
/home/pmos/build/src/android_kernel_samsung_k3gxx-2f78dde45cd08d9f1f7f047c81ffb237f7ab9b56/kernel/trace/trace.c:6494:40: warning: comparison between two arrays [-Warray-compare]
 6494 |         if (__stop___trace_bprintk_fmt != __start___trace_bprintk_fmt)
      |                                        ^~
/home/pmos/build/src/android_kernel_samsung_k3gxx-2f78dde45cd08d9f1f7f047c81ffb237f7ab9b56/kernel/trace/trace.c:6494:40: note: use '&__stop___trace_bprintk_fmt[0] != &__start___trace_bprintk_fmt[0]' to compare the addresses
  CC      drivers/clk/samsung/clk-pll.o
  CC      sound/soc/soc-io.o
  CC      net/netfilter/nf_nat_proto_unknown.o
  AS      arch/arm/lib/testchangebit.o
  CC      lib/uuid.o
  CC      fs/exfat/exfat_upcase.o
  CC      kernel/trace/trace_output.o
  AS      arch/arm/lib/testclearbit.o
  CC      drivers/clk/samsung/clk-exynos5422.o
  CC      lib/flex_array.o
  CC      net/ipv4/devinet.o
  CC      net/ipv6/sysctl_net_ipv6.o
  CC      fs/exfat/exfat_xattr.o
/home/pmos/build/src/android_kernel_samsung_k3gxx-2f78dde45cd08d9f1f7f047c81ffb237f7ab9b56/kernel/trace/trace_output.c: In function 'trace_graph_ret_raw':
/home/pmos/build/src/android_kernel_samsung_k3gxx-2f78dde45cd08d9f1f7f047c81ffb237f7ab9b56/kernel/trace/trace_output.c:1157:9: warning: this 'if' clause does not guard... [-Wmisleading-indentation]
 1157 |         if (!trace_seq_printf(&iter->seq, "%lx %lld %lld %ld %d\n",
      |         ^~
/home/pmos/build/src/android_kernel_samsung_k3gxx-2f78dde45cd08d9f1f7f047c81ffb237f7ab9b56/kernel/trace/trace_output.c:1163:17: note: ...this statement, but the latter is misleadingly indented as if it were guarded by the 'if'
 1163 |                 return TRACE_TYPE_PARTIAL_LINE;
      |                 ^~~~~~
  AS      arch/arm/lib/testsetbit.o
/home/pmos/build/src/android_kernel_samsung_k3gxx-2f78dde45cd08d9f1f7f047c81ffb237f7ab9b56/net/ipv4/devinet.c: In function 'inet_gifconf':
/home/pmos/build/src/android_kernel_samsung_k3gxx-2f78dde45cd08d9f1f7f047c81ffb237f7ab9b56/net/ipv4/devinet.c:1132:21: warning: the comparison will always evaluate as 'true' for the address of 'ifa_label' will never be NULL [-Waddress]
 1132 |                 if (ifa->ifa_label)
      |                     ^~~
In file included from /home/pmos/build/src/android_kernel_samsung_k3gxx-2f78dde45cd08d9f1f7f047c81ffb237f7ab9b56/net/ipv4/devinet.c:50:
/home/pmos/build/src/android_kernel_samsung_k3gxx-2f78dde45cd08d9f1f7f047c81ffb237f7ab9b56/include/linux/inetdevice.h:168:33: note: 'ifa_label' declared here
  168 |         char                    ifa_label[IFNAMSIZ];
      |                                 ^~~~~~~~~
  CC      drivers/clk/samsung/init-exynos5422.o
  CC      lib/iovec.o
  LD      sound/soc/atmel/built-in.o
  CC      net/netfilter/nf_nat_proto_common.o
  CC      kernel/trace/trace_stat.o
  AS      arch/arm/lib/ucmpdi2.o
  CC      net/netlink/af_netlink.o
  LD      sound/soc/au1x/built-in.o
  CC      net/ipv4/af_inet.o
  AR      arch/arm/lib/lib.a
  CC      fs/exfat/exfat_super.o
  CC      lib/bsearch.o
  CC      kernel/trace/trace_printk.o
  CC      kernel/time/alarmtimer.o
  CC      lib/find_last_bit.o
  CC      net/ipv6/xfrm6_policy.o
  CC      drivers/clk/samsung/clk-exynos-audss.o
  LD      sound/soc/blackfin/built-in.o
/home/pmos/build/src/android_kernel_samsung_k3gxx-2f78dde45cd08d9f1f7f047c81ffb237f7ab9b56/net/ipv4/af_inet.c:1552:35: warning: argument 1 of type 'void *[1]' with mismatched bound [-Warray-parameter=]
 1552 | void snmp_mib_free(void __percpu *ptr[SNMP_ARRAY_SZ])
      |                    ~~~~~~~~~~~~~~~^~~~~~~~~~~~~~~~~~
In file included from /home/pmos/build/src/android_kernel_samsung_k3gxx-2f78dde45cd08d9f1f7f047c81ffb237f7ab9b56/net/ipv4/af_inet.c:100:
/home/pmos/build/src/android_kernel_samsung_k3gxx-2f78dde45cd08d9f1f7f047c81ffb237f7ab9b56/include/net/ip.h:199:42: note: previously declared as 'void *[2]'
  199 | extern void snmp_mib_free(void __percpu *ptr[2]);
      |                           ~~~~~~~~~~~~~~~^~~~~~
/home/pmos/build/src/android_kernel_samsung_k3gxx-2f78dde45cd08d9f1f7f047c81ffb237f7ab9b56/net/ipv4/af_inet.c: In function 'ipv4_mib_exit_net':
/home/pmos/build/src/android_kernel_samsung_k3gxx-2f78dde45cd08d9f1f7f047c81ffb237f7ab9b56/net/ipv4/af_inet.c:1662:9: warning: 'snmp_mib_free' accessing 8 bytes in a region of size 4 [-Wstringop-overflow=]
 1662 |         snmp_mib_free((void __percpu **)net->mib.icmp_statistics);
      |         ^~~~~~~~~~~~~~~~~~~~~~~~~~~~~~~~~~~~~~~~~~~~~~~~~~~~~~~~~
/home/pmos/build/src/android_kernel_samsung_k3gxx-2f78dde45cd08d9f1f7f047c81ffb237f7ab9b56/net/ipv4/af_inet.c:1662:9: note: referencing argument 1 of type 'void *[2]'
/home/pmos/build/src/android_kernel_samsung_k3gxx-2f78dde45cd08d9f1f7f047c81ffb237f7ab9b56/net/ipv4/af_inet.c:1552:6: note: in a call to function 'snmp_mib_free'
 1552 | void snmp_mib_free(void __percpu *ptr[SNMP_ARRAY_SZ])
      |      ^~~~~~~~~~~~~
/home/pmos/build/src/android_kernel_samsung_k3gxx-2f78dde45cd08d9f1f7f047c81ffb237f7ab9b56/net/ipv4/af_inet.c:1663:9: warning: 'snmp_mib_free' accessing 8 bytes in a region of size 4 [-Wstringop-overflow=]
 1663 |         snmp_mib_free((void __percpu **)net->mib.udplite_statistics);
      |         ^~~~~~~~~~~~~~~~~~~~~~~~~~~~~~~~~~~~~~~~~~~~~~~~~~~~~~~~~~~~
/home/pmos/build/src/android_kernel_samsung_k3gxx-2f78dde45cd08d9f1f7f047c81ffb237f7ab9b56/net/ipv4/af_inet.c:1663:9: note: referencing argument 1 of type 'void *[2]'
/home/pmos/build/src/android_kernel_samsung_k3gxx-2f78dde45cd08d9f1f7f047c81ffb237f7ab9b56/net/ipv4/af_inet.c:1552:6: note: in a call to function 'snmp_mib_free'
 1552 | void snmp_mib_free(void __percpu *ptr[SNMP_ARRAY_SZ])
      |      ^~~~~~~~~~~~~
/home/pmos/build/src/android_kernel_samsung_k3gxx-2f78dde45cd08d9f1f7f047c81ffb237f7ab9b56/net/ipv4/af_inet.c:1664:9: warning: 'snmp_mib_free' accessing 8 bytes in a region of size 4 [-Wstringop-overflow=]
 1664 |         snmp_mib_free((void __percpu **)net->mib.udp_statistics);
      |         ^~~~~~~~~~~~~~~~~~~~~~~~~~~~~~~~~~~~~~~~~~~~~~~~~~~~~~~~
/home/pmos/build/src/android_kernel_samsung_k3gxx-2f78dde45cd08d9f1f7f047c81ffb237f7ab9b56/net/ipv4/af_inet.c:1664:9: note: referencing argument 1 of type 'void *[2]'
/home/pmos/build/src/android_kernel_samsung_k3gxx-2f78dde45cd08d9f1f7f047c81ffb237f7ab9b56/net/ipv4/af_inet.c:1552:6: note: in a call to function 'snmp_mib_free'
 1552 | void snmp_mib_free(void __percpu *ptr[SNMP_ARRAY_SZ])
      |      ^~~~~~~~~~~~~
/home/pmos/build/src/android_kernel_samsung_k3gxx-2f78dde45cd08d9f1f7f047c81ffb237f7ab9b56/net/ipv4/af_inet.c:1665:9: warning: 'snmp_mib_free' accessing 8 bytes in a region of size 4 [-Wstringop-overflow=]
 1665 |         snmp_mib_free((void __percpu **)net->mib.net_statistics);
      |         ^~~~~~~~~~~~~~~~~~~~~~~~~~~~~~~~~~~~~~~~~~~~~~~~~~~~~~~~
/home/pmos/build/src/android_kernel_samsung_k3gxx-2f78dde45cd08d9f1f7f047c81ffb237f7ab9b56/net/ipv4/af_inet.c:1665:9: note: referencing argument 1 of type 'void *[2]'
/home/pmos/build/src/android_kernel_samsung_k3gxx-2f78dde45cd08d9f1f7f047c81ffb237f7ab9b56/net/ipv4/af_inet.c:1552:6: note: in a call to function 'snmp_mib_free'
 1552 | void snmp_mib_free(void __percpu *ptr[SNMP_ARRAY_SZ])
      |      ^~~~~~~~~~~~~
/home/pmos/build/src/android_kernel_samsung_k3gxx-2f78dde45cd08d9f1f7f047c81ffb237f7ab9b56/net/ipv4/af_inet.c:1666:9: warning: 'snmp_mib_free' accessing 8 bytes in a region of size 4 [-Wstringop-overflow=]
 1666 |         snmp_mib_free((void __percpu **)net->mib.ip_statistics);
      |         ^~~~~~~~~~~~~~~~~~~~~~~~~~~~~~~~~~~~~~~~~~~~~~~~~~~~~~~
/home/pmos/build/src/android_kernel_samsung_k3gxx-2f78dde45cd08d9f1f7f047c81ffb237f7ab9b56/net/ipv4/af_inet.c:1666:9: note: referencing argument 1 of type 'void *[2]'
/home/pmos/build/src/android_kernel_samsung_k3gxx-2f78dde45cd08d9f1f7f047c81ffb237f7ab9b56/net/ipv4/af_inet.c:1552:6: note: in a call to function 'snmp_mib_free'
 1552 | void snmp_mib_free(void __percpu *ptr[SNMP_ARRAY_SZ])
      |      ^~~~~~~~~~~~~
/home/pmos/build/src/android_kernel_samsung_k3gxx-2f78dde45cd08d9f1f7f047c81ffb237f7ab9b56/net/ipv4/af_inet.c:1667:9: warning: 'snmp_mib_free' accessing 8 bytes in a region of size 4 [-Wstringop-overflow=]
 1667 |         snmp_mib_free((void __percpu **)net->mib.tcp_statistics);
      |         ^~~~~~~~~~~~~~~~~~~~~~~~~~~~~~~~~~~~~~~~~~~~~~~~~~~~~~~~
/home/pmos/build/src/android_kernel_samsung_k3gxx-2f78dde45cd08d9f1f7f047c81ffb237f7ab9b56/net/ipv4/af_inet.c:1667:9: note: referencing argument 1 of type 'void *[2]'
/home/pmos/build/src/android_kernel_samsung_k3gxx-2f78dde45cd08d9f1f7f047c81ffb237f7ab9b56/net/ipv4/af_inet.c:1552:6: note: in a call to function 'snmp_mib_free'
 1552 | void snmp_mib_free(void __percpu *ptr[SNMP_ARRAY_SZ])
      |      ^~~~~~~~~~~~~
/home/pmos/build/src/android_kernel_samsung_k3gxx-2f78dde45cd08d9f1f7f047c81ffb237f7ab9b56/net/ipv4/af_inet.c: In function 'ipv4_mib_init_net':
/home/pmos/build/src/android_kernel_samsung_k3gxx-2f78dde45cd08d9f1f7f047c81ffb237f7ab9b56/net/ipv4/af_inet.c:1611:13: warning: 'snmp_mib_init' accessing 8 bytes in a region of size 4 [-Wstringop-overflow=]
 1611 |         if (snmp_mib_init((void __percpu **)net->mib.tcp_statistics,
      |             ^~~~~~~~~~~~~~~~~~~~~~~~~~~~~~~~~~~~~~~~~~~~~~~~~~~~~~~~
 1612 |                           sizeof(struct tcp_mib),
      |                           ~~~~~~~~~~~~~~~~~~~~~~~
 1613 |                           __alignof__(struct tcp_mib)) < 0)
      |                           ~~~~~~~~~~~~~~~~~~~~~~~~~~~~
/home/pmos/build/src/android_kernel_samsung_k3gxx-2f78dde45cd08d9f1f7f047c81ffb237f7ab9b56/net/ipv4/af_inet.c:1611:13: note: referencing argument 1 of type 'void *[2]'
/home/pmos/build/src/android_kernel_samsung_k3gxx-2f78dde45cd08d9f1f7f047c81ffb237f7ab9b56/net/ipv4/af_inet.c:1534:5: note: in a call to function 'snmp_mib_init'
 1534 | int snmp_mib_init(void __percpu *ptr[2], size_t mibsize, size_t align)
      |     ^~~~~~~~~~~~~
/home/pmos/build/src/android_kernel_samsung_k3gxx-2f78dde45cd08d9f1f7f047c81ffb237f7ab9b56/net/ipv4/af_inet.c:1615:13: warning: 'snmp_mib_init' accessing 8 bytes in a region of size 4 [-Wstringop-overflow=]
 1615 |         if (snmp_mib_init((void __percpu **)net->mib.ip_statistics,
      |             ^~~~~~~~~~~~~~~~~~~~~~~~~~~~~~~~~~~~~~~~~~~~~~~~~~~~~~~
 1616 |                           sizeof(struct ipstats_mib),
      |                           ~~~~~~~~~~~~~~~~~~~~~~~~~~~
 1617 |                           __alignof__(struct ipstats_mib)) < 0)
      |                           ~~~~~~~~~~~~~~~~~~~~~~~~~~~~~~~~
/home/pmos/build/src/android_kernel_samsung_k3gxx-2f78dde45cd08d9f1f7f047c81ffb237f7ab9b56/net/ipv4/af_inet.c:1615:13: note: referencing argument 1 of type 'void *[2]'
/home/pmos/build/src/android_kernel_samsung_k3gxx-2f78dde45cd08d9f1f7f047c81ffb237f7ab9b56/net/ipv4/af_inet.c:1534:5: note: in a call to function 'snmp_mib_init'
 1534 | int snmp_mib_init(void __percpu *ptr[2], size_t mibsize, size_t align)
      |     ^~~~~~~~~~~~~
/home/pmos/build/src/android_kernel_samsung_k3gxx-2f78dde45cd08d9f1f7f047c81ffb237f7ab9b56/net/ipv4/af_inet.c:1619:13: warning: 'snmp_mib_init' accessing 8 bytes in a region of size 4 [-Wstringop-overflow=]
 1619 |         if (snmp_mib_init((void __percpu **)net->mib.net_statistics,
      |             ^~~~~~~~~~~~~~~~~~~~~~~~~~~~~~~~~~~~~~~~~~~~~~~~~~~~~~~~
 1620 |                           sizeof(struct linux_mib),
      |                           ~~~~~~~~~~~~~~~~~~~~~~~~~
 1621 |                           __alignof__(struct linux_mib)) < 0)
      |                           ~~~~~~~~~~~~~~~~~~~~~~~~~~~~~~
/home/pmos/build/src/android_kernel_samsung_k3gxx-2f78dde45cd08d9f1f7f047c81ffb237f7ab9b56/net/ipv4/af_inet.c:1619:13: note: referencing argument 1 of type 'void *[2]'
/home/pmos/build/src/android_kernel_samsung_k3gxx-2f78dde45cd08d9f1f7f047c81ffb237f7ab9b56/net/ipv4/af_inet.c:1534:5: note: in a call to function 'snmp_mib_init'
 1534 | int snmp_mib_init(void __percpu *ptr[2], size_t mibsize, size_t align)
      |     ^~~~~~~~~~~~~
/home/pmos/build/src/android_kernel_samsung_k3gxx-2f78dde45cd08d9f1f7f047c81ffb237f7ab9b56/net/ipv4/af_inet.c:1623:13: warning: 'snmp_mib_init' accessing 8 bytes in a region of size 4 [-Wstringop-overflow=]
 1623 |         if (snmp_mib_init((void __percpu **)net->mib.udp_statistics,
      |             ^~~~~~~~~~~~~~~~~~~~~~~~~~~~~~~~~~~~~~~~~~~~~~~~~~~~~~~~
 1624 |                           sizeof(struct udp_mib),
      |                           ~~~~~~~~~~~~~~~~~~~~~~~
 1625 |                           __alignof__(struct udp_mib)) < 0)
      |                           ~~~~~~~~~~~~~~~~~~~~~~~~~~~~
/home/pmos/build/src/android_kernel_samsung_k3gxx-2f78dde45cd08d9f1f7f047c81ffb237f7ab9b56/net/ipv4/af_inet.c:1623:13: note: referencing argument 1 of type 'void *[2]'
/home/pmos/build/src/android_kernel_samsung_k3gxx-2f78dde45cd08d9f1f7f047c81ffb237f7ab9b56/net/ipv4/af_inet.c:1534:5: note: in a call to function 'snmp_mib_init'
 1534 | int snmp_mib_init(void __percpu *ptr[2], size_t mibsize, size_t align)
      |     ^~~~~~~~~~~~~
/home/pmos/build/src/android_kernel_samsung_k3gxx-2f78dde45cd08d9f1f7f047c81ffb237f7ab9b56/net/ipv4/af_inet.c:1627:13: warning: 'snmp_mib_init' accessing 8 bytes in a region of size 4 [-Wstringop-overflow=]
 1627 |         if (snmp_mib_init((void __percpu **)net->mib.udplite_statistics,
      |             ^~~~~~~~~~~~~~~~~~~~~~~~~~~~~~~~~~~~~~~~~~~~~~~~~~~~~~~~~~~~
 1628 |                           sizeof(struct udp_mib),
      |                           ~~~~~~~~~~~~~~~~~~~~~~~
 1629 |                           __alignof__(struct udp_mib)) < 0)
      |                           ~~~~~~~~~~~~~~~~~~~~~~~~~~~~
/home/pmos/build/src/android_kernel_samsung_k3gxx-2f78dde45cd08d9f1f7f047c81ffb237f7ab9b56/net/ipv4/af_inet.c:1627:13: note: referencing argument 1 of type 'void *[2]'
/home/pmos/build/src/android_kernel_samsung_k3gxx-2f78dde45cd08d9f1f7f047c81ffb237f7ab9b56/net/ipv4/af_inet.c:1534:5: note: in a call to function 'snmp_mib_init'
 1534 | int snmp_mib_init(void __percpu *ptr[2], size_t mibsize, size_t align)
      |     ^~~~~~~~~~~~~
/home/pmos/build/src/android_kernel_samsung_k3gxx-2f78dde45cd08d9f1f7f047c81ffb237f7ab9b56/net/ipv4/af_inet.c:1631:13: warning: 'snmp_mib_init' accessing 8 bytes in a region of size 4 [-Wstringop-overflow=]
 1631 |         if (snmp_mib_init((void __percpu **)net->mib.icmp_statistics,
      |             ^~~~~~~~~~~~~~~~~~~~~~~~~~~~~~~~~~~~~~~~~~~~~~~~~~~~~~~~~
 1632 |                           sizeof(struct icmp_mib),
      |                           ~~~~~~~~~~~~~~~~~~~~~~~~
 1633 |                           __alignof__(struct icmp_mib)) < 0)
      |                           ~~~~~~~~~~~~~~~~~~~~~~~~~~~~~
/home/pmos/build/src/android_kernel_samsung_k3gxx-2f78dde45cd08d9f1f7f047c81ffb237f7ab9b56/net/ipv4/af_inet.c:1631:13: note: referencing argument 1 of type 'void *[2]'
/home/pmos/build/src/android_kernel_samsung_k3gxx-2f78dde45cd08d9f1f7f047c81ffb237f7ab9b56/net/ipv4/af_inet.c:1534:5: note: in a call to function 'snmp_mib_init'
 1534 | int snmp_mib_init(void __percpu *ptr[2], size_t mibsize, size_t align)
      |     ^~~~~~~~~~~~~
/home/pmos/build/src/android_kernel_samsung_k3gxx-2f78dde45cd08d9f1f7f047c81ffb237f7ab9b56/net/ipv4/af_inet.c:1644:9: warning: 'snmp_mib_free' accessing 8 bytes in a region of size 4 [-Wstringop-overflow=]
 1644 |         snmp_mib_free((void __percpu **)net->mib.icmp_statistics);
      |         ^~~~~~~~~~~~~~~~~~~~~~~~~~~~~~~~~~~~~~~~~~~~~~~~~~~~~~~~~
/home/pmos/build/src/android_kernel_samsung_k3gxx-2f78dde45cd08d9f1f7f047c81ffb237f7ab9b56/net/ipv4/af_inet.c:1644:9: note: referencing argument 1 of type 'void *[2]'
/home/pmos/build/src/android_kernel_samsung_k3gxx-2f78dde45cd08d9f1f7f047c81ffb237f7ab9b56/net/ipv4/af_inet.c:1552:6: note: in a call to function 'snmp_mib_free'
 1552 | void snmp_mib_free(void __percpu *ptr[SNMP_ARRAY_SZ])
      |      ^~~~~~~~~~~~~
/home/pmos/build/src/android_kernel_samsung_k3gxx-2f78dde45cd08d9f1f7f047c81ffb237f7ab9b56/net/ipv4/af_inet.c:1646:9: warning: 'snmp_mib_free' accessing 8 bytes in a region of size 4 [-Wstringop-overflow=]
 1646 |         snmp_mib_free((void __percpu **)net->mib.udplite_statistics);
      |         ^~~~~~~~~~~~~~~~~~~~~~~~~~~~~~~~~~~~~~~~~~~~~~~~~~~~~~~~~~~~
/home/pmos/build/src/android_kernel_samsung_k3gxx-2f78dde45cd08d9f1f7f047c81ffb237f7ab9b56/net/ipv4/af_inet.c:1646:9: note: referencing argument 1 of type 'void *[2]'
/home/pmos/build/src/android_kernel_samsung_k3gxx-2f78dde45cd08d9f1f7f047c81ffb237f7ab9b56/net/ipv4/af_inet.c:1552:6: note: in a call to function 'snmp_mib_free'
 1552 | void snmp_mib_free(void __percpu *ptr[SNMP_ARRAY_SZ])
      |      ^~~~~~~~~~~~~
/home/pmos/build/src/android_kernel_samsung_k3gxx-2f78dde45cd08d9f1f7f047c81ffb237f7ab9b56/net/ipv4/af_inet.c:1648:9: warning: 'snmp_mib_free' accessing 8 bytes in a region of size 4 [-Wstringop-overflow=]
 1648 |         snmp_mib_free((void __percpu **)net->mib.udp_statistics);
      |         ^~~~~~~~~~~~~~~~~~~~~~~~~~~~~~~~~~~~~~~~~~~~~~~~~~~~~~~~
/home/pmos/build/src/android_kernel_samsung_k3gxx-2f78dde45cd08d9f1f7f047c81ffb237f7ab9b56/net/ipv4/af_inet.c:1648:9: note: referencing argument 1 of type 'void *[2]'
/home/pmos/build/src/android_kernel_samsung_k3gxx-2f78dde45cd08d9f1f7f047c81ffb237f7ab9b56/net/ipv4/af_inet.c:1552:6: note: in a call to function 'snmp_mib_free'
 1552 | void snmp_mib_free(void __percpu *ptr[SNMP_ARRAY_SZ])
      |      ^~~~~~~~~~~~~
/home/pmos/build/src/android_kernel_samsung_k3gxx-2f78dde45cd08d9f1f7f047c81ffb237f7ab9b56/net/ipv4/af_inet.c:1650:9: warning: 'snmp_mib_free' accessing 8 bytes in a region of size 4 [-Wstringop-overflow=]
 1650 |         snmp_mib_free((void __percpu **)net->mib.net_statistics);
      |         ^~~~~~~~~~~~~~~~~~~~~~~~~~~~~~~~~~~~~~~~~~~~~~~~~~~~~~~~
/home/pmos/build/src/android_kernel_samsung_k3gxx-2f78dde45cd08d9f1f7f047c81ffb237f7ab9b56/net/ipv4/af_inet.c:1650:9: note: referencing argument 1 of type 'void *[2]'
/home/pmos/build/src/android_kernel_samsung_k3gxx-2f78dde45cd08d9f1f7f047c81ffb237f7ab9b56/net/ipv4/af_inet.c:1552:6: note: in a call to function 'snmp_mib_free'
 1552 | void snmp_mib_free(void __percpu *ptr[SNMP_ARRAY_SZ])
      |      ^~~~~~~~~~~~~
/home/pmos/build/src/android_kernel_samsung_k3gxx-2f78dde45cd08d9f1f7f047c81ffb237f7ab9b56/net/ipv4/af_inet.c:1652:9: warning: 'snmp_mib_free' accessing 8 bytes in a region of size 4 [-Wstringop-overflow=]
 1652 |         snmp_mib_free((void __percpu **)net->mib.ip_statistics);
      |         ^~~~~~~~~~~~~~~~~~~~~~~~~~~~~~~~~~~~~~~~~~~~~~~~~~~~~~~
/home/pmos/build/src/android_kernel_samsung_k3gxx-2f78dde45cd08d9f1f7f047c81ffb237f7ab9b56/net/ipv4/af_inet.c:1652:9: note: referencing argument 1 of type 'void *[2]'
/home/pmos/build/src/android_kernel_samsung_k3gxx-2f78dde45cd08d9f1f7f047c81ffb237f7ab9b56/net/ipv4/af_inet.c:1552:6: note: in a call to function 'snmp_mib_free'
 1552 | void snmp_mib_free(void __percpu *ptr[SNMP_ARRAY_SZ])
      |      ^~~~~~~~~~~~~
/home/pmos/build/src/android_kernel_samsung_k3gxx-2f78dde45cd08d9f1f7f047c81ffb237f7ab9b56/net/ipv4/af_inet.c:1654:9: warning: 'snmp_mib_free' accessing 8 bytes in a region of size 4 [-Wstringop-overflow=]
 1654 |         snmp_mib_free((void __percpu **)net->mib.tcp_statistics);
      |         ^~~~~~~~~~~~~~~~~~~~~~~~~~~~~~~~~~~~~~~~~~~~~~~~~~~~~~~~
/home/pmos/build/src/android_kernel_samsung_k3gxx-2f78dde45cd08d9f1f7f047c81ffb237f7ab9b56/net/ipv4/af_inet.c:1654:9: note: referencing argument 1 of type 'void *[2]'
/home/pmos/build/src/android_kernel_samsung_k3gxx-2f78dde45cd08d9f1f7f047c81ffb237f7ab9b56/net/ipv4/af_inet.c:1552:6: note: in a call to function 'snmp_mib_free'
 1552 | void snmp_mib_free(void __percpu *ptr[SNMP_ARRAY_SZ])
      |      ^~~~~~~~~~~~~
  LD      fs/exfat/exfat_core.o
  CC      kernel/time/clockevents.o
  CC      drivers/clk/samsung/clk-exynos-pwm.o
  CC      net/netlink/genetlink.o
  CC      kernel/trace/trace_sched_switch.o
  CC      net/ipv6/xfrm6_state.o
  LD      sound/soc/cirrus/built-in.o
  CC      net/netfilter/nf_nat_proto_udp.o
  CC      lib/find_next_bit.o
  LD      fs/exfat/exfat_fs.o
  CC      kernel/time/tick-common.o
  LD      fs/exfat/built-in.o
  CC      fs/ext2/balloc.o
  CC      net/ipv4/igmp.o
  CC      lib/llist.o
  CC      kernel/trace/trace_sched_wakeup.o
  CC      sound/soc/codecs/arizona.o
  LD      drivers/clk/samsung/built-in.o
  CC      net/ipv4/fib_frontend.o
  CC      net/netfilter/nf_nat_proto_tcp.o
  CC      net/ipv6/xfrm6_input.o
  CC      kernel/time/tick-broadcast.o
  CC      fs/ext2/dir.o
  LD      net/netlink/built-in.o
  LD      drivers/clk/built-in.o
  CC      lib/memweight.o
  CC      kernel/trace/trace_nop.o
  CC      lib/kfifo.o
  LD      sound/sparc/built-in.o
  CC      net/ipv4/fib_semantics.o
  CC      kernel/time/tick-oneshot.o
  CC      fs/ext2/file.o
  CC      net/nfc/core.o
  CC      net/netfilter/nf_nat_helper.o
  CC      net/ipv6/xfrm6_output.o
  LD      sound/spi/built-in.o
  CC      drivers/clocksource/clksrc-of.o
  CC      lib/string_helpers.o
  CC      kernel/trace/blktrace.o
  CC      sound/soc/codecs/dummy_codec.o
  CC      net/ipv4/fib_trie.o
  CC      kernel/time/tick-sched.o
  CC      net/nfc/netlink.o
  LD      sound/synth/built-in.o
  CC      fs/ext2/ialloc.o
  CC      lib/kstrtox.o
  CC      kernel/trace/trace_events.o
  CC      net/netfilter/nfnetlink_queue_core.o
  CC      drivers/clocksource/exynos_mct.o
  CC      net/packet/af_packet.o
  CC      net/ipv6/netfilter.o
  CC      sound/soc/codecs/florida.o
/home/pmos/build/src/android_kernel_samsung_k3gxx-2f78dde45cd08d9f1f7f047c81ffb237f7ab9b56/net/netfilter/nfnetlink_queue_core.c: In function 'nfqnl_build_packet_message':
/home/pmos/build/src/android_kernel_samsung_k3gxx-2f78dde45cd08d9f1f7f047c81ffb237f7ab9b56/net/netfilter/nfnetlink_queue_core.c:377:35: warning: taking address of packed member of 'struct nfqnl_msg_packet_hdr' may result in an unaligned pointer value [-Waddress-of-packed-member]
  377 |         *packet_id_ptr          = &pmsg->packet_id;
      |                                   ^~~~~~~~~~~~~~~~
  CC      net/ipv4/inet_fragment.o
  CC      kernel/trace/trace_export.o
  CC      net/netfilter/nfnetlink.o
  CC      kernel/time/timer_stats.o
  CC      lib/pci_iomap.o
/home/pmos/build/src/android_kernel_samsung_k3gxx-2f78dde45cd08d9f1f7f047c81ffb237f7ab9b56/net/netfilter/nfnetlink.c:43:18: warning: 'nfnl_group2type' defined but not used [-Wunused-const-variable=]
   43 | static const int nfnl_group2type[NFNLGRP_MAX+1] = {
      |                  ^~~~~~~~~~~~~~~
  LD      drivers/clocksource/built-in.o
  CC      net/ipv4/ping.o
  CC      fs/ext2/inode.o
/home/pmos/build/src/android_kernel_samsung_k3gxx-2f78dde45cd08d9f1f7f047c81ffb237f7ab9b56/net/packet/af_packet.c: In function 'packet_set_ring':
/home/pmos/build/src/android_kernel_samsung_k3gxx-2f78dde45cd08d9f1f7f047c81ffb237f7ab9b56/net/packet/af_packet.c:3651:25: warning: this 'if' clause does not guard... [-Wmisleading-indentation]
 3651 |                         if (!tx_ring)
      |                         ^~
/home/pmos/build/src/android_kernel_samsung_k3gxx-2f78dde45cd08d9f1f7f047c81ffb237f7ab9b56/net/packet/af_packet.c:3653:33: note: ...this statement, but the latter is misleadingly indented as if it were guarded by the 'if'
 3653 |                                 break;
      |                                 ^~~~~
  CC      net/nfc/af_nfc.o
  LD      net/netfilter/nfnetlink_queue.o
/home/pmos/build/src/android_kernel_samsung_k3gxx-2f78dde45cd08d9f1f7f047c81ffb237f7ab9b56/net/ipv4/ping.c:1139:36: warning: 'ping_v4_seq_ops' defined but not used [-Wunused-const-variable=]
 1139 | static const struct seq_operations ping_v4_seq_ops = {
      |                                    ^~~~~~~~~~~~~~~
  CC      drivers/cpufreq/cpufreq.o
  CC      net/netfilter/nfnetlink_log.o
  CC      sound/soc/codecs/wm_adsp.o
  CC      lib/iomap_copy.o
  LD      net/packet/built-in.o
  LD      kernel/time/built-in.o
  CC      net/ipv6/fib6_rules.o
  CC      kernel/trace/trace_events_filter.o
  CC      fs/ext2/ioctl.o
  CC      kernel/freezer.o
  CC      net/ipv4/ip_tunnel.o
  CC      net/nfc/rawsock.o
  CC      lib/devres.o
/home/pmos/build/src/android_kernel_samsung_k3gxx-2f78dde45cd08d9f1f7f047c81ffb237f7ab9b56/net/ipv4/ip_tunnel.c: In function '__ip_tunnel_create':
/home/pmos/build/src/android_kernel_samsung_k3gxx-2f78dde45cd08d9f1f7f047c81ffb237f7ab9b56/net/ipv4/ip_tunnel.c:292:17: warning: 'strncat' specified bound 2 equals source length [-Wstringop-overflow=]
  292 |                 strncat(name, "%d", 2);
      |                 ^~~~~~~~~~~~~~~~~~~~~~
  CC      fs/ext2/namei.o
  CC      drivers/cpufreq/cpu_load_metric.o
  LD      sound/soc/codecs/snd-soc-arizona.o
  LD      net/netfilter/nf_conntrack.o
  CC      net/ipv6/proc.o
  CC      kernel/trace/power-traces.o
  CC      fs/ext3/balloc.o
  CC      net/netfilter/nf_conntrack_proto_dccp.o
  CC      net/nfc/llcp_core.o
  LD      sound/soc/codecs/snd-soc-florida.o
  CC      fs/ext2/super.o
  CC      lib/hweight.o
  CC      net/ipv4/sysctl_net_ipv4.o
  LD      sound/soc/codecs/snd-soc-wm-adsp.o
  CC      fs/ext3/bitmap.o
  LD      sound/soc/davinci/built-in.o
  CC      lib/list_debug.o
  LD      sound/soc/codecs/snd-soc-dummy.o
  CC      drivers/cpufreq/cpufreq_stats.o
  CC      fs/ext3/dir.o
  CC      kernel/trace/rpm-traces.o
  LD      sound/soc/codecs/built-in.o
  CC      net/ipv6/ah6.o
  CC      net/nfc/llcp_commands.o
  CC      net/netfilter/nf_conntrack_proto_gre.o
  CC      lib/bitrev.o
  CC      fs/ext2/symlink.o
  CC      drivers/cpufreq/cpufreq_performance.o
  LD      kernel/trace/built-in.o
  CC      net/ipv4/sysfs_net_ipv4.o
  CC      fs/ext2/xattr.o
  CC      drivers/cpufreq/cpufreq_powersave.o
  CC      drivers/cpuidle/cpuidle.o
  CC      lib/crc-ccitt.o
  CC      net/netfilter/nf_conntrack_proto_sctp.o
  LD      sound/soc/dwc/built-in.o
  CC      net/ipv6/esp6.o
  CC      kernel/profile.o
  CC      fs/ext3/file.o
  CC      drivers/cpufreq/cpufreq_userspace.o
  LD      sound/soc/fsl/built-in.o
  CC      fs/ext2/xattr_user.o
/home/pmos/build/src/android_kernel_samsung_k3gxx-2f78dde45cd08d9f1f7f047c81ffb237f7ab9b56/kernel/profile.c: In function 'profile_cpu_callback':
/home/pmos/build/src/android_kernel_samsung_k3gxx-2f78dde45cd08d9f1f7f047c81ffb237f7ab9b56/kernel/profile.c:369:35: warning: the comparison will always evaluate as 'true' for the address of 'prof_cpu_mask' will never be NULL [-Waddress]
  369 |                 if (prof_cpu_mask != NULL)
      |                                   ^~
/home/pmos/build/src/android_kernel_samsung_k3gxx-2f78dde45cd08d9f1f7f047c81ffb237f7ab9b56/kernel/profile.c:46:22: note: 'prof_cpu_mask' declared here
   46 | static cpumask_var_t prof_cpu_mask;
      |                      ^~~~~~~~~~~~~
/home/pmos/build/src/android_kernel_samsung_k3gxx-2f78dde45cd08d9f1f7f047c81ffb237f7ab9b56/kernel/profile.c:376:35: warning: the comparison will always evaluate as 'true' for the address of 'prof_cpu_mask' will never be NULL [-Waddress]
  376 |                 if (prof_cpu_mask != NULL)
      |                                   ^~
/home/pmos/build/src/android_kernel_samsung_k3gxx-2f78dde45cd08d9f1f7f047c81ffb237f7ab9b56/kernel/profile.c:46:22: note: 'prof_cpu_mask' declared here
   46 | static cpumask_var_t prof_cpu_mask;
      |                      ^~~~~~~~~~~~~
/home/pmos/build/src/android_kernel_samsung_k3gxx-2f78dde45cd08d9f1f7f047c81ffb237f7ab9b56/kernel/profile.c: In function 'profile_tick':
/home/pmos/build/src/android_kernel_samsung_k3gxx-2f78dde45cd08d9f1f7f047c81ffb237f7ab9b56/kernel/profile.c:417:47: warning: the comparison will always evaluate as 'true' for the address of 'prof_cpu_mask' will never be NULL [-Waddress]
  417 |         if (!user_mode(regs) && prof_cpu_mask != NULL &&
      |                                               ^~
/home/pmos/build/src/android_kernel_samsung_k3gxx-2f78dde45cd08d9f1f7f047c81ffb237f7ab9b56/kernel/profile.c:46:22: note: 'prof_cpu_mask' declared here
   46 | static cpumask_var_t prof_cpu_mask;
      |                      ^~~~~~~~~~~~~
  CC      net/nfc/llcp_sock.o
  CC      drivers/cpuidle/driver.o
  CC      net/netfilter/nf_conntrack_proto_udplite.o
  CC      net/ipv4/proc.o
  CC      fs/ext3/fsync.o
  LD      sound/soc/generic/built-in.o
  CC      fs/ext2/xattr_trusted.o
  CC      lib/crc16.o
  CC      drivers/cpufreq/cpufreq_interactive.o
  CC      kernel/stacktrace.o
  LD      net/nfc/nfc.o
  HOSTCC  lib/gen_crc32table
  CC      fs/ext3/ialloc.o
  CC      drivers/cpuidle/governor.o
  CC      fs/ext2/xattr_security.o
/home/pmos/build/src/android_kernel_samsung_k3gxx-2f78dde45cd08d9f1f7f047c81ffb237f7ab9b56/drivers/cpufreq/cpufreq_interactive.c: In function 'cpufreq_governor_interactive':
/home/pmos/build/src/android_kernel_samsung_k3gxx-2f78dde45cd08d9f1f7f047c81ffb237f7ab9b56/drivers/cpufreq/cpufreq_interactive.c:2084:82: warning: 'snprintf' output truncated before the last format character [-Wformat-truncation=]
 2084 |                 snprintf(speedchange_task_name, TASK_NAME_LEN, "cfinteractive%d\n",
      |                                                                                  ^
/home/pmos/build/src/android_kernel_samsung_k3gxx-2f78dde45cd08d9f1f7f047c81ffb237f7ab9b56/drivers/cpufreq/cpufreq_interactive.c:2084:17: note: 'snprintf' output between 16 and 26 bytes into a destination of size 15
 2084 |                 snprintf(speedchange_task_name, TASK_NAME_LEN, "cfinteractive%d\n",
      |                 ^~~~~~~~~~~~~~~~~~~~~~~~~~~~~~~~~~~~~~~~~~~~~~~~~~~~~~~~~~~~~~~~~~~
 2085 |                                         policy->cpu);
      |                                         ~~~~~~~~~~~~
  CC      net/ipv6/ipcomp6.o
  LD      net/nfc/built-in.o
  CC      net/netfilter/nf_conntrack_netlink.o
  LD      sound/soc/jz4740/built-in.o
  CC      net/ipv4/fib_rules.o
  CC      fs/ext3/inode.o
  CC      kernel/futex.o
  LD      fs/ext2/ext2.o
  CC      drivers/cpuidle/sysfs.o
  CC      drivers/cpufreq/freq_table.o
  LD      sound/soc/kirkwood/built-in.o
  CC      net/phonet/pn_dev.o
  CC      drivers/cpufreq/exynos-mp-cpufreq.o
  CC      net/ipv4/ah4.o
  CC      fs/ext3/ioctl.o
  LD      fs/ext2/built-in.o
  CC      drivers/cpuidle/governors/ladder.o
  CC      net/ipv6/xfrm6_tunnel.o
  LD      sound/soc/mid-x86/built-in.o
  CC      kernel/rtmutex.o
  CC      net/netfilter/nf_conntrack_amanda.o
  CC      drivers/cpufreq/exynos5422-eagle-cpufreq.o
  CC      net/phonet/pn_netlink.o
  LD      sound/soc/mxs/built-in.o
  CC      kernel/smp.o
  CC      fs/ext3/namei.o
  CC      net/ipv4/esp4.o
  CC      drivers/cpuidle/governors/menu.o
  LD      sound/soc/nuc900/built-in.o
  CC      drivers/cpufreq/exynos5422-kfc-cpufreq.o
  CC      net/phonet/socket.o
  CC      net/ipv6/tunnel6.o
  CC      kernel/spinlock.o
  CC      net/netfilter/nf_conntrack_ftp.o
  LD      sound/soc/omap/built-in.o
  CC      drivers/cpufreq/dm_cpu_hotplug.o
  CC      fs/ext3/super.o
  CC      kernel/uid16.o
  CC      net/ipv4/ipcomp.o
  CC      net/phonet/datagram.o
  LD      sound/soc/pxa/built-in.o
  LD      drivers/cpuidle/governors/built-in.o
  CC      fs/ext4/balloc.o
  LD      drivers/cpuidle/built-in.o
  CC      net/ipv6/xfrm6_mode_transport.o
  LD      net/netfilter/nf_conntrack_h323.o
  LD      drivers/cpufreq/built-in.o
  LD      sound/soc/s6000/built-in.o
  CC      net/netfilter/nf_conntrack_irc.o
  CC      fs/ext4/bitmap.o
  CC      fs/ext3/symlink.o
  CC      net/ipv4/xfrm4_tunnel.o
  CC      net/phonet/sysctl.o
  CC      kernel/kallsyms.o
  LD      drivers/crypto/built-in.o
  CC      sound/soc/samsung/eax-dai.o
  CC      net/ipv6/xfrm6_mode_tunnel.o
  CC      fs/ext3/hash.o
  CC      net/phonet/af_phonet.o
  CC      lib/libcrc32c.o
  CC      net/netfilter/nf_conntrack_broadcast.o
  CC      drivers/devfreq/devfreq.o
  CC      kernel/cgroup.o
  CC      fs/ext4/dir.o
  CC      net/ipv4/xfrm4_mode_beet.o
/home/pmos/build/src/android_kernel_samsung_k3gxx-2f78dde45cd08d9f1f7f047c81ffb237f7ab9b56/drivers/devfreq/devfreq.c: In function 'devfreq_add_device':
/home/pmos/build/src/android_kernel_samsung_k3gxx-2f78dde45cd08d9f1f7f047c81ffb237f7ab9b56/drivers/devfreq/devfreq.c:474:9: warning: 'strncpy' specified bound 16 equals destination size [-Wstringop-truncation]
  474 |         strncpy(devfreq->governor_name, governor_name, DEVFREQ_NAME_LEN);
      |         ^~~~~~~~~~~~~~~~~~~~~~~~~~~~~~~~~~~~~~~~~~~~~~~~~~~~~~~~~~~~~~~~
  CC      lib/genalloc.o
  CC      net/ipv6/xfrm6_mode_beet.o
  CC      fs/ext3/resize.o
  CC      net/phonet/pep.o
  CC      sound/soc/samsung/eax-dma.o
  CC      sound/usb/card.o
  CC      drivers/devfreq/governor_simpleondemand.o
  CC      fs/ext4/file.o
  CC      net/netfilter/nf_conntrack_netbios_ns.o
  CC      net/ipv4/tunnel4.o
  CC      kernel/cgroup_freezer.o
  CC      net/ipv6/mip6.o
  CC      drivers/devfreq/governor_simpleexynos.o
  CC      fs/ext3/ext3_jbd.o
  CC      net/netfilter/nf_conntrack_pptp.o
  CC      net/phonet/pep-gprs.o
  CC      sound/soc/samsung/i2s.o
  CC      net/ipv4/xfrm4_mode_transport.o
  CC      fs/ext4/fsync.o
/home/pmos/build/src/android_kernel_samsung_k3gxx-2f78dde45cd08d9f1f7f047c81ffb237f7ab9b56/net/ipv6/mip6.c: In function 'mip6_destopt_reject':
/home/pmos/build/src/android_kernel_samsung_k3gxx-2f78dde45cd08d9f1f7f047c81ffb237f7ab9b56/net/ipv6/mip6.c:236:41: warning: taking address of packed member of 'struct ipv6_destopt_hao' may result in an unaligned pointer value [-Waddress-of-packed-member]
  236 |                                   hao ? &hao->addr : &ipv6_hdr(skb)->saddr,
      |                                         ^~~~~~~~~~
/home/pmos/build/src/android_kernel_samsung_k3gxx-2f78dde45cd08d9f1f7f047c81ffb237f7ab9b56/net/ipv6/mip6.c:258:50: warning: taking address of packed member of 'struct ipv6_destopt_hao' may result in an unaligned pointer value [-Waddress-of-packed-member]
  258 |                         (hao ? (xfrm_address_t *)&hao->addr : NULL));
      |                                                  ^~~~~~~~~~
  CC      kernel/cpuset.o
  CC      sound/usb/clock.o
  CC      drivers/devfreq/exynos5422_bus_mif.o
  CC      fs/ext3/xattr.o
  CC      lib/lzo/lzo1x_compress.o
/home/pmos/build/src/android_kernel_samsung_k3gxx-2f78dde45cd08d9f1f7f047c81ffb237f7ab9b56/sound/soc/samsung/i2s.c: In function 'samsung_i2s_probe':
/home/pmos/build/src/android_kernel_samsung_k3gxx-2f78dde45cd08d9f1f7f047c81ffb237f7ab9b56/sound/soc/samsung/i2s.c:1504:21: warning: the comparison will always evaluate as 'true' for the address of 'type' will never be NULL [-Waddress]
 1504 |                 if (&i2s_pdata->type)
      |                     ^
In file included from /home/pmos/build/src/android_kernel_samsung_k3gxx-2f78dde45cd08d9f1f7f047c81ffb237f7ab9b56/sound/soc/samsung/i2s.c:28:
/home/pmos/build/src/android_kernel_samsung_k3gxx-2f78dde45cd08d9f1f7f047c81ffb237f7ab9b56/include/linux/platform_data/asoc-s3c.h:56:11: note: 'type' declared here
   56 |         } type;
      |           ^~~~
  CC      sound/soc/samsung/lpass.o
  CC      kernel/utsname.o
  LD      net/phonet/phonet.o
  CC      net/netfilter/nf_conntrack_sane.o
  CC      net/ipv6/netfilter/ip6_tables.o
  CC      sound/usb/endpoint.o
  CC      net/ipv4/xfrm4_mode_tunnel.o
  CC      lib/lzo/lzo1x_decompress_safe.o
  CC      drivers/devfreq/exynos5422_bus_int.o
  CC      fs/ext3/xattr_user.o
  CC      fs/ext4/ialloc.o
  LD      net/phonet/pn_pep.o
  CC      sound/usb/format.o
  CC      kernel/pid_namespace.o
  CC      net/netfilter/nf_conntrack_tftp.o
  LD      lib/lzo/lzo_compress.o
  CC      fs/ext3/xattr_trusted.o
  LD      lib/lzo/lzo_decompress.o
  CC      drivers/devfreq/exynos5422_bus_isp.o
  LD      net/phonet/built-in.o
  LD      lib/lzo/built-in.o
  CC      fs/ext4/inode.o
  CC      sound/soc/samsung/pacific_arizona.o
  CC      net/ipv6/netfilter/ip6table_filter.o
/home/pmos/build/src/android_kernel_samsung_k3gxx-2f78dde45cd08d9f1f7f047c81ffb237f7ab9b56/sound/soc/samsung/pacific_arizona.c:133:46: warning: 'pacific_cmpnt' defined but not used [-Wunused-const-variable=]
  133 | static const struct snd_soc_component_driver pacific_cmpnt = {
      |                                              ^~~~~~~~~~~~~
  LD      fs/ext3/ext3.o
  CC      kernel/res_counter.o
  LD      net/netfilter/nf_nat.o
  CC      net/ipv4/netfilter.o
  CC      drivers/devfreq/exynos5422_ppmu.o
  CC      sound/usb/helper.o
  CC      sound/soc/samsung/dma.o
  CC      fs/ext4/page-io.o
  LD      fs/ext3/built-in.o
  CC      lib/xz/xz_dec_syms.o
  CC      net/rfkill/core.o
  CC      kernel/stop_machine.o
  CC      net/netfilter/nf_nat_proto_dccp.o
  CC      sound/usb/mixer.o
  CC      lib/xz/xz_dec_stream.o
  CC      fs/ext4/ioctl.o
  CC      net/ipv6/netfilter/ip6table_mangle.o
  CC      sound/soc/samsung/lpass-exynos5422.o
  CC      fs/ext4/namei.o
  CC      net/ipv4/netfilter/nf_conntrack_l3proto_ipv4_compat.o
  CC      kernel/audit.o
  CC      drivers/devfreq/exynos_ppmu.o
  LD      net/rfkill/rfkill.o
  CC      net/netfilter/nf_nat_proto_udplite.o
  CC      sound/usb/mixer_quirks.o
  LD      net/rfkill/built-in.o
  CC      lib/xz/xz_dec_lzma2.o
  CC      fs/ext4/super.o
  LD      sound/soc/samsung/snd-soc-eax-dai.o
  CC      net/ipv6/netfilter/ip6table_raw.o
  LD      sound/soc/samsung/snd-soc-eax-dma.o
  CC      drivers/devfreq/noc_probe.o
  CC      kernel/auditfilter.o
  LD      sound/soc/samsung/snd-soc-pacific-florida.o
/home/pmos/build/src/android_kernel_samsung_k3gxx-2f78dde45cd08d9f1f7f047c81ffb237f7ab9b56/kernel/audit.c: In function 'audit_log_task_info':
/home/pmos/build/src/android_kernel_samsung_k3gxx-2f78dde45cd08d9f1f7f047c81ffb237f7ab9b56/kernel/audit.c:1593:45: warning: the comparison will always evaluate as 'true' for the address of 'name' will never be NULL [-Waddress]
 1593 |         if (tsk->signal && tsk->signal->tty && tsk->signal->tty->name)
      |                                             ^~
In file included from /home/pmos/build/src/android_kernel_samsung_k3gxx-2f78dde45cd08d9f1f7f047c81ffb237f7ab9b56/kernel/audit.c:65:
/home/pmos/build/src/android_kernel_samsung_k3gxx-2f78dde45cd08d9f1f7f047c81ffb237f7ab9b56/include/linux/tty.h:251:14: note: 'name' declared here
  251 |         char name[64];
      |              ^~~~
/home/pmos/build/src/android_kernel_samsung_k3gxx-2f78dde45cd08d9f1f7f047c81ffb237f7ab9b56/fs/ext4/super.c: In function '__save_error_info':
/home/pmos/build/src/android_kernel_samsung_k3gxx-2f78dde45cd08d9f1f7f047c81ffb237f7ab9b56/fs/ext4/super.c:311:9: warning: 'strncpy' specified bound 32 equals destination size [-Wstringop-truncation]
  311 |         strncpy(es->s_last_error_func, func, sizeof(es->s_last_error_func));
      |         ^~~~~~~~~~~~~~~~~~~~~~~~~~~~~~~~~~~~~~~~~~~~~~~~~~~~~~~~~~~~~~~~~~~
/home/pmos/build/src/android_kernel_samsung_k3gxx-2f78dde45cd08d9f1f7f047c81ffb237f7ab9b56/fs/ext4/super.c:315:17: warning: 'strncpy' specified bound 32 equals destination size [-Wstringop-truncation]
  315 |                 strncpy(es->s_first_error_func, func,
      |                 ^~~~~~~~~~~~~~~~~~~~~~~~~~~~~~~~~~~~~
  316 |                         sizeof(es->s_first_error_func));
      |                         ~~~~~~~~~~~~~~~~~~~~~~~~~~~~~~~
  LD      sound/soc/samsung/snd-soc-s3c24xx.o
  CC      drivers/dma/dmaengine.o
  LD      sound/soc/samsung/snd-soc-i2s.o
  CC      lib/xz/xz_dec_bcj.o
  CC      sound/usb/pcm.o
  CC      fs/ext4/symlink.o
  CC      net/ipv6/netfilter/nf_conntrack_l3proto_ipv6.o
  CC      net/netfilter/nf_nat_proto_sctp.o
  LD      sound/soc/samsung/snd-soc-lpass.o
  LD      drivers/devfreq/built-in.o
  CC      net/ipv4/netfilter/nf_conntrack_l3proto_ipv4.o
  CC      drivers/fingerprint/fingerprint_sysfs.o
  CC      kernel/auditsc.o
  LD      sound/soc/samsung/built-in.o
  CC      drivers/dma/of-dma.o
  CC      drivers/fingerprint/vfs61xx.o
  LD      lib/xz/xz_dec.o
  CC      fs/ext4/hash.o
  LD      lib/xz/built-in.o
  CC      net/ipv6/netfilter/nf_conntrack_proto_icmpv6.o
  CC      sound/usb/proc.o
  CC      net/netfilter/nf_nat_amanda.o
  LD      sound/soc/sh/built-in.o
  LD      sound/soc/tegra/built-in.o
  LD      sound/soc/txx9/built-in.o
  CC      drivers/dma/pl330.o
  CC      net/ipv4/netfilter/nf_conntrack_proto_icmp.o
  CC      kernel/audit_watch.o
  LD      drivers/fingerprint/built-in.o
  CC      sound/usb/quirks.o
  CC      net/ipv4/netfilter/nf_nat_l3proto_ipv4.o
  CC      fs/ext4/resize.o
  LD      sound/soc/ux500/built-in.o
  LD      sound/soc/snd-soc-core.o
  CC      net/ipv6/sit.o
  LD      drivers/dma/built-in.o
  CC      net/netfilter/nf_nat_ftp.o
  CC      net/ipv6/netfilter/nf_defrag_ipv6_hooks.o
  LD      drivers/firewire/built-in.o
  CC      fs/ext4/extents.o
  CC      lib/zlib_deflate/deflate.o
  CC      kernel/audit_tree.o
  CC      sound/usb/stream.o
  CC      lib/zlib_deflate/deftree.o
  LD      drivers/firmware/built-in.o
  CC      net/ipv6/ip6_tunnel.o
  CC      lib/zlib_deflate/deflate_syms.o
  CC      net/ipv4/netfilter/nf_nat_proto_icmp.o
  CC      net/sched/sch_generic.o
  CC      kernel/hung_task.o
  CC      fs/ext4/ext4_jbd2.o
In function 'ip6_tnl_parm_from_user',
    inlined from 'ip6_tnl_ioctl' at /home/pmos/build/src/android_kernel_samsung_k3gxx-2f78dde45cd08d9f1f7f047c81ffb237f7ab9b56/net/ipv6/ip6_tunnel.c:1378:4:
/home/pmos/build/src/android_kernel_samsung_k3gxx-2f78dde45cd08d9f1f7f047c81ffb237f7ab9b56/net/ipv6/ip6_tunnel.c:1269:18: warning: array subscript 'struct __ip6_tnl_parm[0]' is partly outside array bounds of 'struct ip6_tnl_parm[1]' [-Warray-bounds=]
 1269 |         p->laddr = u->laddr;
      |         ~~~~~~~~~^~~~~~~~~~
/home/pmos/build/src/android_kernel_samsung_k3gxx-2f78dde45cd08d9f1f7f047c81ffb237f7ab9b56/net/ipv6/ip6_tunnel.c: In function 'ip6_tnl_ioctl':
/home/pmos/build/src/android_kernel_samsung_k3gxx-2f78dde45cd08d9f1f7f047c81ffb237f7ab9b56/net/ipv6/ip6_tunnel.c:1326:29: note: object 'p' of size 64
 1326 |         struct ip6_tnl_parm p;
      |                             ^
In function 'ip6_tnl_parm_from_user',
    inlined from 'ip6_tnl_ioctl' at /home/pmos/build/src/android_kernel_samsung_k3gxx-2f78dde45cd08d9f1f7f047c81ffb237f7ab9b56/net/ipv6/ip6_tunnel.c:1378:4:
/home/pmos/build/src/android_kernel_samsung_k3gxx-2f78dde45cd08d9f1f7f047c81ffb237f7ab9b56/net/ipv6/ip6_tunnel.c:1270:18: warning: array subscript 'struct __ip6_tnl_parm[0]' is partly outside array bounds of 'struct ip6_tnl_parm[1]' [-Warray-bounds=]
 1270 |         p->raddr = u->raddr;
      |         ~~~~~~~~~^~~~~~~~~~
/home/pmos/build/src/android_kernel_samsung_k3gxx-2f78dde45cd08d9f1f7f047c81ffb237f7ab9b56/net/ipv6/ip6_tunnel.c: In function 'ip6_tnl_ioctl':
/home/pmos/build/src/android_kernel_samsung_k3gxx-2f78dde45cd08d9f1f7f047c81ffb237f7ab9b56/net/ipv6/ip6_tunnel.c:1326:29: note: object 'p' of size 64
 1326 |         struct ip6_tnl_parm p;
      |                             ^
In function 'ip6_tnl_parm_from_user',
    inlined from 'ip6_tnl_ioctl' at /home/pmos/build/src/android_kernel_samsung_k3gxx-2f78dde45cd08d9f1f7f047c81ffb237f7ab9b56/net/ipv6/ip6_tunnel.c:1378:4:
/home/pmos/build/src/android_kernel_samsung_k3gxx-2f78dde45cd08d9f1f7f047c81ffb237f7ab9b56/net/ipv6/ip6_tunnel.c:1271:18: warning: array subscript 'struct __ip6_tnl_parm[0]' is partly outside array bounds of 'struct ip6_tnl_parm[1]' [-Warray-bounds=]
 1271 |         p->flags = u->flags;
      |         ~~~~~~~~~^~~~~~~~~~
/home/pmos/build/src/android_kernel_samsung_k3gxx-2f78dde45cd08d9f1f7f047c81ffb237f7ab9b56/net/ipv6/ip6_tunnel.c: In function 'ip6_tnl_ioctl':
/home/pmos/build/src/android_kernel_samsung_k3gxx-2f78dde45cd08d9f1f7f047c81ffb237f7ab9b56/net/ipv6/ip6_tunnel.c:1326:29: note: object 'p' of size 64
 1326 |         struct ip6_tnl_parm p;
      |                             ^
In function 'ip6_tnl_parm_from_user',
    inlined from 'ip6_tnl_ioctl' at /home/pmos/build/src/android_kernel_samsung_k3gxx-2f78dde45cd08d9f1f7f047c81ffb237f7ab9b56/net/ipv6/ip6_tunnel.c:1378:4:
/home/pmos/build/src/android_kernel_samsung_k3gxx-2f78dde45cd08d9f1f7f047c81ffb237f7ab9b56/net/ipv6/ip6_tunnel.c:1272:22: warning: array subscript 'struct __ip6_tnl_parm[0]' is partly outside array bounds of 'struct ip6_tnl_parm[1]' [-Warray-bounds=]
 1272 |         p->hop_limit = u->hop_limit;
      |         ~~~~~~~~~~~~~^~~~~~~~~~~~~~
/home/pmos/build/src/android_kernel_samsung_k3gxx-2f78dde45cd08d9f1f7f047c81ffb237f7ab9b56/net/ipv6/ip6_tunnel.c: In function 'ip6_tnl_ioctl':
/home/pmos/build/src/android_kernel_samsung_k3gxx-2f78dde45cd08d9f1f7f047c81ffb237f7ab9b56/net/ipv6/ip6_tunnel.c:1326:29: note: object 'p' of size 64
 1326 |         struct ip6_tnl_parm p;
      |                             ^
In function 'ip6_tnl_parm_from_user',
    inlined from 'ip6_tnl_ioctl' at /home/pmos/build/src/android_kernel_samsung_k3gxx-2f78dde45cd08d9f1f7f047c81ffb237f7ab9b56/net/ipv6/ip6_tunnel.c:1378:4:
/home/pmos/build/src/android_kernel_samsung_k3gxx-2f78dde45cd08d9f1f7f047c81ffb237f7ab9b56/net/ipv6/ip6_tunnel.c:1273:24: warning: array subscript 'struct __ip6_tnl_parm[0]' is partly outside array bounds of 'struct ip6_tnl_parm[1]' [-Warray-bounds=]
 1273 |         p->encap_limit = u->encap_limit;
      |         ~~~~~~~~~~~~~~~^~~~~~~~~~~~~~~~
/home/pmos/build/src/android_kernel_samsung_k3gxx-2f78dde45cd08d9f1f7f047c81ffb237f7ab9b56/net/ipv6/ip6_tunnel.c: In function 'ip6_tnl_ioctl':
/home/pmos/build/src/android_kernel_samsung_k3gxx-2f78dde45cd08d9f1f7f047c81ffb237f7ab9b56/net/ipv6/ip6_tunnel.c:1326:29: note: object 'p' of size 64
 1326 |         struct ip6_tnl_parm p;
      |                             ^
In function 'ip6_tnl_parm_from_user',
    inlined from 'ip6_tnl_ioctl' at /home/pmos/build/src/android_kernel_samsung_k3gxx-2f78dde45cd08d9f1f7f047c81ffb237f7ab9b56/net/ipv6/ip6_tunnel.c:1378:4:
/home/pmos/build/src/android_kernel_samsung_k3gxx-2f78dde45cd08d9f1f7f047c81ffb237f7ab9b56/net/ipv6/ip6_tunnel.c:1274:21: warning: array subscript 'struct __ip6_tnl_parm[0]' is partly outside array bounds of 'struct ip6_tnl_parm[1]' [-Warray-bounds=]
 1274 |         p->flowinfo = u->flowinfo;
      |         ~~~~~~~~~~~~^~~~~~~~~~~~~
/home/pmos/build/src/android_kernel_samsung_k3gxx-2f78dde45cd08d9f1f7f047c81ffb237f7ab9b56/net/ipv6/ip6_tunnel.c: In function 'ip6_tnl_ioctl':
/home/pmos/build/src/android_kernel_samsung_k3gxx-2f78dde45cd08d9f1f7f047c81ffb237f7ab9b56/net/ipv6/ip6_tunnel.c:1326:29: note: object 'p' of size 64
 1326 |         struct ip6_tnl_parm p;
      |                             ^
In function 'ip6_tnl_parm_from_user',
    inlined from 'ip6_tnl_ioctl' at /home/pmos/build/src/android_kernel_samsung_k3gxx-2f78dde45cd08d9f1f7f047c81ffb237f7ab9b56/net/ipv6/ip6_tunnel.c:1378:4:
/home/pmos/build/src/android_kernel_samsung_k3gxx-2f78dde45cd08d9f1f7f047c81ffb237f7ab9b56/net/ipv6/ip6_tunnel.c:1275:17: warning: array subscript 'struct __ip6_tnl_parm[0]' is partly outside array bounds of 'struct ip6_tnl_parm[1]' [-Warray-bounds=]
 1275 |         p->link = u->link;
      |         ~~~~~~~~^~~~~~~~~
/home/pmos/build/src/android_kernel_samsung_k3gxx-2f78dde45cd08d9f1f7f047c81ffb237f7ab9b56/net/ipv6/ip6_tunnel.c: In function 'ip6_tnl_ioctl':
/home/pmos/build/src/android_kernel_samsung_k3gxx-2f78dde45cd08d9f1f7f047c81ffb237f7ab9b56/net/ipv6/ip6_tunnel.c:1326:29: note: object 'p' of size 64
 1326 |         struct ip6_tnl_parm p;
      |                             ^
In function 'ip6_tnl_parm_from_user',
    inlined from 'ip6_tnl_ioctl' at /home/pmos/build/src/android_kernel_samsung_k3gxx-2f78dde45cd08d9f1f7f047c81ffb237f7ab9b56/net/ipv6/ip6_tunnel.c:1378:4:
/home/pmos/build/src/android_kernel_samsung_k3gxx-2f78dde45cd08d9f1f7f047c81ffb237f7ab9b56/net/ipv6/ip6_tunnel.c:1276:18: warning: array subscript 'struct __ip6_tnl_parm[0]' is partly outside array bounds of 'struct ip6_tnl_parm[1]' [-Warray-bounds=]
 1276 |         p->proto = u->proto;
      |         ~~~~~~~~~^~~~~~~~~~
/home/pmos/build/src/android_kernel_samsung_k3gxx-2f78dde45cd08d9f1f7f047c81ffb237f7ab9b56/net/ipv6/ip6_tunnel.c: In function 'ip6_tnl_ioctl':
/home/pmos/build/src/android_kernel_samsung_k3gxx-2f78dde45cd08d9f1f7f047c81ffb237f7ab9b56/net/ipv6/ip6_tunnel.c:1326:29: note: object 'p' of size 64
 1326 |         struct ip6_tnl_parm p;
      |                             ^
In function 'ip6_tnl_parm_from_user',
    inlined from 'ip6_tnl_ioctl' at /home/pmos/build/src/android_kernel_samsung_k3gxx-2f78dde45cd08d9f1f7f047c81ffb237f7ab9b56/net/ipv6/ip6_tunnel.c:1346:3:
/home/pmos/build/src/android_kernel_samsung_k3gxx-2f78dde45cd08d9f1f7f047c81ffb237f7ab9b56/net/ipv6/ip6_tunnel.c:1269:18: warning: array subscript 'struct __ip6_tnl_parm[0]' is partly outside array bounds of 'struct ip6_tnl_parm[1]' [-Warray-bounds=]
 1269 |         p->laddr = u->laddr;
      |         ~~~~~~~~~^~~~~~~~~~
/home/pmos/build/src/android_kernel_samsung_k3gxx-2f78dde45cd08d9f1f7f047c81ffb237f7ab9b56/net/ipv6/ip6_tunnel.c: In function 'ip6_tnl_ioctl':
/home/pmos/build/src/android_kernel_samsung_k3gxx-2f78dde45cd08d9f1f7f047c81ffb237f7ab9b56/net/ipv6/ip6_tunnel.c:1326:29: note: object 'p' of size 64
 1326 |         struct ip6_tnl_parm p;
      |                             ^
In function 'ip6_tnl_parm_from_user',
    inlined from 'ip6_tnl_ioctl' at /home/pmos/build/src/android_kernel_samsung_k3gxx-2f78dde45cd08d9f1f7f047c81ffb237f7ab9b56/net/ipv6/ip6_tunnel.c:1346:3:
/home/pmos/build/src/android_kernel_samsung_k3gxx-2f78dde45cd08d9f1f7f047c81ffb237f7ab9b56/net/ipv6/ip6_tunnel.c:1270:18: warning: array subscript 'struct __ip6_tnl_parm[0]' is partly outside array bounds of 'struct ip6_tnl_parm[1]' [-Warray-bounds=]
 1270 |         p->raddr = u->raddr;
      |         ~~~~~~~~~^~~~~~~~~~
/home/pmos/build/src/android_kernel_samsung_k3gxx-2f78dde45cd08d9f1f7f047c81ffb237f7ab9b56/net/ipv6/ip6_tunnel.c: In function 'ip6_tnl_ioctl':
/home/pmos/build/src/android_kernel_samsung_k3gxx-2f78dde45cd08d9f1f7f047c81ffb237f7ab9b56/net/ipv6/ip6_tunnel.c:1326:29: note: object 'p' of size 64
 1326 |         struct ip6_tnl_parm p;
      |                             ^
In function 'ip6_tnl_parm_from_user',
    inlined from 'ip6_tnl_ioctl' at /home/pmos/build/src/android_kernel_samsung_k3gxx-2f78dde45cd08d9f1f7f047c81ffb237f7ab9b56/net/ipv6/ip6_tunnel.c:1346:3:
/home/pmos/build/src/android_kernel_samsung_k3gxx-2f78dde45cd08d9f1f7f047c81ffb237f7ab9b56/net/ipv6/ip6_tunnel.c:1271:18: warning: array subscript 'struct __ip6_tnl_parm[0]' is partly outside array bounds of 'struct ip6_tnl_parm[1]' [-Warray-bounds=]
 1271 |         p->flags = u->flags;
      |         ~~~~~~~~~^~~~~~~~~~
/home/pmos/build/src/android_kernel_samsung_k3gxx-2f78dde45cd08d9f1f7f047c81ffb237f7ab9b56/net/ipv6/ip6_tunnel.c: In function 'ip6_tnl_ioctl':
/home/pmos/build/src/android_kernel_samsung_k3gxx-2f78dde45cd08d9f1f7f047c81ffb237f7ab9b56/net/ipv6/ip6_tunnel.c:1326:29: note: object 'p' of size 64
 1326 |         struct ip6_tnl_parm p;
      |                             ^
In function 'ip6_tnl_parm_from_user',
    inlined from 'ip6_tnl_ioctl' at /home/pmos/build/src/android_kernel_samsung_k3gxx-2f78dde45cd08d9f1f7f047c81ffb237f7ab9b56/net/ipv6/ip6_tunnel.c:1346:3:
/home/pmos/build/src/android_kernel_samsung_k3gxx-2f78dde45cd08d9f1f7f047c81ffb237f7ab9b56/net/ipv6/ip6_tunnel.c:1272:22: warning: array subscript 'struct __ip6_tnl_parm[0]' is partly outside array bounds of 'struct ip6_tnl_parm[1]' [-Warray-bounds=]
 1272 |         p->hop_limit = u->hop_limit;
      |         ~~~~~~~~~~~~~^~~~~~~~~~~~~~
/home/pmos/build/src/android_kernel_samsung_k3gxx-2f78dde45cd08d9f1f7f047c81ffb237f7ab9b56/net/ipv6/ip6_tunnel.c: In function 'ip6_tnl_ioctl':
/home/pmos/build/src/android_kernel_samsung_k3gxx-2f78dde45cd08d9f1f7f047c81ffb237f7ab9b56/net/ipv6/ip6_tunnel.c:1326:29: note: object 'p' of size 64
 1326 |         struct ip6_tnl_parm p;
      |                             ^
In function 'ip6_tnl_parm_from_user',
    inlined from 'ip6_tnl_ioctl' at /home/pmos/build/src/android_kernel_samsung_k3gxx-2f78dde45cd08d9f1f7f047c81ffb237f7ab9b56/net/ipv6/ip6_tunnel.c:1346:3:
/home/pmos/build/src/android_kernel_samsung_k3gxx-2f78dde45cd08d9f1f7f047c81ffb237f7ab9b56/net/ipv6/ip6_tunnel.c:1273:24: warning: array subscript 'struct __ip6_tnl_parm[0]' is partly outside array bounds of 'struct ip6_tnl_parm[1]' [-Warray-bounds=]
 1273 |         p->encap_limit = u->encap_limit;
      |         ~~~~~~~~~~~~~~~^~~~~~~~~~~~~~~~
/home/pmos/build/src/android_kernel_samsung_k3gxx-2f78dde45cd08d9f1f7f047c81ffb237f7ab9b56/net/ipv6/ip6_tunnel.c: In function 'ip6_tnl_ioctl':
/home/pmos/build/src/android_kernel_samsung_k3gxx-2f78dde45cd08d9f1f7f047c81ffb237f7ab9b56/net/ipv6/ip6_tunnel.c:1326:29: note: object 'p' of size 64
 1326 |         struct ip6_tnl_parm p;
      |                             ^
In function 'ip6_tnl_parm_from_user',
    inlined from 'ip6_tnl_ioctl' at /home/pmos/build/src/android_kernel_samsung_k3gxx-2f78dde45cd08d9f1f7f047c81ffb237f7ab9b56/net/ipv6/ip6_tunnel.c:1346:3:
/home/pmos/build/src/android_kernel_samsung_k3gxx-2f78dde45cd08d9f1f7f047c81ffb237f7ab9b56/net/ipv6/ip6_tunnel.c:1274:21: warning: array subscript 'struct __ip6_tnl_parm[0]' is partly outside array bounds of 'struct ip6_tnl_parm[1]' [-Warray-bounds=]
 1274 |         p->flowinfo = u->flowinfo;
      |         ~~~~~~~~~~~~^~~~~~~~~~~~~
/home/pmos/build/src/android_kernel_samsung_k3gxx-2f78dde45cd08d9f1f7f047c81ffb237f7ab9b56/net/ipv6/ip6_tunnel.c: In function 'ip6_tnl_ioctl':
/home/pmos/build/src/android_kernel_samsung_k3gxx-2f78dde45cd08d9f1f7f047c81ffb237f7ab9b56/net/ipv6/ip6_tunnel.c:1326:29: note: object 'p' of size 64
 1326 |         struct ip6_tnl_parm p;
      |                             ^
In function 'ip6_tnl_parm_from_user',
    inlined from 'ip6_tnl_ioctl' at /home/pmos/build/src/android_kernel_samsung_k3gxx-2f78dde45cd08d9f1f7f047c81ffb237f7ab9b56/net/ipv6/ip6_tunnel.c:1346:3:
/home/pmos/build/src/android_kernel_samsung_k3gxx-2f78dde45cd08d9f1f7f047c81ffb237f7ab9b56/net/ipv6/ip6_tunnel.c:1275:17: warning: array subscript 'struct __ip6_tnl_parm[0]' is partly outside array bounds of 'struct ip6_tnl_parm[1]' [-Warray-bounds=]
 1275 |         p->link = u->link;
      |         ~~~~~~~~^~~~~~~~~
/home/pmos/build/src/android_kernel_samsung_k3gxx-2f78dde45cd08d9f1f7f047c81ffb237f7ab9b56/net/ipv6/ip6_tunnel.c: In function 'ip6_tnl_ioctl':
/home/pmos/build/src/android_kernel_samsung_k3gxx-2f78dde45cd08d9f1f7f047c81ffb237f7ab9b56/net/ipv6/ip6_tunnel.c:1326:29: note: object 'p' of size 64
 1326 |         struct ip6_tnl_parm p;
      |                             ^
In function 'ip6_tnl_parm_from_user',
    inlined from 'ip6_tnl_ioctl' at /home/pmos/build/src/android_kernel_samsung_k3gxx-2f78dde45cd08d9f1f7f047c81ffb237f7ab9b56/net/ipv6/ip6_tunnel.c:1346:3:
/home/pmos/build/src/android_kernel_samsung_k3gxx-2f78dde45cd08d9f1f7f047c81ffb237f7ab9b56/net/ipv6/ip6_tunnel.c:1276:18: warning: array subscript 'struct __ip6_tnl_parm[0]' is partly outside array bounds of 'struct ip6_tnl_parm[1]' [-Warray-bounds=]
 1276 |         p->proto = u->proto;
      |         ~~~~~~~~~^~~~~~~~~~
/home/pmos/build/src/android_kernel_samsung_k3gxx-2f78dde45cd08d9f1f7f047c81ffb237f7ab9b56/net/ipv6/ip6_tunnel.c: In function 'ip6_tnl_ioctl':
/home/pmos/build/src/android_kernel_samsung_k3gxx-2f78dde45cd08d9f1f7f047c81ffb237f7ab9b56/net/ipv6/ip6_tunnel.c:1326:29: note: object 'p' of size 64
 1326 |         struct ip6_tnl_parm p;
      |                             ^
  CC      net/ipv6/netfilter/nf_conntrack_reasm.o
  CC      net/netfilter/nf_nat_irc.o
  LD      lib/zlib_deflate/zlib_deflate.o
  LD      sound/soc/built-in.o
  CC      drivers/gpio/devres.o
  LD      lib/zlib_deflate/built-in.o
  CC      sound/usb/midi.o
  CC      net/ipv4/netfilter/nf_defrag_ipv4.o
  CC      lib/zlib_inflate/inffast.o
  LD      sound/usb/6fire/built-in.o
  CC      fs/ext4/migrate.o
  CC      net/sched/sch_mq.o
  CC      net/ipv6/netfilter/ip6t_rpfilter.o
  CC      kernel/watchdog.o
  CC      lib/zlib_inflate/inflate.o
  CC      net/netfilter/nf_nat_tftp.o
  CC      drivers/gpio/gpiolib.o
  CC      fs/fuse/dev.o
  LD      sound/usb/caiaq/built-in.o
  CC      lib/zlib_inflate/infutil.o
  CC      net/ipv6/netfilter/ip6t_REJECT.o
  CC      kernel/seccomp.o
  LD      sound/usb/misc/built-in.o
  CC      net/netfilter/nf_tproxy_core.o
  CC      net/ipv4/netfilter/nf_nat_h323.o
  CC      net/sched/sch_api.o
  CC      fs/ext4/mballoc.o
  CC      lib/zlib_inflate/inftrees.o
  CC      fs/fat/cache.o
  CC      fs/fuse/dir.o
  CC      drivers/gpio/gpiolib-of.o
  CC      lib/zlib_inflate/inflate_syms.o
  LD      sound/usb/usx2y/built-in.o
  LD      sound/usb/snd-usb-audio.o
  CC      net/netfilter/x_tables.o
  LD      net/ipv6/netfilter/nf_conntrack_ipv6.o
  CC      kernel/rcutree.o
  LD      net/ipv6/netfilter/nf_defrag_ipv6.o
  CC      net/ipv4/netfilter/nf_nat_pptp.o
  CC      fs/fat/dir.o
  LD      net/ipv6/netfilter/built-in.o
  CC      net/sched/sch_blackhole.o
  CC      fs/ext4/block_validity.o
  CC      drivers/gpio/gpio-arizona.o
  LD      sound/usb/snd-usbmidi-lib.o
  CC      fs/fuse/file.o
  LD      lib/zlib_inflate/zlib_inflate.o
  CC      kernel/utsname_sysctl.o
  CC      net/ipv6/addrconf_core.o
  LD      lib/zlib_inflate/built-in.o
  CC      net/ipv4/netfilter/nf_nat_proto_gre.o
  LD      sound/usb/built-in.o
  CC      fs/fat/fatent.o
  CC      net/netfilter/xt_tcpudp.o
  CC      lib/textsearch.o
  CC      drivers/gpio/gpio-samsung.o
  CC      sound/last.o
  CC      fs/fuse/inode.o
  CC      fs/ext4/move_extent.o
  CC      fs/fat/file.o
  CC      kernel/tracepoint.o
  CC      net/ipv4/netfilter/ip_tables.o
  CC      net/ipv6/exthdrs_core.o
  CC      lib/ts_kmp.o
  LD      sound/soundcore.o
  LD      sound/built-in.o
  LD      drivers/gpio/built-in.o
  CC      net/netfilter/xt_mark.o
  CC      fs/fuse/control.o
  CC      lib/ts_bm.o
  CC      kernel/elfcore.o
  CC      drivers/gps/sec_gps_bcm47531.o
  CC      fs/ext4/mmp.o
  CC      net/sched/cls_api.o
  CC      net/ipv6/ip6_checksum.o
  CC      fs/fat/inode.o
  CC      kernel/irq_work.o
  CC      fs/ext4/indirect.o
  CC      net/netfilter/xt_connmark.o
  CC      lib/ts_fsm.o
  LD      drivers/gps/built-in.o
  CC      net/ipv4/netfilter/iptable_filter.o
  LD      fs/fuse/fuse.o
  LD      fs/fuse/built-in.o
  CC      net/sched/act_api.o
  CC      net/ipv6/ip6_icmp.o
  CC      kernel/cpu_pm.o
  CC      lib/percpu_counter.o
  CC      net/netfilter/xt_nat.o
  CC      fs/ext4/extents_status.o
  CC      fs/fat/misc.o
  CC      net/ipv4/netfilter/iptable_mangle.o
  CC      net/sched/act_police.o
  CC      net/ipv6/output_core.o
  CC      drivers/hid/hid-lg.o
  CC      net/netfilter/xt_CLASSIFY.o
  CC      fs/fat/nfs.o
  CC      drivers/gud/gud-exynos5422/MobiCoreDriver/logging.o
  BC      kernel/timeconst.h
  CC      net/ipv4/netfilter/iptable_nat.o
  CC      kernel/time.o
  CC      fs/ext4/xattr.o
  CC      lib/audit.o
  CC      drivers/hid/hid-picolcd_core.o
  CC      net/sched/act_gact.o
  CC      net/ipv6/protocol.o
  CC      fs/fat/xattr.o
  CC      net/netfilter/xt_CONNSECMARK.o
  CC      net/ipv4/netfilter/iptable_raw.o
  CC      drivers/gud/gud-exynos5422/MobiCoreDriver/ops.o
  CC      drivers/hid/hid-picolcd_debugfs.o
  CC      fs/ext4/xattr_user.o
  CC      fs/fat/namei_msdos.o
  CC      lib/syscall.o
  LD      kernel/built-in.o
  CC      net/ipv6/ip6_offload.o
  CC      net/netfilter/xt_LOG.o
  CC      net/ipv4/netfilter/iptable_security.o
  CC      net/sched/act_mirred.o
  CC      drivers/gud/gud-exynos5422/MobiCoreDriver/mem.o
  CC      fs/fat/namei_vfat.o
  CC      lib/nlattr.o
  CC      fs/ext4/xattr_trusted.o
  CC      drivers/hid/hid-debug.o
  CC      net/ipv6/tcpv6_offload.o
  CC      drivers/gud/gud-exynos5422/MobiCoreDriver/api.o
  CC      net/ipv4/netfilter/ipt_ah.o
  CC      fs/ext4/inline.o
  CC      drivers/hid/hid-core.o
  CC      net/sched/sch_fifo.o
  CC      net/ipv6/udp_offload.o
  LD      fs/fat/fat.o
  CC      net/netfilter/xt_NETMAP.o
  CC      lib/cpu_rmap.o
  CC      drivers/gpu/arm/t6xx/r7p0/platform/exynos/gpu_integration_callbacks.o
  CC      drivers/gud/gud-exynos5422/MobiCoreDriver/pm.o
  LD      fs/fat/vfat.o
  LD      fs/fat/msdos.o
  CC      net/ipv4/netfilter/ipt_rpfilter.o
  CC      fs/ext4/xattr_security.o
  CC      lib/dynamic_queue_limits.o
  LD      fs/fat/built-in.o
  CC      drivers/hid/hid-input.o
  CC      net/netfilter/xt_NFLOG.o
  CC      net/sched/sch_htb.o
  CC      net/ipv6/exthdrs_offload.o
  CC      drivers/gpu/arm/t6xx/r7p0/platform/exynos/mali_kbase_platform.o
  CC      drivers/gpu/arm/t6xx/r7p0/mali_kbase_device.o
  CC      net/ipv4/netfilter/ipt_MASQUERADE.o
  CC      lib/strncpy_from_user.o
/home/pmos/build/src/android_kernel_samsung_k3gxx-2f78dde45cd08d9f1f7f047c81ffb237f7ab9b56/drivers/gpu/arm/t6xx/r7p0/mali_kbase_device.c: In function 'kbase_device_init':
/home/pmos/build/src/android_kernel_samsung_k3gxx-2f78dde45cd08d9f1f7f047c81ffb237f7ab9b56/drivers/gpu/arm/t6xx/r7p0/mali_kbase_device.c:208:9: warning: this 'for' clause does not guard... [-Wmisleading-indentation]
  208 |         for (i = 0; i < FBDUMP_CONTROL_MAX; i++)
      |         ^~~
/home/pmos/build/src/android_kernel_samsung_k3gxx-2f78dde45cd08d9f1f7f047c81ffb237f7ab9b56/drivers/gpu/arm/t6xx/r7p0/mali_kbase_device.c:211:17: note: ...this statement, but the latter is misleadingly indented as if it were guarded by the 'for'
  211 |                 kbase_debug_assert_register_hook(&kbasep_trace_hook_wrapper, kbdev);
      |                 ^~~~~~~~~~~~~~~~~~~~~~~~~~~~~~~~
  CC      drivers/gud/gud-exynos5422/MobiCoreDriver/main.o
  LD      fs/ext4/ext4.o
  LD      drivers/gpu/drm/i2c/built-in.o
  CC      drivers/hid/hidraw.o
  LD      drivers/gpu/drm/built-in.o
  CC      lib/strnlen_user.o
  CC      drivers/gpu/arm/t6xx/r7p0/platform/exynos/gpu_notifier.o
  CC      net/ipv6/inet6_hashtables.o
  CC      net/netfilter/xt_NFQUEUE.o
  CC      drivers/gpu/arm/t6xx/r7p0/mali_kbase_cache_policy.o
  CC      net/ipv4/inet_diag.o
  CC      lib/argv_split.o
  CC      drivers/gud/gud-exynos5422/MobiCoreKernelApi/main.o
  LD      fs/ext4/built-in.o
  CC      drivers/hid/uhid.o
  CC      net/ipv4/netfilter/ipt_REJECT.o
  CC      drivers/gpu/arm/t6xx/r7p0/platform/exynos/gpu_exynos5422.o
  LD      net/ipv6/ipv6.o
  CC      lib/bug.o
  CC      net/sched/cls_u32.o
  CC      net/ipv4/netfilter/arp_tables.o
  CC      net/netfilter/xt_REDIRECT.o
  CC      drivers/gud/gud-exynos5422/MobiCoreKernelApi/clientlib.o
  CC      lib/cmdline.o
  CC      net/unix/af_unix.o
  CC      drivers/hid/hid-generic.o
  CC      lib/cpumask.o
  CC      net/sched/ematch.o
  CC      net/ipv4/netfilter/arpt_mangle.o
  LD      net/ipv6/built-in.o
  CC      drivers/gpu/arm/t6xx/r7p0/platform/exynos/gpu_control.o
  CC      fs/jbd/transaction.o
  LD      drivers/hsi/clients/built-in.o
  CC      lib/ctype.o
  CC      drivers/hid/hid-a4tech.o
  LD      drivers/hsi/built-in.o
  CC      net/netfilter/xt_SECMARK.o
  CC      net/sched/em_u32.o
  CC      net/ipv4/netfilter/arptable_filter.o
  CC      lib/dec_and_lock.o
  CC      drivers/gud/gud-exynos5422/MobiCoreKernelApi/device.o
  CC      fs/jbd/commit.o
  CC      net/unix/garbage.o
  CC      drivers/hid/hid-axff.o
  CC      drivers/gpu/arm/t6xx/r7p0/platform/exynos/gpu_pmqos.o
  CC      drivers/gud/gud-exynos5422/MobiCoreKernelApi/session.o
  CC      drivers/gpu/arm/t6xx/r7p0/mali_kbase_mem.o
  CC      lib/decompress.o
  CC      fs/jbd/recovery.o
  CC      drivers/hid/hid-apple.o
  LD      net/sched/built-in.o
  CC      fs/jbd/checkpoint.o
  CC      lib/decompress_bunzip2.o
  CC      net/unix/sysctl_net_unix.o
  LD      net/ipv4/netfilter/nf_conntrack_ipv4.o
  CC      drivers/gud/gud-exynos5422/MobiCoreKernelApi/connection.o
  CC      net/netfilter/xt_TCPMSS.o
  LD      net/ipv4/netfilter/nf_nat_ipv4.o
  CC      drivers/hid/hid-belkin.o
  LD      net/ipv4/netfilter/built-in.o
  CC      lib/decompress_inflate.o
  CC      fs/jbd/revoke.o
  LD      net/unix/unix.o
  CC      drivers/gpu/arm/t6xx/r7p0/mali_kbase_mmu.o
  CC      drivers/gpu/arm/t6xx/r7p0/platform/exynos/gpu_utilization.o
  CC      drivers/hid/hid-cherry.o
  CC      drivers/hwmon/hwmon.o
  LD      net/unix/built-in.o
  CC      drivers/gpu/ion/ion.o
  CC      net/ipv4/tcp_diag.o
/home/pmos/build/src/android_kernel_samsung_k3gxx-2f78dde45cd08d9f1f7f047c81ffb237f7ab9b56/drivers/gpu/arm/t6xx/r7p0/mali_kbase_mmu.c: In function 'access_type_name':
/home/pmos/build/src/android_kernel_samsung_k3gxx-2f78dde45cd08d9f1f7f047c81ffb237f7ab9b56/drivers/gpu/arm/t6xx/r7p0/mali_kbase_mmu.c:1337:24: warning: statement will never be executed [-Wswitch-unreachable]
 1337 |                 return "UNKNOWN";
      |                        ^~~~~~~~~
  CC      net/netfilter/xt_IDLETIMER.o
  CC      drivers/gud/gud-exynos5422/sec-os-ctrl/sec_os_ctrl.o
  CC      drivers/hid/hid-chicony.o
  CC      drivers/hwmon/sec_thermistor.o
/home/pmos/build/src/android_kernel_samsung_k3gxx-2f78dde45cd08d9f1f7f047c81ffb237f7ab9b56/drivers/gpu/ion/ion.c: In function 'ion_buffer_dump_clients':
/home/pmos/build/src/android_kernel_samsung_k3gxx-2f78dde45cd08d9f1f7f047c81ffb237f7ab9b56/drivers/gpu/ion/ion.c:2049:33: warning: 'strncat' specified bound 1 equals source length [-Wstringop-overflow=]
 2049 |                                 strncat((char *)(str + total_len),
      |                                 ^~~~~~~~~~~~~~~~~~~~~~~~~~~~~~~~~~
 2050 |                                                         delim, strlen(delim));
      |                                                         ~~~~~~~~~~~~~~~~~~~~~
/home/pmos/build/src/android_kernel_samsung_k3gxx-2f78dde45cd08d9f1f7f047c81ffb237f7ab9b56/drivers/gpu/ion/ion.c: In function 'ion_buffer_dump_tasks':
/home/pmos/build/src/android_kernel_samsung_k3gxx-2f78dde45cd08d9f1f7f047c81ffb237f7ab9b56/drivers/gpu/ion/ion.c:2077:25: warning: 'strncat' specified bound 1 equals source length [-Wstringop-overflow=]
 2077 |                         strncat((char *)(str + total_len + 1),
      |                         ^~~~~~~~~~~~~~~~~~~~~~~~~~~~~~~~~~~~~~
 2078 |                                                 delim, strlen(delim));
      |                                                 ~~~~~~~~~~~~~~~~~~~~~
  CC      net/netfilter/xt_comment.o
  CC      fs/jbd/journal.o
  CC      drivers/gpu/arm/t6xx/r7p0/platform/exynos/gpu_dvfs_handler.o
  CC      drivers/gpu/ion/ion_heap.o
  CC      lib/decompress_unlzma.o
  CC      drivers/hid/hid-cypress.o
  CC      drivers/i2c/i2c-boardinfo.o
  LD      drivers/gud/gud-exynos5422/sec-os-ctrl/built-in.o
  CC      net/ipv4/tcp_cubic.o
  CC      drivers/i2c/i2c-core.o
  LD      drivers/gud/gud-exynos5422/mcKernelApi.o
  CC      net/netfilter/xt_connbytes.o
  LD      drivers/hwmon/built-in.o
  LD      fs/jbd/jbd.o
  CC      drivers/gpu/ion/ion_page_pool.o
  LD      drivers/gud/gud-exynos5422/mcDrvModule.o
  CC      lib/decompress_unlzo.o
  LD      fs/jbd/built-in.o
  CC      net/ipv4/xfrm4_policy.o
  CC      drivers/hid/hid-dr.o
  LD      drivers/gud/gud-exynos5422/built-in.o
  CC      lib/decompress_unxz.o
  CC      drivers/gpu/arm/t6xx/r7p0/platform/exynos/gpu_dvfs_api.o
  CC      drivers/ice40lm/ice40lm.o
  CC      fs/jbd2/transaction.o
  LD      drivers/gud/built-in.o
  CC      drivers/hid/hid-emsff.o
  CC      net/netfilter/xt_connlabel.o
  CC      drivers/gpu/ion/ion_system_heap.o
  CC      drivers/hid/hid-elecom.o
  CC      drivers/i2c/i2c-dev.o
  CC      drivers/gpu/ion/ion_carveout_heap.o
  CC      net/ipv4/xfrm4_state.o
  CC      drivers/gpu/arm/t6xx/r7p0/platform/exynos/gpu_dvfs_governor.o
  CC      lib/dump_stack.o
  CC      fs/jbd2/commit.o
  CC      net/netfilter/xt_connlimit.o
  LD      drivers/ice40lm/built-in.o
  CC      drivers/gpu/ion/ion_chunk_heap.o
  CC      drivers/hid/hid-ezkey.o
  CC      lib/earlycpio.o
  CC      net/xfrm/xfrm_policy.o
  CC      net/ipv4/xfrm4_input.o
  CC      drivers/i2c/algos/i2c-algo-bit.o
  CC      lib/extable.o
  CC      drivers/gpu/arm/t6xx/r7p0/platform/exynos/gpu_perf.o
  CC      drivers/hid/hid-gyration.o
  CC      fs/jbd2/recovery.o
  CC      drivers/gpu/ion/ion_cma_heap.o
In file included from /home/pmos/build/src/android_kernel_samsung_k3gxx-2f78dde45cd08d9f1f7f047c81ffb237f7ab9b56/include/linux/if_ether.h:23,
                 from /home/pmos/build/src/android_kernel_samsung_k3gxx-2f78dde45cd08d9f1f7f047c81ffb237f7ab9b56/include/uapi/linux/ethtool.h:17,
                 from /home/pmos/build/src/android_kernel_samsung_k3gxx-2f78dde45cd08d9f1f7f047c81ffb237f7ab9b56/include/linux/ethtool.h:16,
                 from /home/pmos/build/src/android_kernel_samsung_k3gxx-2f78dde45cd08d9f1f7f047c81ffb237f7ab9b56/include/linux/netdevice.h:42,
                 from /home/pmos/build/src/android_kernel_samsung_k3gxx-2f78dde45cd08d9f1f7f047c81ffb237f7ab9b56/net/xfrm/xfrm_policy.c:23:
In function '__skb_queue_splice',
    inlined from 'skb_queue_splice_init' at /home/pmos/build/src/android_kernel_samsung_k3gxx-2f78dde45cd08d9f1f7f047c81ffb237f7ab9b56/include/linux/skbuff.h:1155:3,
    inlined from 'xfrm_policy_requeue' at /home/pmos/build/src/android_kernel_samsung_k3gxx-2f78dde45cd08d9f1f7f047c81ffb237f7ab9b56/net/xfrm/xfrm_policy.c:593:2:
/home/pmos/build/src/android_kernel_samsung_k3gxx-2f78dde45cd08d9f1f7f047c81ffb237f7ab9b56/include/linux/skbuff.h:1124:20: warning: array subscript 'struct sk_buff[0]' is partly outside array bounds of 'struct sk_buff_head[1]' [-Warray-bounds=]
 1124 |         prev->next = first;
      |         ~~~~~~~~~~~^~~~~~~
/home/pmos/build/src/android_kernel_samsung_k3gxx-2f78dde45cd08d9f1f7f047c81ffb237f7ab9b56/net/xfrm/xfrm_policy.c: In function 'xfrm_policy_requeue':
/home/pmos/build/src/android_kernel_samsung_k3gxx-2f78dde45cd08d9f1f7f047c81ffb237f7ab9b56/net/xfrm/xfrm_policy.c:588:29: note: object 'list' of size 16
  588 |         struct sk_buff_head list;
      |                             ^~~~
In function '__skb_queue_splice',
    inlined from 'skb_queue_splice_init' at /home/pmos/build/src/android_kernel_samsung_k3gxx-2f78dde45cd08d9f1f7f047c81ffb237f7ab9b56/include/linux/skbuff.h:1155:3,
    inlined from 'xfrm_policy_queue_process' at /home/pmos/build/src/android_kernel_samsung_k3gxx-2f78dde45cd08d9f1f7f047c81ffb237f7ab9b56/net/xfrm/xfrm_policy.c:1797:2:
/home/pmos/build/src/android_kernel_samsung_k3gxx-2f78dde45cd08d9f1f7f047c81ffb237f7ab9b56/include/linux/skbuff.h:1124:20: warning: array subscript 'struct sk_buff[0]' is partly outside array bounds of 'struct sk_buff_head[1]' [-Warray-bounds=]
 1124 |         prev->next = first;
      |         ~~~~~~~~~~~^~~~~~~
/home/pmos/build/src/android_kernel_samsung_k3gxx-2f78dde45cd08d9f1f7f047c81ffb237f7ab9b56/net/xfrm/xfrm_policy.c: In function 'xfrm_policy_queue_process':
/home/pmos/build/src/android_kernel_samsung_k3gxx-2f78dde45cd08d9f1f7f047c81ffb237f7ab9b56/net/xfrm/xfrm_policy.c:1765:29: note: object 'list' of size 16
 1765 |         struct sk_buff_head list;
      |                             ^~~~
  CC      net/wireless/core.o
  CC      net/netfilter/xt_conntrack.o
  CC      drivers/gpu/arm/t6xx/r7p0/mali_kbase_ipa.o
  CC      drivers/gpu/arm/t6xx/r7p0/platform/exynos/gpu_balance.o
  CC      lib/flex_proportions.o
  CC      net/ipv4/xfrm4_output.o
  LD      drivers/i2c/algos/built-in.o
  CC      drivers/gpu/ion/exynos/exynos_ion.o
  CC      net/xfrm/xfrm_state.o
  CC      lib/idr.o
  CC      net/netfilter/xt_ecn.o
  CC      drivers/i2c/busses/i2c-exynos5.o
  CC      drivers/gpu/arm/t6xx/r7p0/mali_kbase_jd.o
/home/pmos/build/src/android_kernel_samsung_k3gxx-2f78dde45cd08d9f1f7f047c81ffb237f7ab9b56/drivers/gpu/ion/exynos/exynos_ion.c: In function 'ion_exynos_contigheap_init':
/home/pmos/build/src/android_kernel_samsung_k3gxx-2f78dde45cd08d9f1f7f047c81ffb237f7ab9b56/drivers/gpu/ion/exynos/exynos_ion.c:1588:17: warning: 'strncpy' output may be truncated copying 11 bytes from a string of length 5711 [-Wstringop-truncation]
 1588 |                 strncpy(drvdata->name, exynos_ion_contig_region[i].name,
      |                 ^~~~~~~~~~~~~~~~~~~~~~~~~~~~~~~~~~~~~~~~~~~~~~~~~~~~~~~~
 1589 |                         MAX_CONTIG_NAME);
      |                         ~~~~~~~~~~~~~~~~
  CC      drivers/hid/hid-kensington.o
  CC      fs/jbd2/checkpoint.o
  CC      lib/int_sqrt.o
  CC      net/wireless/sysfs.o
  LD      drivers/gpu/ion/exynos/built-in.o
  LD      net/ipv4/built-in.o
  CC      drivers/hid/hid-keytouch.o
  CC      lib/ioremap.o
  CC      fs/jbd2/revoke.o
  LD      drivers/gpu/ion/built-in.o
  CC      net/xfrm/xfrm_hash.o
  CC      net/netfilter/xt_hashlimit.o
  CC      drivers/hid/hid-kye.o
  CC      net/wireless/radiotap.o
  CC      drivers/gpu/arm/t6xx/r7p0/platform/exynos/gpu_custom_interface.o
  CC      fs/nls/nls_base.o
  CC      lib/irq_regs.o
  CC      drivers/i2c/busses/i2c-gpio.o
  CC      fs/jbd2/journal.o
/home/pmos/build/src/android_kernel_samsung_k3gxx-2f78dde45cd08d9f1f7f047c81ffb237f7ab9b56/net/wireless/radiotap.c: In function 'ieee80211_radiotap_iterator_init':
/home/pmos/build/src/android_kernel_samsung_k3gxx-2f78dde45cd08d9f1f7f047c81ffb237f7ab9b56/net/wireless/radiotap.c:114:34: warning: taking address of packed member of 'struct ieee80211_radiotap_header' may result in an unaligned pointer value [-Waddress-of-packed-member]
  114 |         iterator->_next_bitmap = &radiotap_header->it_present;
      |                                  ^~~~~~~~~~~~~~~~~~~~~~~~~~~~
  CC      net/xfrm/xfrm_input.o
  LD      drivers/i2c/muxes/built-in.o
  CC      lib/is_single_threaded.o
  CC      fs/nls/nls_cp437.o
  CC      drivers/hid/hid-lcpower.o
  CC      net/wireless/util.o
  CC      fs/nls/nls_ascii.o
  CC      drivers/i2c/busses/i2c-s3c2410.o
  CC      drivers/gpu/arm/t6xx/r7p0/platform/exynos/gpu_ipa.o
  LD      fs/jbd2/jbd2.o
  CC      net/netfilter/xt_helper.o
  LD      drivers/hid/hid-logitech.o
  CC      lib/klist.o
  CC      net/xfrm/xfrm_output.o
  CC      drivers/hid/hid-magicmouse.o
  LD      fs/jbd2/built-in.o
  LD      drivers/i2c/busses/built-in.o
  CC      net/sysctl_net.o
  CC      lib/kobject.o
  LD      drivers/idle/built-in.o
  CC      fs/nls/nls_iso8859-1.o
  CC      lib/kobject_uevent.o
In function 'fill_kobj_path',
    inlined from 'kobject_get_path' at /home/pmos/build/src/android_kernel_samsung_k3gxx-2f78dde45cd08d9f1f7f047c81ffb237f7ab9b56/lib/kobject.c:113:2:
/home/pmos/build/src/android_kernel_samsung_k3gxx-2f78dde45cd08d9f1f7f047c81ffb237f7ab9b56/lib/kobject.c:86:17: warning: 'strncpy' specified bound depends on the length of the source argument [-Wstringop-truncation]
   86 |                 strncpy(path + length, kobject_name(parent), cur);
      |                 ^~~~~~~~~~~~~~~~~~~~~~~~~~~~~~~~~~~~~~~~~~~~~~~~~
/home/pmos/build/src/android_kernel_samsung_k3gxx-2f78dde45cd08d9f1f7f047c81ffb237f7ab9b56/lib/kobject.c:83:27: note: length computed here
   83 |                 int cur = strlen(kobject_name(parent));
      |                           ^~~~~~~~~~~~~~~~~~~~~~~~~~~~
  LD      drivers/i2c/built-in.o
  CC      net/wireless/reg.o
  CC      net/netfilter/xt_hl.o
  CC      net/xfrm/xfrm_sysctl.o
  LD      drivers/gpu/arm/t6xx/r7p0/platform/exynos/built-in.o
  CC      fs/notify/fsnotify.o
  CC      drivers/hid/hid-microsoft.o
  CC      net/xfrm/xfrm_replay.o
  CC      fs/nls/nls_utf8.o
  CC      net/activity_stats.o
  CC      lib/md5.o
  LD      drivers/gpu/vga/built-in.o
  LD      drivers/gpu/arm/t6xx/r7p0/platform/built-in.o
  CC      fs/notify/notification.o
  CC      fs/notify/group.o
  CC      net/wireless/scan.o
  CC      lib/plist.o
  CC      drivers/hid/hid-monterey.o
  CC      net/netfilter/xt_iprange.o
  CC      net/xfrm/xfrm_algo.o
  LD      fs/nls/built-in.o
  CC      drivers/gpu/arm/t6xx/r7p0/mali_kbase_jd_debugfs.o
  CC      lib/prio_heap.o
  CC      drivers/gpu/arm/t6xx/r7p0/mali_kbase_jm.o
  CC      fs/notify/inode_mark.o
  CC      net/xfrm/xfrm_user.o
  CC      drivers/hid/hid-multitouch.o
  CC      net/wireless/nl80211.o
  CC      net/netfilter/xt_length.o
  CC      lib/proportions.o
  CC      net/xfrm/xfrm_ipcomp.o
  CC      drivers/gpu/arm/t6xx/r7p0/mali_kbase_gpuprops.o
  CC      drivers/hid/hid-ntrig.o
  CC      drivers/iio/industrialio-core.o
  CC      fs/proc/task_mmu.o
  CC      fs/notify/mark.o
  CC      net/netfilter/xt_limit.o
  CC      lib/radix-tree.o
  LD      net/xfrm/built-in.o
  CC      drivers/input/input.o
  CC      drivers/input/serio/serio.o
  CC      fs/proc/inode.o
  CC      net/wireless/mlme.o
  CC      drivers/iio/industrialio-event.o
  CC      drivers/hid/hid-ortek.o
  CC      drivers/input/input-compat.o
  CC      drivers/iio/inkern.o
  CC      net/netfilter/xt_mac.o
  CC      lib/ratelimit.o
  CC      drivers/gpu/arm/t6xx/r7p0/mali_kbase_js.o
  CC      fs/notify/vfsmount_mark.o
  CC      fs/proc/root.o
  CC      drivers/input/input-mt.o
  CC      drivers/input/serio/serport.o
  CC      drivers/hid/hid-prodikeys.o
  CC      drivers/input/ff-core.o
  CC      drivers/iio/industrialio-buffer.o
  CC      lib/rbtree.o
  CC      net/netfilter/xt_pkttype.o
  CC      net/wireless/ibss.o
  CC      drivers/iio/industrialio-trigger.o
  CC      fs/notify/fdinfo.o
  CC      fs/proc/base.o
  CC      net/netfilter/xt_policy.o
  CC      lib/reciprocal_div.o
  CC      drivers/gpu/arm/t6xx/r7p0/mali_kbase_js_ctx_attr.o
  CC      drivers/iio/kfifo_buf.o
  CC      drivers/input/serio/libps2.o
  CC      drivers/input/ff-memless.o
  CC      drivers/iommu/iommu.o
  CC      drivers/hid/hid-pl.o
  LD      drivers/iio/accel/built-in.o
  CC      fs/proc/generic.o
  LD      drivers/input/serio/built-in.o
  CC      lib/rwsem-spinlock.o
  CC      drivers/iommu/of_iommu.o
  CC      fs/notify/dnotify/dnotify.o
  CC      drivers/iio/adc/exynos_adc.o
  CC      net/netfilter/xt_qtaguid_print.o
  CC      drivers/hid/hid-petalynx.o
  CC      drivers/input/matrix-keymap.o
  CC      net/wireless/sme.o
  CC      drivers/iommu/exynos-iovmm.o
  CC      lib/sha1.o
  LD      fs/notify/dnotify/built-in.o
  LD      drivers/iio/adc/built-in.o
  CC      fs/proc/array.o
  CC      drivers/input/mousedev.o
  CC      net/netfilter/xt_qtaguid.o
  CC      lib/show_mem.o
  LD      fs/notify/fanotify/built-in.o
  LD      drivers/iio/amplifiers/built-in.o
  CC      drivers/irqchip/irqchip.o
  CC      drivers/gpu/arm/t6xx/r7p0/mali_kbase_event.o
  CC      drivers/iommu/exynos-iommu.o
/home/pmos/build/src/android_kernel_samsung_k3gxx-2f78dde45cd08d9f1f7f047c81ffb237f7ab9b56/net/netfilter/xt_qtaguid.c: In function 'iface_stat_create':
/home/pmos/build/src/android_kernel_samsung_k3gxx-2f78dde45cd08d9f1f7f047c81ffb237f7ab9b56/net/netfilter/xt_qtaguid.c:973:29: warning: the comparison will always evaluate as 'true' for the address of 'ifa_label' will never be NULL [-Waddress]
  973 |                         if (ifa->ifa_label && !strcmp(ifname, ifa->ifa_label))
      |                             ^~~
In file included from /home/pmos/build/src/android_kernel_samsung_k3gxx-2f78dde45cd08d9f1f7f047c81ffb237f7ab9b56/net/netfilter/xt_qtaguid.c:18:
/home/pmos/build/src/android_kernel_samsung_k3gxx-2f78dde45cd08d9f1f7f047c81ffb237f7ab9b56/include/linux/inetdevice.h:168:33: note: 'ifa_label' declared here
  168 |         char                    ifa_label[IFNAMSIZ];
      |                                 ^~~~~~~~~
  LD      drivers/hid/hid-picolcd.o
  CC      fs/proc/fd.o
  CC      fs/notify/inotify/inotify_fsnotify.o
  CC      drivers/irqchip/exynos-combiner.o
  CC      drivers/hid/hid-roccat.o
  CC      net/wireless/chan.o
  CC      drivers/input/evdev.o
  CC      lib/string.o
  CC      drivers/gpu/arm/t6xx/r7p0/mali_kbase_context.o
  CC      net/netfilter/xt_quota.o
  CC      lib/timerqueue.o
  LD      drivers/iio/common/hid-sensors/built-in.o
  CC      drivers/iommu/exynos5-iommu.o
  LD      drivers/iio/common/st_sensors/built-in.o
  LD      drivers/iio/common/built-in.o
  CC      lib/vsprintf.o
  CC      fs/notify/inotify/inotify_user.o
  LD      drivers/iio/dac/built-in.o
  CC      drivers/iommu/exynos-iommu-log.o
  CC      fs/proc/proc_tty.o
  LD      drivers/iio/frequency/built-in.o
  CC      net/netfilter/xt_quota2.o
  CC      drivers/irqchip/irq-gic.o
  CC      drivers/hid/hid-roccat-common.o
  LD      drivers/iio/grip/built-in.o
  CC      drivers/gpu/arm/t6xx/r7p0/mali_kbase_pm.o
  GEN     lib/crc32table.h
  CC      fs/proc/cmdline.o
  CC      net/wireless/ethtool.o
  CC      drivers/input/keyboard/atkbd.o
  AR      lib/lib.a
  LD      drivers/iio/gyro/built-in.o
  CC      net/netfilter/xt_sctp.o
  LD      drivers/irqchip/built-in.o
  LD      drivers/iommu/built-in.o
  CC      fs/proc/consoles.o
  CC      drivers/hid/hid-roccat-arvo.o
/home/pmos/build/src/android_kernel_samsung_k3gxx-2f78dde45cd08d9f1f7f047c81ffb237f7ab9b56/drivers/input/keyboard/atkbd.c: In function 'atkbd_set_device_attrs':
/home/pmos/build/src/android_kernel_samsung_k3gxx-2f78dde45cd08d9f1f7f047c81ffb237f7ab9b56/drivers/input/keyboard/atkbd.c:1062:21: warning: '/input0' directive output may be truncated writing 7 bytes into a region of size between 1 and 32 [-Wformat-truncation=]
 1062 |                  "%s/input0", atkbd->ps2dev.serio->phys);
      |                     ^~~~~~~
/home/pmos/build/src/android_kernel_samsung_k3gxx-2f78dde45cd08d9f1f7f047c81ffb237f7ab9b56/drivers/input/keyboard/atkbd.c:1061:9: note: 'snprintf' output between 8 and 39 bytes into a destination of size 32
 1061 |         snprintf(atkbd->phys, sizeof(atkbd->phys),
      |         ^~~~~~~~~~~~~~~~~~~~~~~~~~~~~~~~~~~~~~~~~~
 1062 |                  "%s/input0", atkbd->ps2dev.serio->phys);
      |                  ~~~~~~~~~~~~~~~~~~~~~~~~~~~~~~~~~~~~~~~
  CC      lib/crc32.o
  LD      fs/quota/built-in.o
  CC      drivers/leds/led-core.o
  CC      drivers/input/keyboard/gpio_keys.o
  CC      fs/proc/cpuinfo.o
  CC      drivers/gpu/arm/t6xx/r7p0/mali_kbase_config.o
  CC      net/wireless/mesh.o
  CC      drivers/leds/led-class.o
  LD      drivers/iio/imu/inv_mpu6050/built-in.o
  CC      fs/ramfs/inode.o
  CC      drivers/hid/hid-roccat-isku.o
  CC      net/netfilter/xt_socket.o
  CC      drivers/input/keyboard/samsung-keypad.o
  CC      fs/proc/devices.o
  LD      lib/built-in.o
  CC      drivers/leds/leds-lp55xx-common.o
  LD      drivers/iio/imu/inv_mpu6515/built-in.o
  LD      fs/notify/inotify/built-in.o
  CC      drivers/gpu/arm/t6xx/r7p0/mali_kbase_security.o
  LD      drivers/iio/imu/built-in.o
  LD      fs/notify/built-in.o
  CC      net/wireless/ap.o
  CC      fs/ramfs/file-mmu.o
  CC      drivers/leds/leds-lp5562.o
  CC      drivers/hid/hid-roccat-kone.o
  CC      drivers/input/keyboard/cypress_20075/cypress-touchkey.o
  LD      drivers/iio/inv_test/built-in.o
  CC      fs/proc/interrupts.o
  CC      drivers/input/keyboard/cypress_20075/issp_driver_routines.o
  CC      fs/romfs/storage.o
  CC      drivers/gpu/arm/t6xx/r7p0/mali_kbase_instr.o
  CC      net/netfilter/xt_state.o
  LD      fs/ramfs/ramfs.o
  CC      fs/proc/loadavg.o
  LD      fs/ramfs/built-in.o
  CC      drivers/leds/leds-max77804.o
  CC      net/wireless/trace.o
  LD      drivers/iio/light/built-in.o
  CC      drivers/hid/hid-roccat-koneplus.o
  CC      drivers/input/keyboard/cypress_20075/issp_main.o
  CC      fs/romfs/super.o
  CC      drivers/input/misc/uinput.o
  CC      drivers/gpu/arm/t6xx/r7p0/mali_kbase_vinstr.o
  CC      fs/proc/meminfo.o
  LD      drivers/lguest/built-in.o
  CC      net/netfilter/xt_statistic.o
  LD      drivers/iio/magnetometer/yas537/built-in.o
  CC      drivers/hid/hid-roccat-konepure.o
  CC      drivers/input/keyboard/cypress_20075/issp_routines.o
  LD      drivers/input/mouse/built-in.o
  LD      drivers/iio/magnetometer/built-in.o
  CC      fs/proc/stat.o
  CC      net/wireless/wext-compat.o
  LD      drivers/leds/built-in.o
  CC      net/netfilter/xt_string.o
  CC      drivers/input/misc/input_booster.o
  CC      fs/proc/uptime.o
  LD      drivers/iio/industrialio.o
  CC      drivers/gpu/arm/t6xx/r7p0/mali_kbase_softjobs.o
  LD      drivers/input/keyboard/cypress_20075/built-in.o
  LD      fs/romfs/romfs.o
  CC      drivers/hid/hid-roccat-kovaplus.o
/home/pmos/build/src/android_kernel_samsung_k3gxx-2f78dde45cd08d9f1f7f047c81ffb237f7ab9b56/drivers/input/misc/input_booster.c: In function 'input_booster_SET_dvfs_work_func_TOUCHKEY':
/home/pmos/build/src/android_kernel_samsung_k3gxx-2f78dde45cd08d9f1f7f047c81ffb237f7ab9b56/drivers/input/misc/input_booster.c:208:17: warning: this 'if' clause does not guard... [-Wmisleading-indentation]
  208 |                 if (dvfs->lock_status)
      |                 ^~
/home/pmos/build/src/android_kernel_samsung_k3gxx-2f78dde45cd08d9f1f7f047c81ffb237f7ab9b56/drivers/input/misc/input_booster.c:210:25: note: ...this statement, but the latter is misleadingly indented as if it were guarded by the 'if'
  210 |                         schedule_work(&dvfs->dvfs_off_work.work);
      |                         ^~~~~~~~~~~~~
  LD      drivers/input/keyboard/built-in.o
  LD      fs/romfs/built-in.o
  CC      net/netfilter/xt_time.o
  CC      drivers/input/touchscreen/synaptics_dsx/synaptics_i2c_rmi.o
  LD      drivers/macintosh/built-in.o
  CC      net/netfilter/xt_u32.o
  LD      drivers/iio/built-in.o
  CC      fs/proc/version.o
  CC      net/wireless/wext-sme.o
  LD      drivers/input/misc/built-in.o
  LD      net/netfilter/netfilter.o
  CC      drivers/gpu/arm/t6xx/r7p0/mali_kbase_10969_workaround.o
  CC      drivers/input/touchscreen/synaptics_dsx/rmi_dev.o
  CC      drivers/input/keyreset.o
  CC      drivers/hid/hid-roccat-lua.o
/home/pmos/build/src/android_kernel_samsung_k3gxx-2f78dde45cd08d9f1f7f047c81ffb237f7ab9b56/drivers/input/touchscreen/synaptics_dsx/synaptics_i2c_rmi.c: In function 'synaptics_rmi4_access_register':
/home/pmos/build/src/android_kernel_samsung_k3gxx-2f78dde45cd08d9f1f7f047c81ffb237f7ab9b56/drivers/input/touchscreen/synaptics_dsx/synaptics_i2c_rmi.c:592:37: warning: 'snprintf' output truncated before the last format character [-Wformat-truncation=]
  592 |                 snprintf(temp, 1, ":");
      |                                     ^
/home/pmos/build/src/android_kernel_samsung_k3gxx-2f78dde45cd08d9f1f7f047c81ffb237f7ab9b56/drivers/input/touchscreen/synaptics_dsx/synaptics_i2c_rmi.c:592:17: note: 'snprintf' output 2 bytes into a destination of size 1
  592 |                 snprintf(temp, 1, ":");
      |                 ^~~~~~~~~~~~~~~~~~~~~~
/home/pmos/build/src/android_kernel_samsung_k3gxx-2f78dde45cd08d9f1f7f047c81ffb237f7ab9b56/drivers/input/touchscreen/synaptics_dsx/synaptics_i2c_rmi.c:576:37: warning: 'snprintf' output truncated before the last format character [-Wformat-truncation=]
  576 |                 snprintf(temp, 1, ":");
      |                                     ^
/home/pmos/build/src/android_kernel_samsung_k3gxx-2f78dde45cd08d9f1f7f047c81ffb237f7ab9b56/drivers/input/touchscreen/synaptics_dsx/synaptics_i2c_rmi.c:576:17: note: 'snprintf' output 2 bytes into a destination of size 1
  576 |                 snprintf(temp, 1, ":");
      |                 ^~~~~~~~~~~~~~~~~~~~~~
  CC      fs/proc/softirqs.o
  CC      net/netfilter/interceptor/ip_selector_db.o
  CC      net/wireless/wext-core.o
  CC      fs/sdcardfs/dentry.o
  CC      net/wireless/wext-proc.o
  CC      drivers/hid/hid-roccat-pyra.o
  CC      drivers/input/touchscreen/synaptics_dsx/rmi_fw_update.o
  CC      drivers/input/hall.o
  CC      drivers/gpu/arm/t6xx/r7p0/mali_kbase_hw.o
  CC      net/netfilter/interceptor/ip_selector_match.o
/home/pmos/build/src/android_kernel_samsung_k3gxx-2f78dde45cd08d9f1f7f047c81ffb237f7ab9b56/drivers/input/touchscreen/synaptics_dsx/rmi_fw_update.c: In function 'synaptics_rmi4_set_tsp_test_result_in_config':
/home/pmos/build/src/android_kernel_samsung_k3gxx-2f78dde45cd08d9f1f7f047c81ffb237f7ab9b56/drivers/input/touchscreen/synaptics_dsx/rmi_fw_update.c:1278:31: warning: 'snprintf' output truncated before the last format character [-Wformat-truncation=]
 1278 |         snprintf(buf, 2, "%u\n", 1);
      |                               ^
/home/pmos/build/src/android_kernel_samsung_k3gxx-2f78dde45cd08d9f1f7f047c81ffb237f7ab9b56/drivers/input/touchscreen/synaptics_dsx/rmi_fw_update.c:1278:9: note: 'snprintf' output 3 bytes into a destination of size 2
 1278 |         snprintf(buf, 2, "%u\n", 1);
      |         ^~~~~~~~~~~~~~~~~~~~~~~~~~~
  CC      fs/proc/namespaces.o
  CC      fs/sysfs/inode.o
  CC      fs/sdcardfs/file.o
  CC      drivers/input/touchscreen/synaptics_dsx/rmi_f54.o
  CC      drivers/hid/hid-roccat-savu.o
  CC      fs/eventpoll.o
  CC      fs/sdcardfs/inode.o
  CC      net/netfilter/interceptor/kernelspd_main.o
  CC      fs/sysfs/file.o
/home/pmos/build/src/android_kernel_samsung_k3gxx-2f78dde45cd08d9f1f7f047c81ffb237f7ab9b56/drivers/input/touchscreen/synaptics_dsx/rmi_f54.c: In function 'set_default_result':
/home/pmos/build/src/android_kernel_samsung_k3gxx-2f78dde45cd08d9f1f7f047c81ffb237f7ab9b56/drivers/input/touchscreen/synaptics_dsx/rmi_f54.c:1503:9: warning: 'strncat' output truncated before terminating nul copying 1 byte from a string of the same length [-Wstringop-truncation]
 1503 |         strncat(data->cmd_result, &delim, 1);
      |         ^~~~~~~~~~~~~~~~~~~~~~~~~~~~~~~~~~~~
In function 'set_cmd_result',
    inlined from 'stylus_enable' at /home/pmos/build/src/android_kernel_samsung_k3gxx-2f78dde45cd08d9f1f7f047c81ffb237f7ab9b56/drivers/input/touchscreen/synaptics_dsx/rmi_f54.c:3895:2:
/home/pmos/build/src/android_kernel_samsung_k3gxx-2f78dde45cd08d9f1f7f047c81ffb237f7ab9b56/drivers/input/touchscreen/synaptics_dsx/rmi_f54.c:1510:9: warning: 'strncat' accessing between 769 and 2147483644 bytes at offsets 860 and 92 may overlap 1 byte at offset 860 [-Wrestrict]
 1510 |         strncat(data->cmd_result, buf, length);
      |         ^~~~~~~~~~~~~~~~~~~~~~~~~~~~~~~~~~~~~~
In function 'set_cmd_result',
    inlined from 'report_rate' at /home/pmos/build/src/android_kernel_samsung_k3gxx-2f78dde45cd08d9f1f7f047c81ffb237f7ab9b56/drivers/input/touchscreen/synaptics_dsx/rmi_f54.c:3847:2:
/home/pmos/build/src/android_kernel_samsung_k3gxx-2f78dde45cd08d9f1f7f047c81ffb237f7ab9b56/drivers/input/touchscreen/synaptics_dsx/rmi_f54.c:1510:9: warning: 'strncat' accessing between 769 and 2147483644 bytes at offsets 860 and 92 may overlap 1 byte at offset 860 [-Wrestrict]
 1510 |         strncat(data->cmd_result, buf, length);
      |         ^~~~~~~~~~~~~~~~~~~~~~~~~~~~~~~~~~~~~~
In function 'set_cmd_result',
    inlined from 'hover_set_edge_rx' at /home/pmos/build/src/android_kernel_samsung_k3gxx-2f78dde45cd08d9f1f7f047c81ffb237f7ab9b56/drivers/input/touchscreen/synaptics_dsx/rmi_f54.c:2984:2:
/home/pmos/build/src/android_kernel_samsung_k3gxx-2f78dde45cd08d9f1f7f047c81ffb237f7ab9b56/drivers/input/touchscreen/synaptics_dsx/rmi_f54.c:1510:9: warning: 'strncat' accessing between 769 and 2147483644 bytes at offsets 860 and 92 may overlap 1 byte at offset 860 [-Wrestrict]
 1510 |         strncat(data->cmd_result, buf, length);
      |         ^~~~~~~~~~~~~~~~~~~~~~~~~~~~~~~~~~~~~~
In function 'set_cmd_result',
    inlined from 'hover_no_sleep_enable' at /home/pmos/build/src/android_kernel_samsung_k3gxx-2f78dde45cd08d9f1f7f047c81ffb237f7ab9b56/drivers/input/touchscreen/synaptics_dsx/rmi_f54.c:2946:2:
/home/pmos/build/src/android_kernel_samsung_k3gxx-2f78dde45cd08d9f1f7f047c81ffb237f7ab9b56/drivers/input/touchscreen/synaptics_dsx/rmi_f54.c:1510:9: warning: 'strncat' accessing between 769 and 2147483644 bytes at offsets 860 and 92 may overlap 1 byte at offset 860 [-Wrestrict]
 1510 |         strncat(data->cmd_result, buf, length);
      |         ^~~~~~~~~~~~~~~~~~~~~~~~~~~~~~~~~~~~~~
In function 'set_cmd_result',
    inlined from 'get_delta' at /home/pmos/build/src/android_kernel_samsung_k3gxx-2f78dde45cd08d9f1f7f047c81ffb237f7ab9b56/drivers/input/touchscreen/synaptics_dsx/rmi_f54.c:2577:2:
/home/pmos/build/src/android_kernel_samsung_k3gxx-2f78dde45cd08d9f1f7f047c81ffb237f7ab9b56/drivers/input/touchscreen/synaptics_dsx/rmi_f54.c:1510:9: warning: 'strncat' accessing between 769 and 2147483644 bytes at offsets 860 and 92 may overlap 1 byte at offset 860 [-Wrestrict]
 1510 |         strncat(data->cmd_result, buf, length);
      |         ^~~~~~~~~~~~~~~~~~~~~~~~~~~~~~~~~~~~~~
In function 'set_cmd_result',
    inlined from 'get_rawcap' at /home/pmos/build/src/android_kernel_samsung_k3gxx-2f78dde45cd08d9f1f7f047c81ffb237f7ab9b56/drivers/input/touchscreen/synaptics_dsx/rmi_f54.c:2429:2:
/home/pmos/build/src/android_kernel_samsung_k3gxx-2f78dde45cd08d9f1f7f047c81ffb237f7ab9b56/drivers/input/touchscreen/synaptics_dsx/rmi_f54.c:1510:9: warning: 'strncat' accessing between 769 and 2147483644 bytes at offsets 860 and 92 may overlap 1 byte at offset 860 [-Wrestrict]
 1510 |         strncat(data->cmd_result, buf, length);
      |         ^~~~~~~~~~~~~~~~~~~~~~~~~~~~~~~~~~~~~~
In function 'set_cmd_result',
    inlined from 'get_y_num' at /home/pmos/build/src/android_kernel_samsung_k3gxx-2f78dde45cd08d9f1f7f047c81ffb237f7ab9b56/drivers/input/touchscreen/synaptics_dsx/rmi_f54.c:2377:2:
/home/pmos/build/src/android_kernel_samsung_k3gxx-2f78dde45cd08d9f1f7f047c81ffb237f7ab9b56/drivers/input/touchscreen/synaptics_dsx/rmi_f54.c:1510:9: warning: 'strncat' accessing between 769 and 2147483644 bytes at offsets 860 and 92 may overlap 1 byte at offset 860 [-Wrestrict]
 1510 |         strncat(data->cmd_result, buf, length);
      |         ^~~~~~~~~~~~~~~~~~~~~~~~~~~~~~~~~~~~~~
In function 'set_cmd_result',
    inlined from 'get_x_num' at /home/pmos/build/src/android_kernel_samsung_k3gxx-2f78dde45cd08d9f1f7f047c81ffb237f7ab9b56/drivers/input/touchscreen/synaptics_dsx/rmi_f54.c:2366:2:
/home/pmos/build/src/android_kernel_samsung_k3gxx-2f78dde45cd08d9f1f7f047c81ffb237f7ab9b56/drivers/input/touchscreen/synaptics_dsx/rmi_f54.c:1510:9: warning: 'strncat' accessing between 769 and 2147483644 bytes at offsets 860 and 92 may overlap 1 byte at offset 860 [-Wrestrict]
 1510 |         strncat(data->cmd_result, buf, length);
      |         ^~~~~~~~~~~~~~~~~~~~~~~~~~~~~~~~~~~~~~
In function 'set_cmd_result',
    inlined from 'get_chip_name' at /home/pmos/build/src/android_kernel_samsung_k3gxx-2f78dde45cd08d9f1f7f047c81ffb237f7ab9b56/drivers/input/touchscreen/synaptics_dsx/rmi_f54.c:2355:2:
/home/pmos/build/src/android_kernel_samsung_k3gxx-2f78dde45cd08d9f1f7f047c81ffb237f7ab9b56/drivers/input/touchscreen/synaptics_dsx/rmi_f54.c:1510:9: warning: 'strncat' accessing between 769 and 2147483644 bytes at offsets 860 and 92 may overlap 1 byte at offset 860 [-Wrestrict]
 1510 |         strncat(data->cmd_result, buf, length);
      |         ^~~~~~~~~~~~~~~~~~~~~~~~~~~~~~~~~~~~~~
In function 'set_cmd_result',
    inlined from 'get_chip_vendor' at /home/pmos/build/src/android_kernel_samsung_k3gxx-2f78dde45cd08d9f1f7f047c81ffb237f7ab9b56/drivers/input/touchscreen/synaptics_dsx/rmi_f54.c:2327:2:
/home/pmos/build/src/android_kernel_samsung_k3gxx-2f78dde45cd08d9f1f7f047c81ffb237f7ab9b56/drivers/input/touchscreen/synaptics_dsx/rmi_f54.c:1510:9: warning: 'strncat' accessing between 769 and 2147483644 bytes at offsets 860 and 92 may overlap 1 byte at offset 860 [-Wrestrict]
 1510 |         strncat(data->cmd_result, buf, length);
      |         ^~~~~~~~~~~~~~~~~~~~~~~~~~~~~~~~~~~~~~
In function 'set_cmd_result',
    inlined from 'not_support_cmd' at /home/pmos/build/src/android_kernel_samsung_k3gxx-2f78dde45cd08d9f1f7f047c81ffb237f7ab9b56/drivers/input/touchscreen/synaptics_dsx/rmi_f54.c:3906:2:
/home/pmos/build/src/android_kernel_samsung_k3gxx-2f78dde45cd08d9f1f7f047c81ffb237f7ab9b56/drivers/input/touchscreen/synaptics_dsx/rmi_f54.c:1510:9: warning: 'strncat' accessing between 769 and 2147483644 bytes at offsets 860 and 92 may overlap 1 byte at offset 860 [-Wrestrict]
 1510 |         strncat(data->cmd_result, buf, length);
      |         ^~~~~~~~~~~~~~~~~~~~~~~~~~~~~~~~~~~~~~
In function 'set_cmd_result',
    inlined from 'module_on_master' at /home/pmos/build/src/android_kernel_samsung_k3gxx-2f78dde45cd08d9f1f7f047c81ffb237f7ab9b56/drivers/input/touchscreen/synaptics_dsx/rmi_f54.c:2315:2:
/home/pmos/build/src/android_kernel_samsung_k3gxx-2f78dde45cd08d9f1f7f047c81ffb237f7ab9b56/drivers/input/touchscreen/synaptics_dsx/rmi_f54.c:1510:9: warning: 'strncat' accessing between 769 and 2147483644 bytes at offsets 860 and 92 may overlap 1 byte at offset 860 [-Wrestrict]
 1510 |         strncat(data->cmd_result, buf, length);
      |         ^~~~~~~~~~~~~~~~~~~~~~~~~~~~~~~~~~~~~~
In function 'set_cmd_result',
    inlined from 'module_off_master' at /home/pmos/build/src/android_kernel_samsung_k3gxx-2f78dde45cd08d9f1f7f047c81ffb237f7ab9b56/drivers/input/touchscreen/synaptics_dsx/rmi_f54.c:2292:2:
/home/pmos/build/src/android_kernel_samsung_k3gxx-2f78dde45cd08d9f1f7f047c81ffb237f7ab9b56/drivers/input/touchscreen/synaptics_dsx/rmi_f54.c:1510:9: warning: 'strncat' accessing between 769 and 2147483644 bytes at offsets 860 and 92 may overlap 1 byte at offset 860 [-Wrestrict]
 1510 |         strncat(data->cmd_result, buf, length);
      |         ^~~~~~~~~~~~~~~~~~~~~~~~~~~~~~~~~~~~~~
In function 'set_cmd_result',
    inlined from 'get_config_ver' at /home/pmos/build/src/android_kernel_samsung_k3gxx-2f78dde45cd08d9f1f7f047c81ffb237f7ab9b56/drivers/input/touchscreen/synaptics_dsx/rmi_f54.c:2232:2:
/home/pmos/build/src/android_kernel_samsung_k3gxx-2f78dde45cd08d9f1f7f047c81ffb237f7ab9b56/drivers/input/touchscreen/synaptics_dsx/rmi_f54.c:1510:9: warning: 'strncat' accessing between 769 and 2147483644 bytes at offsets 860 and 92 may overlap 1 byte at offset 860 [-Wrestrict]
 1510 |         strncat(data->cmd_result, buf, length);
      |         ^~~~~~~~~~~~~~~~~~~~~~~~~~~~~~~~~~~~~~
In function 'set_cmd_result',
    inlined from 'get_fw_ver_ic' at /home/pmos/build/src/android_kernel_samsung_k3gxx-2f78dde45cd08d9f1f7f047c81ffb237f7ab9b56/drivers/input/touchscreen/synaptics_dsx/rmi_f54.c:2217:2:
/home/pmos/build/src/android_kernel_samsung_k3gxx-2f78dde45cd08d9f1f7f047c81ffb237f7ab9b56/drivers/input/touchscreen/synaptics_dsx/rmi_f54.c:1510:9: warning: 'strncat' accessing between 769 and 2147483644 bytes at offsets 860 and 92 may overlap 1 byte at offset 860 [-Wrestrict]
 1510 |         strncat(data->cmd_result, buf, length);
      |         ^~~~~~~~~~~~~~~~~~~~~~~~~~~~~~~~~~~~~~
In function 'set_cmd_result',
    inlined from 'get_fw_ver_bin' at /home/pmos/build/src/android_kernel_samsung_k3gxx-2f78dde45cd08d9f1f7f047c81ffb237f7ab9b56/drivers/input/touchscreen/synaptics_dsx/rmi_f54.c:2203:2:
/home/pmos/build/src/android_kernel_samsung_k3gxx-2f78dde45cd08d9f1f7f047c81ffb237f7ab9b56/drivers/input/touchscreen/synaptics_dsx/rmi_f54.c:1510:9: warning: 'strncat' accessing between 769 and 2147483644 bytes at offsets 860 and 92 may overlap 1 byte at offset 860 [-Wrestrict]
 1510 |         strncat(data->cmd_result, buf, length);
      |         ^~~~~~~~~~~~~~~~~~~~~~~~~~~~~~~~~~~~~~
In function 'set_cmd_result',
    inlined from 'get_tsp_test_result' at /home/pmos/build/src/android_kernel_samsung_k3gxx-2f78dde45cd08d9f1f7f047c81ffb237f7ab9b56/drivers/input/touchscreen/synaptics_dsx/rmi_f54.c:3754:2:
/home/pmos/build/src/android_kernel_samsung_k3gxx-2f78dde45cd08d9f1f7f047c81ffb237f7ab9b56/drivers/input/touchscreen/synaptics_dsx/rmi_f54.c:1510:9: warning: 'strncat' accessing between 769 and 2147483644 bytes at offsets 860 and 92 may overlap 1 byte at offset 860 [-Wrestrict]
 1510 |         strncat(data->cmd_result, buf, length);
      |         ^~~~~~~~~~~~~~~~~~~~~~~~~~~~~~~~~~~~~~
In function 'set_cmd_result',
    inlined from 'set_tsp_test_result' at /home/pmos/build/src/android_kernel_samsung_k3gxx-2f78dde45cd08d9f1f7f047c81ffb237f7ab9b56/drivers/input/touchscreen/synaptics_dsx/rmi_f54.c:3713:2:
/home/pmos/build/src/android_kernel_samsung_k3gxx-2f78dde45cd08d9f1f7f047c81ffb237f7ab9b56/drivers/input/touchscreen/synaptics_dsx/rmi_f54.c:1510:9: warning: 'strncat' accessing between 769 and 2147483644 bytes at offsets 860 and 92 may overlap 1 byte at offset 860 [-Wrestrict]
 1510 |         strncat(data->cmd_result, buf, length);
      |         ^~~~~~~~~~~~~~~~~~~~~~~~~~~~~~~~~~~~~~
In function 'set_cmd_result',
    inlined from 'boost_level' at /home/pmos/build/src/android_kernel_samsung_k3gxx-2f78dde45cd08d9f1f7f047c81ffb237f7ab9b56/drivers/input/touchscreen/synaptics_dsx/rmi_f54.c:3204:2:
/home/pmos/build/src/android_kernel_samsung_k3gxx-2f78dde45cd08d9f1f7f047c81ffb237f7ab9b56/drivers/input/touchscreen/synaptics_dsx/rmi_f54.c:1510:9: warning: 'strncat' accessing between 769 and 2147483644 bytes at offsets 860 and 92 may overlap 1 byte at offset 860 [-Wrestrict]
 1510 |         strncat(data->cmd_result, buf, length);
      |         ^~~~~~~~~~~~~~~~~~~~~~~~~~~~~~~~~~~~~~
In function 'set_cmd_result',
    inlined from 'fast_glove_mode' at /home/pmos/build/src/android_kernel_samsung_k3gxx-2f78dde45cd08d9f1f7f047c81ffb237f7ab9b56/drivers/input/touchscreen/synaptics_dsx/rmi_f54.c:3121:2:
/home/pmos/build/src/android_kernel_samsung_k3gxx-2f78dde45cd08d9f1f7f047c81ffb237f7ab9b56/drivers/input/touchscreen/synaptics_dsx/rmi_f54.c:1510:9: warning: 'strncat' accessing between 769 and 2147483644 bytes at offsets 860 and 92 may overlap 1 byte at offset 860 [-Wrestrict]
 1510 |         strncat(data->cmd_result, buf, length);
      |         ^~~~~~~~~~~~~~~~~~~~~~~~~~~~~~~~~~~~~~
In function 'set_cmd_result',
    inlined from 'clear_cover_mode' at /home/pmos/build/src/android_kernel_samsung_k3gxx-2f78dde45cd08d9f1f7f047c81ffb237f7ab9b56/drivers/input/touchscreen/synaptics_dsx/rmi_f54.c:3171:2:
/home/pmos/build/src/android_kernel_samsung_k3gxx-2f78dde45cd08d9f1f7f047c81ffb237f7ab9b56/drivers/input/touchscreen/synaptics_dsx/rmi_f54.c:1510:9: warning: 'strncat' accessing between 769 and 2147483644 bytes at offsets 860 and 92 may overlap 1 byte at offset 860 [-Wrestrict]
 1510 |         strncat(data->cmd_result, buf, length);
      |         ^~~~~~~~~~~~~~~~~~~~~~~~~~~~~~~~~~~~~~
In function 'set_cmd_result',
    inlined from 'glove_mode' at /home/pmos/build/src/android_kernel_samsung_k3gxx-2f78dde45cd08d9f1f7f047c81ffb237f7ab9b56/drivers/input/touchscreen/synaptics_dsx/rmi_f54.c:3074:2:
/home/pmos/build/src/android_kernel_samsung_k3gxx-2f78dde45cd08d9f1f7f047c81ffb237f7ab9b56/drivers/input/touchscreen/synaptics_dsx/rmi_f54.c:1510:9: warning: 'strncat' accessing between 769 and 2147483644 bytes at offsets 860 and 92 may overlap 1 byte at offset 860 [-Wrestrict]
 1510 |         strncat(data->cmd_result, buf, length);
      |         ^~~~~~~~~~~~~~~~~~~~~~~~~~~~~~~~~~~~~~
In function 'set_cmd_result',
    inlined from 'set_jitter_level' at /home/pmos/build/src/android_kernel_samsung_k3gxx-2f78dde45cd08d9f1f7f047c81ffb237f7ab9b56/drivers/input/touchscreen/synaptics_dsx/rmi_f54.c:3020:2:
/home/pmos/build/src/android_kernel_samsung_k3gxx-2f78dde45cd08d9f1f7f047c81ffb237f7ab9b56/drivers/input/touchscreen/synaptics_dsx/rmi_f54.c:1510:9: warning: 'strncat' accessing between 769 and 2147483644 bytes at offsets 860 and 92 may overlap 1 byte at offset 860 [-Wrestrict]
 1510 |         strncat(data->cmd_result, buf, length);
      |         ^~~~~~~~~~~~~~~~~~~~~~~~~~~~~~~~~~~~~~
In function 'set_cmd_result',
    inlined from 'hover_enable' at /home/pmos/build/src/android_kernel_samsung_k3gxx-2f78dde45cd08d9f1f7f047c81ffb237f7ab9b56/drivers/input/touchscreen/synaptics_dsx/rmi_f54.c:2892:2:
/home/pmos/build/src/android_kernel_samsung_k3gxx-2f78dde45cd08d9f1f7f047c81ffb237f7ab9b56/drivers/input/touchscreen/synaptics_dsx/rmi_f54.c:1510:9: warning: 'strncat' accessing between 769 and 2147483644 bytes at offsets 860 and 92 may overlap 1 byte at offset 860 [-Wrestrict]
 1510 |         strncat(data->cmd_result, buf, length);
      |         ^~~~~~~~~~~~~~~~~~~~~~~~~~~~~~~~~~~~~~
In function 'set_cmd_result',
    inlined from 'get_threshold' at /home/pmos/build/src/android_kernel_samsung_k3gxx-2f78dde45cd08d9f1f7f047c81ffb237f7ab9b56/drivers/input/touchscreen/synaptics_dsx/rmi_f54.c:2273:2:
/home/pmos/build/src/android_kernel_samsung_k3gxx-2f78dde45cd08d9f1f7f047c81ffb237f7ab9b56/drivers/input/touchscreen/synaptics_dsx/rmi_f54.c:1510:9: warning: 'strncat' accessing between 769 and 2147483644 bytes at offsets 860 and 92 may overlap 1 byte at offset 860 [-Wrestrict]
 1510 |         strncat(data->cmd_result, buf, length);
      |         ^~~~~~~~~~~~~~~~~~~~~~~~~~~~~~~~~~~~~~
In function 'set_cmd_result',
    inlined from 'fw_update' at /home/pmos/build/src/android_kernel_samsung_k3gxx-2f78dde45cd08d9f1f7f047c81ffb237f7ab9b56/drivers/input/touchscreen/synaptics_dsx/rmi_f54.c:2189:2:
/home/pmos/build/src/android_kernel_samsung_k3gxx-2f78dde45cd08d9f1f7f047c81ffb237f7ab9b56/drivers/input/touchscreen/synaptics_dsx/rmi_f54.c:1510:9: warning: 'strncat' accessing between 769 and 2147483644 bytes at offsets 860 and 92 may overlap 1 byte at offset 860 [-Wrestrict]
 1510 |         strncat(data->cmd_result, buf, length);
      |         ^~~~~~~~~~~~~~~~~~~~~~~~~~~~~~~~~~~~~~
/home/pmos/build/src/android_kernel_samsung_k3gxx-2f78dde45cd08d9f1f7f047c81ffb237f7ab9b56/drivers/input/touchscreen/synaptics_dsx/rmi_f54.c: In function 'synaptics_rmi4_f54_get_report_type.isra':
/home/pmos/build/src/android_kernel_samsung_k3gxx-2f78dde45cd08d9f1f7f047c81ffb237f7ab9b56/drivers/input/touchscreen/synaptics_dsx/rmi_f54.c:5247:31: warning: 'snprintf' output may be truncated before the last format character [-Wformat-truncation=]
 5247 |         snprintf(buf, 3, "%u\n", type);
      |                               ^
/home/pmos/build/src/android_kernel_samsung_k3gxx-2f78dde45cd08d9f1f7f047c81ffb237f7ab9b56/drivers/input/touchscreen/synaptics_dsx/rmi_f54.c:5247:9: note: 'snprintf' output between 3 and 4 bytes into a destination of size 3
 5247 |         snprintf(buf, 3, "%u\n", type);
      |         ^~~~~~~~~~~~~~~~~~~~~~~~~~~~~~
In function 'set_cmd_result',
    inlined from 'run_rawcap_read' at /home/pmos/build/src/android_kernel_samsung_k3gxx-2f78dde45cd08d9f1f7f047c81ffb237f7ab9b56/drivers/input/touchscreen/synaptics_dsx/rmi_f54.c:2552:2:
/home/pmos/build/src/android_kernel_samsung_k3gxx-2f78dde45cd08d9f1f7f047c81ffb237f7ab9b56/drivers/input/touchscreen/synaptics_dsx/rmi_f54.c:1510:9: warning: 'strncat' accessing between 769 and 2147483644 bytes at offsets 860 and 92 may overlap 1 byte at offset 860 [-Wrestrict]
 1510 |         strncat(data->cmd_result, buf, length);
      |         ^~~~~~~~~~~~~~~~~~~~~~~~~~~~~~~~~~~~~~
In function 'set_cmd_result',
    inlined from 'run_delta_read' at /home/pmos/build/src/android_kernel_samsung_k3gxx-2f78dde45cd08d9f1f7f047c81ffb237f7ab9b56/drivers/input/touchscreen/synaptics_dsx/rmi_f54.c:2631:2:
/home/pmos/build/src/android_kernel_samsung_k3gxx-2f78dde45cd08d9f1f7f047c81ffb237f7ab9b56/drivers/input/touchscreen/synaptics_dsx/rmi_f54.c:1510:9: warning: 'strncat' accessing between 769 and 2147483644 bytes at offsets 860 and 92 may overlap 1 byte at offset 860 [-Wrestrict]
 1510 |         strncat(data->cmd_result, buf, length);
      |         ^~~~~~~~~~~~~~~~~~~~~~~~~~~~~~~~~~~~~~
/home/pmos/build/src/android_kernel_samsung_k3gxx-2f78dde45cd08d9f1f7f047c81ffb237f7ab9b56/drivers/input/touchscreen/synaptics_dsx/rmi_f54.c: In function 'run_abscap_read':
/home/pmos/build/src/android_kernel_samsung_k3gxx-2f78dde45cd08d9f1f7f047c81ffb237f7ab9b56/drivers/input/touchscreen/synaptics_dsx/rmi_f54.c:2683:17: warning: 'strncat' output may be truncated copying 9 bytes from a string of length 31 [-Wstringop-truncation]
 2683 |                 strncat(temp2, temp, RPT_DATA_STRNCAT_LENGTH);
      |                 ^~~~~~~~~~~~~~~~~~~~~~~~~~~~~~~~~~~~~~~~~~~~~
In function 'set_cmd_result',
    inlined from 'run_abscap_read' at /home/pmos/build/src/android_kernel_samsung_k3gxx-2f78dde45cd08d9f1f7f047c81ffb237f7ab9b56/drivers/input/touchscreen/synaptics_dsx/rmi_f54.c:2698:2:
/home/pmos/build/src/android_kernel_samsung_k3gxx-2f78dde45cd08d9f1f7f047c81ffb237f7ab9b56/drivers/input/touchscreen/synaptics_dsx/rmi_f54.c:1510:9: warning: 'strncat' accessing between 769 and 2147483644 bytes at offsets 860 and 92 may overlap 1 byte at offset 860 [-Wrestrict]
 1510 |         strncat(data->cmd_result, buf, length);
      |         ^~~~~~~~~~~~~~~~~~~~~~~~~~~~~~~~~~~~~~
/home/pmos/build/src/android_kernel_samsung_k3gxx-2f78dde45cd08d9f1f7f047c81ffb237f7ab9b56/drivers/input/touchscreen/synaptics_dsx/rmi_f54.c: In function 'run_absdelta_read':
/home/pmos/build/src/android_kernel_samsung_k3gxx-2f78dde45cd08d9f1f7f047c81ffb237f7ab9b56/drivers/input/touchscreen/synaptics_dsx/rmi_f54.c:2765:17: warning: 'strncat' output may be truncated copying 9 bytes from a string of length 31 [-Wstringop-truncation]
 2765 |                 strncat(temp2, temp, RPT_DATA_STRNCAT_LENGTH);
      |                 ^~~~~~~~~~~~~~~~~~~~~~~~~~~~~~~~~~~~~~~~~~~~~
In function 'set_cmd_result',
    inlined from 'run_absdelta_read' at /home/pmos/build/src/android_kernel_samsung_k3gxx-2f78dde45cd08d9f1f7f047c81ffb237f7ab9b56/drivers/input/touchscreen/synaptics_dsx/rmi_f54.c:2780:2:
/home/pmos/build/src/android_kernel_samsung_k3gxx-2f78dde45cd08d9f1f7f047c81ffb237f7ab9b56/drivers/input/touchscreen/synaptics_dsx/rmi_f54.c:1510:9: warning: 'strncat' accessing between 769 and 2147483644 bytes at offsets 860 and 92 may overlap 1 byte at offset 860 [-Wrestrict]
 1510 |         strncat(data->cmd_result, buf, length);
      |         ^~~~~~~~~~~~~~~~~~~~~~~~~~~~~~~~~~~~~~
/home/pmos/build/src/android_kernel_samsung_k3gxx-2f78dde45cd08d9f1f7f047c81ffb237f7ab9b56/drivers/input/touchscreen/synaptics_dsx/rmi_f54.c: In function 'run_trx_short_test':
/home/pmos/build/src/android_kernel_samsung_k3gxx-2f78dde45cd08d9f1f7f047c81ffb237f7ab9b56/drivers/input/touchscreen/synaptics_dsx/rmi_f54.c:2839:25: warning: 'strncat' output may be truncated copying 9 bytes from a string of length 31 [-Wstringop-truncation]
 2839 |                         strncat(temp2, temp, RPT_DATA_STRNCAT_LENGTH);
      |                         ^~~~~~~~~~~~~~~~~~~~~~~~~~~~~~~~~~~~~~~~~~~~~
In function 'set_cmd_result',
    inlined from 'run_trx_short_test' at /home/pmos/build/src/android_kernel_samsung_k3gxx-2f78dde45cd08d9f1f7f047c81ffb237f7ab9b56/drivers/input/touchscreen/synaptics_dsx/rmi_f54.c:2859:2:
/home/pmos/build/src/android_kernel_samsung_k3gxx-2f78dde45cd08d9f1f7f047c81ffb237f7ab9b56/drivers/input/touchscreen/synaptics_dsx/rmi_f54.c:1510:9: warning: 'strncat' accessing between 769 and 2147483644 bytes at offsets 860 and 92 may overlap 1 byte at offset 860 [-Wrestrict]
 1510 |         strncat(data->cmd_result, buf, length);
      |         ^~~~~~~~~~~~~~~~~~~~~~~~~~~~~~~~~~~~~~
  CC      drivers/md/dm.o
  CC      fs/sdcardfs/main.o
  LD      net/wireless/cfg80211.o
  CC      drivers/hid/hid-samsung.o
  CC      drivers/gpu/arm/t6xx/r7p0/mali_kbase_utility.o
  CC      fs/proc/self.o
  LD      drivers/input/input-core.o
In file included from /home/pmos/build/src/android_kernel_samsung_k3gxx-2f78dde45cd08d9f1f7f047c81ffb237f7ab9b56/include/linux/bitops.h:22,
                 from /home/pmos/build/src/android_kernel_samsung_k3gxx-2f78dde45cd08d9f1f7f047c81ffb237f7ab9b56/include/linux/kernel.h:10,
                 from /home/pmos/build/src/android_kernel_samsung_k3gxx-2f78dde45cd08d9f1f7f047c81ffb237f7ab9b56/include/asm-generic/bug.h:13,
                 from /home/pmos/build/src/android_kernel_samsung_k3gxx-2f78dde45cd08d9f1f7f047c81ffb237f7ab9b56/arch/arm/include/asm/bug.h:59,
                 from /home/pmos/build/src/android_kernel_samsung_k3gxx-2f78dde45cd08d9f1f7f047c81ffb237f7ab9b56/include/linux/bug.h:4,
                 from /home/pmos/build/src/android_kernel_samsung_k3gxx-2f78dde45cd08d9f1f7f047c81ffb237f7ab9b56/include/linux/thread_info.h:11,
                 from /home/pmos/build/src/android_kernel_samsung_k3gxx-2f78dde45cd08d9f1f7f047c81ffb237f7ab9b56/include/linux/preempt.h:9,
                 from /home/pmos/build/src/android_kernel_samsung_k3gxx-2f78dde45cd08d9f1f7f047c81ffb237f7ab9b56/include/linux/spinlock.h:50,
                 from /home/pmos/build/src/android_kernel_samsung_k3gxx-2f78dde45cd08d9f1f7f047c81ffb237f7ab9b56/include/linux/kobject.h:23,
                 from /home/pmos/build/src/android_kernel_samsung_k3gxx-2f78dde45cd08d9f1f7f047c81ffb237f7ab9b56/include/linux/device.h:17,
                 from /home/pmos/build/src/android_kernel_samsung_k3gxx-2f78dde45cd08d9f1f7f047c81ffb237f7ab9b56/drivers/hid/hid-samsung.c:30:
/home/pmos/build/src/android_kernel_samsung_k3gxx-2f78dde45cd08d9f1f7f047c81ffb237f7ab9b56/drivers/hid/hid-samsung.c: In function 'samsung_kbd_input_mapping':
/home/pmos/build/src/android_kernel_samsung_k3gxx-2f78dde45cd08d9f1f7f047c81ffb237f7ab9b56/drivers/hid/hid-samsung.c:146:35: warning: statement will never be executed [-Wswitch-unreachable]
  146 |                 set_bit(EV_REP, hi->input->evbit);
      |                                 ~~^~~~~~~
/home/pmos/build/src/android_kernel_samsung_k3gxx-2f78dde45cd08d9f1f7f047c81ffb237f7ab9b56/arch/arm/include/asm/bitops.h:184:52: note: in definition of macro 'ATOMIC_BITOP'
  184 | #define ATOMIC_BITOP(name,nr,p)         _##name(nr,p)
      |                                                    ^
/home/pmos/build/src/android_kernel_samsung_k3gxx-2f78dde45cd08d9f1f7f047c81ffb237f7ab9b56/drivers/hid/hid-samsung.c:146:17: note: in expansion of macro 'set_bit'
  146 |                 set_bit(EV_REP, hi->input->evbit);
      |                 ^~~~~~~
/home/pmos/build/src/android_kernel_samsung_k3gxx-2f78dde45cd08d9f1f7f047c81ffb237f7ab9b56/drivers/hid/hid-samsung.c: In function 'samsung_universal_kbd_input_mapping':
/home/pmos/build/src/android_kernel_samsung_k3gxx-2f78dde45cd08d9f1f7f047c81ffb237f7ab9b56/drivers/hid/hid-samsung.c:274:35: warning: statement will never be executed [-Wswitch-unreachable]
  274 |                 set_bit(EV_REP, hi->input->evbit);
      |                                 ~~^~~~~~~
/home/pmos/build/src/android_kernel_samsung_k3gxx-2f78dde45cd08d9f1f7f047c81ffb237f7ab9b56/arch/arm/include/asm/bitops.h:184:52: note: in definition of macro 'ATOMIC_BITOP'
  184 | #define ATOMIC_BITOP(name,nr,p)         _##name(nr,p)
      |                                                    ^
/home/pmos/build/src/android_kernel_samsung_k3gxx-2f78dde45cd08d9f1f7f047c81ffb237f7ab9b56/drivers/hid/hid-samsung.c:274:17: note: in expansion of macro 'set_bit'
  274 |                 set_bit(EV_REP, hi->input->evbit);
      |                 ^~~~~~~
  CC      fs/anon_inodes.o
  CC      fs/sdcardfs/super.o
  CC      drivers/md/dm-table.o
  LD      net/wireless/built-in.o
  CC      net/netfilter/interceptor/kernelspd_hooks.o
  CC      drivers/hid/hid-sjoy.o
  LD      drivers/input/touchscreen/synaptics_dsx/built-in.o
  CC      fs/signalfd.o
  CC      fs/sdcardfs/lookup.o
  CC      fs/sysfs/dir.o
  CC      net/netfilter/interceptor/kernelspd_procfs.o
  CC      drivers/gpu/arm/t6xx/r7p0/mali_kbase_debug.o
  CC      fs/proc/stlog.o
  LD      drivers/input/touchscreen/built-in.o
  CC      drivers/md/dm-target.o
  CC      net/netfilter/interceptor/ipsec_boundary.o
  CC      drivers/hid/hid-sony.o
  CC      drivers/mfd/arizona-core.o
  CC      fs/sysfs/symlink.o
  CC      fs/timerfd.o
  CC      net/netfilter/interceptor/debug_filter.o
  LD      drivers/input/built-in.o
In function 'sysfs_get_target_path',
    inlined from 'sysfs_getlink' at /home/pmos/build/src/android_kernel_samsung_k3gxx-2f78dde45cd08d9f1f7f047c81ffb237f7ab9b56/fs/sysfs/symlink.c:287:10,
    inlined from 'sysfs_follow_link' at /home/pmos/build/src/android_kernel_samsung_k3gxx-2f78dde45cd08d9f1f7f047c81ffb237f7ab9b56/fs/sysfs/symlink.c:298:11:
/home/pmos/build/src/android_kernel_samsung_k3gxx-2f78dde45cd08d9f1f7f047c81ffb237f7ab9b56/fs/sysfs/symlink.c:269:17: warning: 'strncpy' specified bound depends on the length of the source argument [-Wstringop-truncation]
  269 |                 strncpy(s + len, sd->s_name, slen);
      |                 ^~~~~~~~~~~~~~~~~~~~~~~~~~~~~~~~~~
/home/pmos/build/src/android_kernel_samsung_k3gxx-2f78dde45cd08d9f1f7f047c81ffb237f7ab9b56/fs/sysfs/symlink.c:266:28: note: length computed here
  266 |                 int slen = strlen(sd->s_name);
      |                            ^~~~~~~~~~~~~~~~~~
  CC      drivers/md/dm-linear.o
  CC      drivers/gpu/arm/t6xx/r7p0/mali_kbase_trace_timeline.o
  CC      fs/sdcardfs/mmap.o
  CC      fs/proc/proc_sysctl.o
  CC      net/netfilter/interceptor/debug_strf.o
  CC      fs/sysfs/mount.o
  CC      fs/sysfs/bin.o
  CC      fs/sdcardfs/packagelist.o
  CC      drivers/mfd/arizona-irq.o
  CC      fs/proc/proc_net.o
  CC      net/netfilter/interceptor/debug_linux.o
  CC      drivers/md/dm-stripe.o
  CC      fs/eventfd.o
  CC      drivers/hid/hid-sunplus.o
  CC      drivers/mfd/arizona-i2c.o
  CC      fs/sysfs/group.o
  LD      drivers/media/common/b2c2/built-in.o
  CC      fs/sdcardfs/derived_perm.o
  CC      fs/proc/proc_devtree.o
  CC      drivers/gpu/arm/t6xx/r7p0/mali_kbase_gpu_memory_debugfs.o
  CC      drivers/md/dm-ioctl.o
  CC      net/netfilter/interceptor/debug_strbuf_stack.o
  CC      drivers/hid/hid-gaff.o
/home/pmos/build/src/android_kernel_samsung_k3gxx-2f78dde45cd08d9f1f7f047c81ffb237f7ab9b56/drivers/md/dm-ioctl.c: In function 'retrieve_status':
/home/pmos/build/src/android_kernel_samsung_k3gxx-2f78dde45cd08d9f1f7f047c81ffb237f7ab9b56/drivers/md/dm-ioctl.c:1083:17: warning: 'strncpy' specified bound 16 equals destination size [-Wstringop-truncation]
 1083 |                 strncpy(spec->target_type, ti->type->name,
      |                 ^~~~~~~~~~~~~~~~~~~~~~~~~~~~~~~~~~~~~~~~~~
 1084 |                         sizeof(spec->target_type));
      |                         ~~~~~~~~~~~~~~~~~~~~~~~~~~
  LD      drivers/media/common/saa7146/built-in.o
  CC      drivers/mfd/arizona-spi.o
  CC      fs/proc/kmsg.o
  LD      fs/sysfs/built-in.o
  LD      fs/sdcardfs/sdcardfs.o
  CC      drivers/hid/hid-tmff.o
  LD      net/netfilter/interceptor/vpnclient.o
  CC      drivers/gpu/arm/t6xx/r7p0/mali_kbase_mem_linux.o
  LD      drivers/media/common/siano/built-in.o
  CC      drivers/md/dm-io.o
  LD      drivers/media/firewire/built-in.o
  LD      fs/sdcardfs/built-in.o
  CC      fs/aio.o
  CC      fs/proc/page.o
  LD      net/netfilter/interceptor/built-in.o
  LD      drivers/media/common/built-in.o
  CC      drivers/mfd/wm5102-tables.o
  CC      fs/locks.o
  CC      drivers/hid/hid-topseed.o
  LD      net/netfilter/built-in.o
  LD      drivers/media/i2c/soc_camera/built-in.o
/home/pmos/build/src/android_kernel_samsung_k3gxx-2f78dde45cd08d9f1f7f047c81ffb237f7ab9b56/drivers/mfd/wm5102-tables.c:133:3: warning: 'wm5102t_pwr' defined but not used [-Wunused-const-variable=]
  133 | } wm5102t_pwr[] = {
      |   ^~~~~~~~~~~
/home/pmos/build/src/android_kernel_samsung_k3gxx-2f78dde45cd08d9f1f7f047c81ffb237f7ab9b56/drivers/mfd/wm5102-tables.c:60:34: warning: 'wm5102_revb_patch' defined but not used [-Wunused-const-variable=]
   60 | static const struct reg_sequence wm5102_revb_patch[] = {
      |                                  ^~~~~~~~~~~~~~~~~
/home/pmos/build/src/android_kernel_samsung_k3gxx-2f78dde45cd08d9f1f7f047c81ffb237f7ab9b56/drivers/mfd/wm5102-tables.c:24:34: warning: 'wm5102_reva_patch' defined but not used [-Wunused-const-variable=]
   24 | static const struct reg_sequence wm5102_reva_patch[] = {
      |                                  ^~~~~~~~~~~~~~~~~
  CC      drivers/md/dm-kcopyd.o
  CC      drivers/hid/hid-twinhan.o
  CC      drivers/mfd/florida-tables.o
  LD      drivers/media/i2c/built-in.o
  LD      fs/proc/proc.o
  CC      drivers/gpu/arm/t6xx/r7p0/mali_kbase_core_linux.o
  CC      drivers/hid/hid-uclogic.o
  CC      drivers/gpu/arm/t6xx/r7p0/mali_kbase_sync.o
  CC      drivers/md/dm-sysfs.o
  CC      drivers/hid/hid-zagg.o
  LD      fs/proc/built-in.o
  CC      drivers/misc/uid_stat.o
/home/pmos/build/src/android_kernel_samsung_k3gxx-2f78dde45cd08d9f1f7f047c81ffb237f7ab9b56/drivers/gpu/arm/t6xx/r7p0/mali_kbase_core_linux.c:4060:34: warning: 'kbase_dt_ids' defined but not used [-Wunused-const-variable=]
 4060 | static const struct of_device_id kbase_dt_ids[] = {
      |                                  ^~~~~~~~~~~~
In file included from /home/pmos/build/src/android_kernel_samsung_k3gxx-2f78dde45cd08d9f1f7f047c81ffb237f7ab9b56/include/linux/bitops.h:22,
                 from /home/pmos/build/src/android_kernel_samsung_k3gxx-2f78dde45cd08d9f1f7f047c81ffb237f7ab9b56/include/linux/kernel.h:10,
                 from /home/pmos/build/src/android_kernel_samsung_k3gxx-2f78dde45cd08d9f1f7f047c81ffb237f7ab9b56/include/asm-generic/bug.h:13,
                 from /home/pmos/build/src/android_kernel_samsung_k3gxx-2f78dde45cd08d9f1f7f047c81ffb237f7ab9b56/arch/arm/include/asm/bug.h:59,
                 from /home/pmos/build/src/android_kernel_samsung_k3gxx-2f78dde45cd08d9f1f7f047c81ffb237f7ab9b56/include/linux/bug.h:4,
                 from /home/pmos/build/src/android_kernel_samsung_k3gxx-2f78dde45cd08d9f1f7f047c81ffb237f7ab9b56/include/linux/thread_info.h:11,
                 from /home/pmos/build/src/android_kernel_samsung_k3gxx-2f78dde45cd08d9f1f7f047c81ffb237f7ab9b56/include/linux/preempt.h:9,
                 from /home/pmos/build/src/android_kernel_samsung_k3gxx-2f78dde45cd08d9f1f7f047c81ffb237f7ab9b56/include/linux/spinlock.h:50,
                 from /home/pmos/build/src/android_kernel_samsung_k3gxx-2f78dde45cd08d9f1f7f047c81ffb237f7ab9b56/include/linux/kobject.h:23,
                 from /home/pmos/build/src/android_kernel_samsung_k3gxx-2f78dde45cd08d9f1f7f047c81ffb237f7ab9b56/include/linux/device.h:17,
                 from /home/pmos/build/src/android_kernel_samsung_k3gxx-2f78dde45cd08d9f1f7f047c81ffb237f7ab9b56/drivers/hid/hid-zagg.c:32:
/home/pmos/build/src/android_kernel_samsung_k3gxx-2f78dde45cd08d9f1f7f047c81ffb237f7ab9b56/drivers/hid/hid-zagg.c: In function 'zagg_kbd_input_mapping':
/home/pmos/build/src/android_kernel_samsung_k3gxx-2f78dde45cd08d9f1f7f047c81ffb237f7ab9b56/drivers/hid/hid-zagg.c:148:35: warning: statement will never be executed [-Wswitch-unreachable]
  148 |                 set_bit(EV_REP, hi->input->evbit);
      |                                 ~~^~~~~~~
/home/pmos/build/src/android_kernel_samsung_k3gxx-2f78dde45cd08d9f1f7f047c81ffb237f7ab9b56/arch/arm/include/asm/bitops.h:184:52: note: in definition of macro 'ATOMIC_BITOP'
  184 | #define ATOMIC_BITOP(name,nr,p)         _##name(nr,p)
      |                                                    ^
/home/pmos/build/src/android_kernel_samsung_k3gxx-2f78dde45cd08d9f1f7f047c81ffb237f7ab9b56/drivers/hid/hid-zagg.c:148:17: note: in expansion of macro 'set_bit'
  148 |                 set_bit(EV_REP, hi->input->evbit);
      |                 ^~~~~~~
  CC      fs/binfmt_script.o
  CC      drivers/mfd/wm8997-tables.o
  CC      drivers/md/dm-crypt.o
  CC      drivers/misc/uid_cputime.o
  LD      drivers/media/mmc/siano/built-in.o
  CC      drivers/hid/hid-zpff.o
  CC      drivers/gpu/arm/t6xx/r7p0/mali_kbase_sync_user.o
  LD      drivers/media/mmc/built-in.o
  CC      drivers/mfd/vegas-tables.o
  LD      drivers/media/parport/built-in.o
  CC      drivers/mmc/card/block.o
  LD      drivers/md/dm-mod.o
  CC      fs/binfmt_elf.o
  CC      drivers/mmc/card/queue.o
  CC      drivers/hid/hid-zydacron.o
  LD      drivers/misc/carma/built-in.o
  CC      drivers/gpu/arm/t6xx/r7p0/mali_kbase_replay.o
  LD      drivers/md/built-in.o
  LD      net/built-in.o
  CC      drivers/mfd/clearwater-tables.o
  CC      drivers/hid/hid-wacom.o
  LD      drivers/media/platform/davinci/built-in.o
  LD      drivers/misc/cb710/built-in.o
  LD      drivers/mmc/card/mmc_block.o
  CC      drivers/gpu/arm/t6xx/r7p0/mali_kbase_mem_profile_debugfs.o
  CC      drivers/motor/max77804_haptic.o
  CC      fs/mbcache.o
  LD      drivers/mmc/card/built-in.o
  CC      drivers/mfd/cs47l24-tables.o
  LD      drivers/media/pci/b2c2/built-in.o
  CC      drivers/misc/dualwave/dualwave.o
  CC      drivers/muic/muic-core.o
  CC      drivers/hid/hid-waltop.o
  LD      drivers/media/pci/ddbridge/built-in.o
  CC      drivers/gpu/arm/t6xx/r7p0/mali_kbase_mmu_mode_lpae.o
  LD      drivers/motor/built-in.o
  CC      fs/posix_acl.o
  CC      drivers/hid/hid-synaptics-bt.o
  CC      drivers/mfd/mfd-core.o
  LD      drivers/media/pci/dm1105/built-in.o
  LD      drivers/misc/dualwave/built-in.o
  CC      drivers/muic/muic_notifier.o
  CC      fs/xattr_acl.o
In file included from /home/pmos/build/src/android_kernel_samsung_k3gxx-2f78dde45cd08d9f1f7f047c81ffb237f7ab9b56/include/linux/bitops.h:22,
                 from /home/pmos/build/src/android_kernel_samsung_k3gxx-2f78dde45cd08d9f1f7f047c81ffb237f7ab9b56/include/linux/kernel.h:10,
                 from /home/pmos/build/src/android_kernel_samsung_k3gxx-2f78dde45cd08d9f1f7f047c81ffb237f7ab9b56/drivers/hid/hid-synaptics-bt.c:1:
/home/pmos/build/src/android_kernel_samsung_k3gxx-2f78dde45cd08d9f1f7f047c81ffb237f7ab9b56/drivers/hid/hid-synaptics-bt.c: In function 'samsung_bookcover_input_mapping':
/home/pmos/build/src/android_kernel_samsung_k3gxx-2f78dde45cd08d9f1f7f047c81ffb237f7ab9b56/drivers/hid/hid-synaptics-bt.c:244:35: warning: statement will never be executed [-Wswitch-unreachable]
  244 |                 set_bit(EV_REP, hi->input->evbit);
      |                                 ~~^~~~~~~
/home/pmos/build/src/android_kernel_samsung_k3gxx-2f78dde45cd08d9f1f7f047c81ffb237f7ab9b56/arch/arm/include/asm/bitops.h:184:52: note: in definition of macro 'ATOMIC_BITOP'
  184 | #define ATOMIC_BITOP(name,nr,p)         _##name(nr,p)
      |                                                    ^
/home/pmos/build/src/android_kernel_samsung_k3gxx-2f78dde45cd08d9f1f7f047c81ffb237f7ab9b56/drivers/hid/hid-synaptics-bt.c:244:17: note: in expansion of macro 'set_bit'
  244 |                 set_bit(EV_REP, hi->input->evbit);
      |                 ^~~~~~~
  CC      drivers/mmc/core/core.o
  LD      drivers/media/pci/mantis/built-in.o
  LD      drivers/misc/eeprom/built-in.o
  CC      drivers/net/mii.o
  CC      drivers/mfd/max77804.o
  CC      drivers/muic/max77804k-muic.o
  LD      drivers/media/pci/ngene/built-in.o
  LD      drivers/misc/lis3lv02d/built-in.o
  CC      drivers/gpu/arm/t6xx/r7p0/mali_kbase_disjoint_events.o
  CC      drivers/misc/modem_v2/sipc5_modem.o
  LD      drivers/media/pci/pluto2/built-in.o
In function 'create_modem_shared_data',
    inlined from 'modem_probe' at /home/pmos/build/src/android_kernel_samsung_k3gxx-2f78dde45cd08d9f1f7f047c81ffb237f7ab9b56/drivers/misc/modem_v2/sipc5_modem.c:383:8:
/home/pmos/build/src/android_kernel_samsung_k3gxx-2f78dde45cd08d9f1f7f047c81ffb237f7ab9b56/drivers/misc/modem_v2/sipc5_modem.c:75:9: warning: 'memcpy' forming offset [4, 31] is out of the bounds [0, 4] of object 'size' with type 'int' [-Warray-bounds=]
   75 |         memcpy(msd->storage.addr, &size, MAX_MIF_SEPA_SIZE);
      |         ^~~~~~~~~~~~~~~~~~~~~~~~~~~~~~~~~~~~~~~~~~~~~~~~~~~
/home/pmos/build/src/android_kernel_samsung_k3gxx-2f78dde45cd08d9f1f7f047c81ffb237f7ab9b56/drivers/misc/modem_v2/sipc5_modem.c: In function 'modem_probe':
/home/pmos/build/src/android_kernel_samsung_k3gxx-2f78dde45cd08d9f1f7f047c81ffb237f7ab9b56/drivers/misc/modem_v2/sipc5_modem.c:50:13: note: 'size' declared here
   50 |         int size = MAX_MIF_BUFF_SIZE;
      |             ^~~~
  CC      drivers/mmc/core/bus.o
  CC      drivers/media/platform/exynos/fimc-is/fimc-is-device-companion.o
  CC      fs/generic_acl.o
  CC      drivers/net/Space.o
  LD      drivers/media/pci/pt1/built-in.o
  CC      drivers/mfd/max77804k-irq.o
  CC      drivers/hid/usbhid/hid-core.o
  CC      drivers/gpu/arm/t6xx/r7p0/mali_kbase_gator_api.o
  CC      drivers/mmc/core/host.o
  LD      drivers/media/pci/saa7146/built-in.o
  CC      drivers/misc/modem_v2/sipc5_io_device.o
  LD      drivers/muic/built-in.o
  CC      fs/coredump.o
  CC      drivers/media/platform/exynos/fimc-is/fimc-is-video-companion.o
  CC      drivers/hid/usbhid/hid-quirks.o
  LD      drivers/media/pci/ttpci/built-in.o
  CC      drivers/media/platform/exynos/fimc-is/fimc-is-core.o
  CC      drivers/mfd/sec-core.o
  CC      drivers/net/loopback.o
  LD      drivers/media/pci/built-in.o
  CC      drivers/mmc/core/mmc.o
  CC      drivers/gpu/arm/t6xx/r7p0/mali_kbase_debug_mem_view.o
In file included from /home/pmos/build/src/android_kernel_samsung_k3gxx-2f78dde45cd08d9f1f7f047c81ffb237f7ab9b56/drivers/media/platform/exynos/fimc-is/include/fimc-is-module.h:19,
                 from /home/pmos/build/src/android_kernel_samsung_k3gxx-2f78dde45cd08d9f1f7f047c81ffb237f7ab9b56/drivers/media/platform/exynos/fimc-is/fimc-is-core.c:56:
/home/pmos/build/src/android_kernel_samsung_k3gxx-2f78dde45cd08d9f1f7f047c81ffb237f7ab9b56/drivers/media/platform/exynos/fimc-is/include/../sensor/module/fimc-is-device-3h7_sunny.h:12: warning: header guard 'FIMC_IS_DEVICE_3H7_SUNNY_H' followed by '#define' of a different macro [-Wheader-guard]
   12 | #ifndef FIMC_IS_DEVICE_3H7_SUNNY_H
/home/pmos/build/src/android_kernel_samsung_k3gxx-2f78dde45cd08d9f1f7f047c81ffb237f7ab9b56/drivers/media/platform/exynos/fimc-is/include/../sensor/module/fimc-is-device-3h7_sunny.h:13: note: 'FIMC_IS_DEVICE_3H7_SYNNY_H' is defined here; did you mean 'FIMC_IS_DEVICE_3H7_SUNNY_H'?
   13 | #define FIMC_IS_DEVICE_3H7_SYNNY_H
  CC      fs/drop_caches.o
  CC      drivers/misc/modem_v2/sipc4_modem.o
  LD      drivers/hid/usbhid/usbhid.o
  LD      drivers/hid/hid.o
  CC      drivers/mmc/core/mmc_ops.o
  LD      drivers/hid/usbhid/built-in.o
  CC      drivers/mfd/sec-irq.o
In function 'create_modem_shared_data',
    inlined from 'modem_probe' at /home/pmos/build/src/android_kernel_samsung_k3gxx-2f78dde45cd08d9f1f7f047c81ffb237f7ab9b56/drivers/misc/modem_v2/sipc4_modem.c:244:8:
/home/pmos/build/src/android_kernel_samsung_k3gxx-2f78dde45cd08d9f1f7f047c81ffb237f7ab9b56/drivers/misc/modem_v2/sipc4_modem.c:72:9: warning: 'memcpy' forming offset [4, 31] is out of the bounds [0, 4] of object 'size' with type 'int' [-Warray-bounds=]
   72 |         memcpy(msd->storage.addr, &size, MAX_MIF_SEPA_SIZE);
      |         ^~~~~~~~~~~~~~~~~~~~~~~~~~~~~~~~~~~~~~~~~~~~~~~~~~~
/home/pmos/build/src/android_kernel_samsung_k3gxx-2f78dde45cd08d9f1f7f047c81ffb237f7ab9b56/drivers/misc/modem_v2/sipc4_modem.c: In function 'modem_probe':
/home/pmos/build/src/android_kernel_samsung_k3gxx-2f78dde45cd08d9f1f7f047c81ffb237f7ab9b56/drivers/misc/modem_v2/sipc4_modem.c:47:13: note: 'size' declared here
   47 |         int size = MAX_MIF_BUFF_SIZE;
      |             ^~~~
  CC      drivers/mmc/host/dw_mmc.o
  LD      drivers/hid/built-in.o
  CC      drivers/media/platform/exynos/fimc-is/fimc-is-mem.o
  CC      drivers/misc/modem_v2/sipc4_io_device.o
  CC      drivers/mmc/core/sd.o
  CC      drivers/media/platform/exynos/fimg2d/fimg2d_drv.o
  CC      fs/dcookies.o
  CC      drivers/gpu/arm/t6xx/r7p0/mali_kbase_debug_job_fault.o
  LD      drivers/mfd/built-in.o
  LD      drivers/net/ethernet/8390/built-in.o
  CC      drivers/mmc/host/dw_mmc-pltfm.o
  CC      drivers/mmc/core/sd_ops.o
  CC      drivers/media/platform/exynos/fimc-is/fimc-is-framemgr.o
  CC      drivers/media/platform/exynos/fimg2d/fimg2d_clk.o
  LD      drivers/net/ethernet/broadcom/built-in.o
  CC      drivers/misc/modem_v2/modem_net_flowcontrol_device.o
  CC      drivers/nfc/pn547.o
  CC      drivers/mmc/core/sdio.o
  CC      drivers/mmc/host/dw_mmc-exynos.o
  CC      drivers/gpu/arm/t6xx/r7p0/mali_kbase_smc.o
  LD      drivers/media/radio/built-in.o
  LD      drivers/net/ethernet/cadence/built-in.o
  CC      drivers/gpu/arm/t6xx/r7p0/mali_kbase_mem_pool.o
  CC      drivers/misc/modem_v2/modem_utils.o
  CC      drivers/media/platform/exynos/fimc-is/fimc-is-groupmgr.o
  CC      drivers/mmc/core/sdio_ops.o
  CC      drivers/gpu/arm/t6xx/r7p0/mali_kbase_mem_pool_debugfs.o
  LD      drivers/nfc/built-in.o
  LD      drivers/net/ethernet/cirrus/built-in.o
  CC      drivers/media/platform/exynos/fimg2d/fimg2d_ctx.o
  LD      fs/built-in.o
  LD      drivers/mmc/host/built-in.o
  CC      drivers/mmc/core/sdio_bus.o
/home/pmos/build/src/android_kernel_samsung_k3gxx-2f78dde45cd08d9f1f7f047c81ffb237f7ab9b56/drivers/misc/modem_v2/modem_utils.c: In function 'ipv4str_to_be32':
/home/pmos/build/src/android_kernel_samsung_k3gxx-2f78dde45cd08d9f1f7f047c81ffb237f7ab9b56/drivers/misc/modem_v2/modem_utils.c:449:9: warning: 'strncpy' specified bound 16 equals destination size [-Wstringop-truncation]
  449 |         strncpy(ipstr, ipv4str, ARRAY_SIZE(ipstr));
      |         ^~~~~~~~~~~~~~~~~~~~~~~~~~~~~~~~~~~~~~~~~~
  LD      drivers/net/ethernet/faraday/built-in.o
  CC      drivers/net/phy/phy.o
  LD      drivers/net/ethernet/i825xx/built-in.o
  CC      drivers/media/platform/exynos/fimc-is/fimc-is-resourcemgr.o
  CC      drivers/net/phy/phy_device.o
  CC      drivers/gpu/arm/t6xx/r7p0/mali_kbase_js_policy_cfs.o
  CC      drivers/mmc/core/sdio_cis.o
  LD      drivers/net/ethernet/intel/built-in.o
  CC      drivers/misc/modem_v2/modem_modemctl_device_xmm6262.o
  LD      drivers/media/rc/keymaps/built-in.o
  CC      drivers/media/platform/exynos/fimg2d/fimg2d_cache.o
  LD      drivers/media/rc/built-in.o
  CC      drivers/net/phy/mdio_bus.o
  LD      drivers/net/ethernet/marvell/built-in.o
  CC      drivers/mmc/core/sdio_io.o
  CC      drivers/of/base.o
  CC      drivers/media/platform/exynos/fimc-is/fimc-is-video.o
  LD      drivers/net/ethernet/micrel/built-in.o
  LD      drivers/misc/ti-st/built-in.o
  CC      drivers/media/platform/exynos/fimg2d/fimg2d_helper.o
  CC      drivers/misc/modem_v2/modem_link_device_hsic_ncm.o
  CC      drivers/gpu/arm/t6xx/r7p0/backend/gpu/mali_kbase_cache_policy_backend.o
  LD      drivers/net/phy/libphy.o
  CC      drivers/net/ppp/ppp_generic.o
/home/pmos/build/src/android_kernel_samsung_k3gxx-2f78dde45cd08d9f1f7f047c81ffb237f7ab9b56/drivers/media/platform/exynos/fimc-is/fimc-is-video.c: In function 'fimc_is_queue_set_format_mplane':
/home/pmos/build/src/android_kernel_samsung_k3gxx-2f78dde45cd08d9f1f7f047c81ffb237f7ab9b56/drivers/media/platform/exynos/fimc-is/fimc-is-video.c:494:35: warning: taking address of packed member of 'struct v4l2_pix_format_mplane' may result in an unaligned pointer value [-Waddress-of-packed-member]
  494 |         fmt = fimc_is_find_format(&pix->pixelformat, NULL, 0);
      |                                   ^~~~~~~~~~~~~~~~~
  LD      drivers/net/ethernet/natsemi/built-in.o
  LD      drivers/net/ethernet/microchip/built-in.o
  CC      drivers/mmc/core/sdio_irq.o
  CC      drivers/media/platform/exynos/fimc-is/fimc-is-video-sensor.o
  LD      drivers/net/phy/built-in.o
  CC      drivers/of/fdt.o
  CC      drivers/misc/modem_v2/link_usb_cdc_ncm.o
  CC      drivers/media/platform/exynos/fimg2d/fimg2d4x_blt.o
  LD      drivers/net/ethernet/seeq/built-in.o
  CC      drivers/net/slip/slhc.o
  CC      drivers/net/ppp/bsd_comp.o
  CC      drivers/media/platform/exynos/fimg2d/fimg2d4x_hw.o
  CC      drivers/mmc/core/quirks.o
  CC      drivers/of/address.o
  LD      drivers/net/ethernet/smsc/built-in.o
  CC      drivers/gpu/arm/t6xx/r7p0/backend/gpu/mali_kbase_device_hw.o
  CC      drivers/media/platform/exynos/fimc-is/fimc-is-video-3aa.o
  CC      drivers/misc/modem_v2/link_pm_hsic_xmm626x.o
  CC      drivers/net/ppp/ppp_deflate.o
  CC      drivers/mmc/core/slot-gpio.o
  LD      drivers/net/ethernet/stmicro/built-in.o
  CC      drivers/media/platform/exynos/fimc-is/fimc-is-video-3aac.o
  CC      drivers/of/irq.o
  CC      drivers/net/ppp/ppp_mppe.o
  LD      drivers/net/slip/built-in.o
  CC      drivers/gpu/arm/t6xx/r7p0/backend/gpu/mali_kbase_gpu.o
  LD      drivers/net/ethernet/wiznet/built-in.o
  LD      drivers/net/ethernet/built-in.o
  AS      drivers/media/platform/exynos/fimg2d/fimg2d_cache_asm.o
  LD      drivers/misc/modem_v2/built-in.o
  CC      drivers/mmc/core/debugfs.o
  CC      drivers/of/cmdline_helper.o
  LD      drivers/media/platform/exynos/fimg2d/built-in.o
  CC      drivers/net/ppp/pppox.o
  CC      drivers/misc/cci400.o
  CC      drivers/media/platform/exynos/fimc-is/fimc-is-video-isp.o
  LD      drivers/mmc/core/mmc_core.o
In function 'cci_init_dt',
    inlined from 'cci_probe' at /home/pmos/build/src/android_kernel_samsung_k3gxx-2f78dde45cd08d9f1f7f047c81ffb237f7ab9b56/drivers/misc/cci400.c:158:8:
/home/pmos/build/src/android_kernel_samsung_k3gxx-2f78dde45cd08d9f1f7f047c81ffb237f7ab9b56/drivers/misc/cci400.c:133:25: warning: 'strncpy' specified bound depends on the length of the source argument [-Wstringop-truncation]
  133 |                         strncpy(csif.ip_name[i], ip_name, strlen(ip_name));
      |                         ^~~~~~~~~~~~~~~~~~~~~~~~~~~~~~~~~~~~~~~~~~~~~~~~~~
/home/pmos/build/src/android_kernel_samsung_k3gxx-2f78dde45cd08d9f1f7f047c81ffb237f7ab9b56/drivers/misc/cci400.c:133:25: note: length computed here
  133 |                         strncpy(csif.ip_name[i], ip_name, strlen(ip_name));
      |                         ^~~~~~~~~~~~~~~~~~~~~~~~~~~~~~~~~~~~~~~~~~~~~~~~~~
  CC      drivers/net/ppp/pppolac.o
  CC      drivers/gpu/arm/t6xx/r7p0/backend/gpu/mali_kbase_gpuprops_backend.o
  CC      drivers/of/device.o
  LD      drivers/media/tuners/built-in.o
  LD      drivers/mmc/core/built-in.o
  CC      drivers/misc/tzic.o
  CC      drivers/media/platform/exynos/gsc_1.3/gsc-core.o
  CC      drivers/of/platform.o
  CC      drivers/net/tun.o
  CC      drivers/media/platform/exynos/fimc-is/fimc-is-video-scc.o
  LD      drivers/mmc/built-in.o
  CC      drivers/gpu/arm/t6xx/r7p0/backend/gpu/mali_kbase_debug_job_fault_backend.o
/home/pmos/build/src/android_kernel_samsung_k3gxx-2f78dde45cd08d9f1f7f047c81ffb237f7ab9b56/drivers/media/platform/exynos/gsc_1.3/gsc-core.c: In function 'gsc_try_fmt_mplane':
/home/pmos/build/src/android_kernel_samsung_k3gxx-2f78dde45cd08d9f1f7f047c81ffb237f7ab9b56/drivers/media/platform/exynos/gsc_1.3/gsc-core.c:380:27: warning: taking address of packed member of 'struct v4l2_pix_format_mplane' may result in an unaligned pointer value [-Waddress-of-packed-member]
  380 |         fmt = find_format(&pix_mp->pixelformat, NULL, 0);
      |                           ^~~~~~~~~~~~~~~~~~~~
/home/pmos/build/src/android_kernel_samsung_k3gxx-2f78dde45cd08d9f1f7f047c81ffb237f7ab9b56/drivers/media/platform/exynos/gsc_1.3/gsc-core.c:421:31: warning: taking address of packed member of 'struct v4l2_pix_format_mplane' may result in an unaligned pointer value [-Waddress-of-packed-member]
  421 |         v4l_bound_align_image(&pix_mp->width, min_w, max_w, mod_x,
      |                               ^~~~~~~~~~~~~~
/home/pmos/build/src/android_kernel_samsung_k3gxx-2f78dde45cd08d9f1f7f047c81ffb237f7ab9b56/drivers/media/platform/exynos/gsc_1.3/gsc-core.c:422:17: warning: taking address of packed member of 'struct v4l2_pix_format_mplane' may result in an unaligned pointer value [-Waddress-of-packed-member]
  422 |                 &pix_mp->height, min_h, max_h, mod_y, 0);
      |                 ^~~~~~~~~~~~~~~
  LD      drivers/media/usb/b2c2/built-in.o
  LD      drivers/misc/built-in.o
  CC      drivers/of/of_i2c.o
  CC      drivers/pinctrl/core.o
  LD      drivers/media/usb/dvb-usb-v2/built-in.o
  LD      drivers/media/usb/dvb-usb/built-in.o
  CC      drivers/net/ppp/pppopns.o
  CC      drivers/media/platform/exynos/fimc-is/fimc-is-video-scp.o
  CC      drivers/pinctrl/pinmux.o
  CC      drivers/media/platform/exynos/gsc_1.3/gsc-vb2.o
  CC      drivers/gpu/arm/t6xx/r7p0/backend/gpu/mali_kbase_irq_linux.o
  CC      drivers/of/of_net.o
  CC      drivers/media/platform/exynos/gsc_1.3/gsc-m2m.o
  CC      drivers/net/wireless/bcmdhd/dhd_custom_exynos.o
  LD      drivers/media/usb/s2255/built-in.o
/home/pmos/build/src/android_kernel_samsung_k3gxx-2f78dde45cd08d9f1f7f047c81ffb237f7ab9b56/drivers/media/platform/exynos/gsc_1.3/gsc-m2m.c: In function 'gsc_m2m_s_fmt_mplane':
/home/pmos/build/src/android_kernel_samsung_k3gxx-2f78dde45cd08d9f1f7f047c81ffb237f7ab9b56/drivers/media/platform/exynos/gsc_1.3/gsc-m2m.c:431:34: warning: taking address of packed member of 'struct v4l2_pix_format_mplane' may result in an unaligned pointer value [-Waddress-of-packed-member]
  431 |         frame->fmt = find_format(&pix->pixelformat, NULL, 0);
      |                                  ^~~~~~~~~~~~~~~~~
  CC      drivers/pinctrl/pinconf.o
  CC      drivers/media/platform/exynos/jpeg_hx/jpeg_hx_dev.o
  LD      drivers/media/usb/siano/built-in.o
  CC      drivers/media/v4l2-core/v4l2-dev.o
  CC      drivers/gpu/arm/t6xx/r7p0/backend/gpu/mali_kbase_instr_backend.o
  CC      drivers/of/of_mdio.o
  CC      drivers/media/platform/exynos/gsc_1.3/gsc-output.o
  CC      drivers/media/platform/exynos/jpeg_hx/jpeg_hx_dec.o
  LD      drivers/media/usb/stkwebcam/built-in.o
  CC      drivers/pinctrl/devicetree.o
  LD      drivers/net/ppp/built-in.o
  CC      drivers/net/wireless/bcmdhd/bcmsdh.o
  CC      drivers/media/platform/exynos/fimc-is/fimc-is-video-vdisc.o
  CC      drivers/media/platform/exynos/gsc_1.3/gsc-capture.o
/home/pmos/build/src/android_kernel_samsung_k3gxx-2f78dde45cd08d9f1f7f047c81ffb237f7ab9b56/drivers/media/platform/exynos/gsc_1.3/gsc-output.c: In function 'gsc_output_s_fmt_mplane':
/home/pmos/build/src/android_kernel_samsung_k3gxx-2f78dde45cd08d9f1f7f047c81ffb237f7ab9b56/drivers/media/platform/exynos/gsc_1.3/gsc-output.c:402:34: warning: taking address of packed member of 'struct v4l2_pix_format_mplane' may result in an unaligned pointer value [-Waddress-of-packed-member]
  402 |         frame->fmt = find_format(&pix->pixelformat, NULL, 0);
      |                                  ^~~~~~~~~~~~~~~~~
  CC      drivers/media/v4l2-core/v4l2-ioctl.o
  CC      drivers/pinctrl/pinctrl-samsung.o
  LD      drivers/media/usb/ttusb-budget/built-in.o
/home/pmos/build/src/android_kernel_samsung_k3gxx-2f78dde45cd08d9f1f7f047c81ffb237f7ab9b56/drivers/pinctrl/pinctrl-samsung.c: In function 'samsung_pinctrl_probe':
/home/pmos/build/src/android_kernel_samsung_k3gxx-2f78dde45cd08d9f1f7f047c81ffb237f7ab9b56/drivers/pinctrl/pinctrl-samsung.c:1187:37: warning: '%d' directive output may be truncated writing between 1 and 11 bytes into a region of size 9 [-Wformat-truncation=]
 1187 |                                 "%s-%d", pin_bank->name, pin);
      |                                     ^~
In function 'samsung_pinctrl_register',
    inlined from 'samsung_pinctrl_probe' at /home/pmos/build/src/android_kernel_samsung_k3gxx-2f78dde45cd08d9f1f7f047c81ffb237f7ab9b56/drivers/pinctrl/pinctrl-samsung.c:1393:8:
/home/pmos/build/src/android_kernel_samsung_k3gxx-2f78dde45cd08d9f1f7f047c81ffb237f7ab9b56/drivers/pinctrl/pinctrl-samsung.c:1187:33: note: directive argument in the range [-2147483641, 254]
 1187 |                                 "%s-%d", pin_bank->name, pin);
      |                                 ^~~~~~~
/home/pmos/build/src/android_kernel_samsung_k3gxx-2f78dde45cd08d9f1f7f047c81ffb237f7ab9b56/drivers/pinctrl/pinctrl-samsung.c:1186:25: note: 'snprintf' output 3 or more bytes (assuming 13) into a destination of size 10
 1186 |                         snprintf(pin_names, PIN_NAME_LENGTH,
      |                         ^~~~~~~~~~~~~~~~~~~~~~~~~~~~~~~~~~~~
 1187 |                                 "%s-%d", pin_bank->name, pin);
      |                                 ~~~~~~~~~~~~~~~~~~~~~~~~~~~~~
/home/pmos/build/src/android_kernel_samsung_k3gxx-2f78dde45cd08d9f1f7f047c81ffb237f7ab9b56/drivers/media/platform/exynos/gsc_1.3/gsc-capture.c: In function 'gsc_capture_s_fmt_mplane':
/home/pmos/build/src/android_kernel_samsung_k3gxx-2f78dde45cd08d9f1f7f047c81ffb237f7ab9b56/drivers/media/platform/exynos/gsc_1.3/gsc-capture.c:413:34: warning: taking address of packed member of 'struct v4l2_pix_format_mplane' may result in an unaligned pointer value [-Waddress-of-packed-member]
  413 |         frame->fmt = find_format(&pix->pixelformat, NULL, 0);
      |                                  ^~~~~~~~~~~~~~~~~
  LD      drivers/media/usb/ttusb-dec/built-in.o
  CC      drivers/media/platform/exynos/mdev/exynos-mdev.o
  CC      drivers/gpu/arm/t6xx/r7p0/backend/gpu/mali_kbase_jm_as.o
  CC      drivers/media/platform/exynos/fimc-is/fimc-is-video-vdiso.o
  CC      drivers/media/platform/exynos/jpeg_hx/jpeg_hx_enc.o
  CC      drivers/pinctrl/pinctrl-exynos.o
  LD      drivers/of/built-in.o
  CC      drivers/media/platform/exynos/gsc_1.3/gsc-regs.o
  CC      drivers/net/wireless/bcmdhd/bcmsdh_linux.o
  CC      drivers/media/v4l2-core/v4l2-device.o
  CC      drivers/media/platform/exynos/mfc/s5p_mfc.o
  CC      drivers/media/v4l2-core/v4l2-fh.o
  LD      drivers/media/platform/exynos/mdev/mdev.o
  LD      drivers/media/usb/zr364xx/built-in.o
  LD      drivers/media/platform/exynos/mdev/built-in.o
  CC      drivers/pinctrl/secgpio_dvs.o
/home/pmos/build/src/android_kernel_samsung_k3gxx-2f78dde45cd08d9f1f7f047c81ffb237f7ab9b56/drivers/media/platform/exynos/mfc/s5p_mfc.c: In function 's5p_mfc_probe':
/home/pmos/build/src/android_kernel_samsung_k3gxx-2f78dde45cd08d9f1f7f047c81ffb237f7ab9b56/drivers/media/platform/exynos/mfc/s5p_mfc.c:2858:53: warning: 'snprintf' output may be truncated before the last format character [-Wformat-truncation=]
 2858 |         snprintf(vfd->name, sizeof(vfd->name), "%s%d", s5p_mfc_dec_videodev.name, dev->id);
      |                                                     ^
/home/pmos/build/src/android_kernel_samsung_k3gxx-2f78dde45cd08d9f1f7f047c81ffb237f7ab9b56/drivers/media/platform/exynos/mfc/s5p_mfc.c:2858:9: note: 'snprintf' output between 2 and 43 bytes into a destination of size 32
 2858 |         snprintf(vfd->name, sizeof(vfd->name), "%s%d", s5p_mfc_dec_videodev.name, dev->id);
      |         ^~~~~~~~~~~~~~~~~~~~~~~~~~~~~~~~~~~~~~~~~~~~~~~~~~~~~~~~~~~~~~~~~~~~~~~~~~~~~~~~~~
/home/pmos/build/src/android_kernel_samsung_k3gxx-2f78dde45cd08d9f1f7f047c81ffb237f7ab9b56/drivers/media/platform/exynos/mfc/s5p_mfc.c:2886:53: warning: 'snprintf' output may be truncated before the last format character [-Wformat-truncation=]
 2886 |         snprintf(vfd->name, sizeof(vfd->name), "%s%d", s5p_mfc_enc_videodev.name, dev->id);
      |                                                     ^
/home/pmos/build/src/android_kernel_samsung_k3gxx-2f78dde45cd08d9f1f7f047c81ffb237f7ab9b56/drivers/media/platform/exynos/mfc/s5p_mfc.c:2886:9: note: 'snprintf' output between 2 and 43 bytes into a destination of size 32
 2886 |         snprintf(vfd->name, sizeof(vfd->name), "%s%d", s5p_mfc_enc_videodev.name, dev->id);
      |         ^~~~~~~~~~~~~~~~~~~~~~~~~~~~~~~~~~~~~~~~~~~~~~~~~~~~~~~~~~~~~~~~~~~~~~~~~~~~~~~~~~
/home/pmos/build/src/android_kernel_samsung_k3gxx-2f78dde45cd08d9f1f7f047c81ffb237f7ab9b56/drivers/media/platform/exynos/mfc/s5p_mfc.c:2915:53: warning: 'snprintf' output may be truncated before the last format character [-Wformat-truncation=]
 2915 |         snprintf(vfd->name, sizeof(vfd->name), "%s%d", s5p_mfc_dec_drm_videodev.name, dev->id);
      |                                                     ^
/home/pmos/build/src/android_kernel_samsung_k3gxx-2f78dde45cd08d9f1f7f047c81ffb237f7ab9b56/drivers/media/platform/exynos/mfc/s5p_mfc.c:2915:9: note: 'snprintf' output between 2 and 43 bytes into a destination of size 32
 2915 |         snprintf(vfd->name, sizeof(vfd->name), "%s%d", s5p_mfc_dec_drm_videodev.name, dev->id);
      |         ^~~~~~~~~~~~~~~~~~~~~~~~~~~~~~~~~~~~~~~~~~~~~~~~~~~~~~~~~~~~~~~~~~~~~~~~~~~~~~~~~~~~~~
/home/pmos/build/src/android_kernel_samsung_k3gxx-2f78dde45cd08d9f1f7f047c81ffb237f7ab9b56/drivers/media/platform/exynos/mfc/s5p_mfc.c:2943:53: warning: 'snprintf' output may be truncated before the last format character [-Wformat-truncation=]
 2943 |         snprintf(vfd->name, sizeof(vfd->name), "%s%d", s5p_mfc_enc_drm_videodev.name, dev->id);
      |                                                     ^
/home/pmos/build/src/android_kernel_samsung_k3gxx-2f78dde45cd08d9f1f7f047c81ffb237f7ab9b56/drivers/media/platform/exynos/mfc/s5p_mfc.c:2943:9: note: 'snprintf' output between 2 and 43 bytes into a destination of size 32
 2943 |         snprintf(vfd->name, sizeof(vfd->name), "%s%d", s5p_mfc_enc_drm_videodev.name, dev->id);
      |         ^~~~~~~~~~~~~~~~~~~~~~~~~~~~~~~~~~~~~~~~~~~~~~~~~~~~~~~~~~~~~~~~~~~~~~~~~~~~~~~~~~~~~~
  CC      drivers/gpu/arm/t6xx/r7p0/backend/gpu/mali_kbase_jm_hw.o
  CC      drivers/net/wireless/bcmdhd/bcmsdh_sdmmc.o
  CC      drivers/media/platform/exynos/gsc_1.3/coef.o
  LD      drivers/media/usb/built-in.o
  CC      drivers/media/media-device.o
  CC      drivers/media/platform/exynos/fimc-is/fimc-is-hw-csi.o
  CC      drivers/media/v4l2-core/v4l2-event.o
  LD      drivers/pinctrl/built-in.o
  CC      drivers/media/platform/exynos/jpeg_hx/jpeg_hx_regs.o
  CC      drivers/media/platform/exynos/fimc-is/fimc-is-hw-ischain.o
  LD      drivers/media/platform/exynos/gsc_1.3/gsc.o
  CC      drivers/media/platform/exynos/mfc/s5p_mfc_intr.o
  CC      drivers/net/wireless/bcmdhd/bcmsdh_sdmmc_linux.o
  CC      drivers/media/platform/exynos/fimc-is/fimc-is-subdev-ctrl.o
/home/pmos/build/src/android_kernel_samsung_k3gxx-2f78dde45cd08d9f1f7f047c81ffb237f7ab9b56/drivers/media/platform/exynos/jpeg_hx/jpeg_hx_regs.c:221:6: warning: conflicting types for 'jpeg_hx_set_luma_stride' due to enum/integer mismatch; have 'void(void *, unsigned int,  unsigned int)' [-Wenum-int-mismatch]
  221 | void jpeg_hx_set_luma_stride(void __iomem *base, unsigned int width, unsigned int depth)
      |      ^~~~~~~~~~~~~~~~~~~~~~~
In file included from /home/pmos/build/src/android_kernel_samsung_k3gxx-2f78dde45cd08d9f1f7f047c81ffb237f7ab9b56/drivers/media/platform/exynos/jpeg_hx/jpeg_hx_regs.c:16:
/home/pmos/build/src/android_kernel_samsung_k3gxx-2f78dde45cd08d9f1f7f047c81ffb237f7ab9b56/drivers/media/platform/exynos/jpeg_hx/jpeg_hx_regs.h:50:6: note: previous declaration of 'jpeg_hx_set_luma_stride' with type 'void(void *, unsigned int,  enum jpeg_frame_format)'
   50 | void jpeg_hx_set_luma_stride(void __iomem *base, unsigned int w_stride, enum jpeg_frame_format fmt);
      |      ^~~~~~~~~~~~~~~~~~~~~~~
/home/pmos/build/src/android_kernel_samsung_k3gxx-2f78dde45cd08d9f1f7f047c81ffb237f7ab9b56/drivers/media/platform/exynos/jpeg_hx/jpeg_hx_regs.c:232:6: warning: conflicting types for 'jpeg_hx_set_cbcr_stride' due to enum/integer mismatch; have 'void(void *, unsigned int,  unsigned int)' [-Wenum-int-mismatch]
  232 | void jpeg_hx_set_cbcr_stride(void __iomem *base, unsigned int width, unsigned int depth)
      |      ^~~~~~~~~~~~~~~~~~~~~~~
/home/pmos/build/src/android_kernel_samsung_k3gxx-2f78dde45cd08d9f1f7f047c81ffb237f7ab9b56/drivers/media/platform/exynos/jpeg_hx/jpeg_hx_regs.h:51:6: note: previous declaration of 'jpeg_hx_set_cbcr_stride' with type 'void(void *, unsigned int,  enum jpeg_frame_format)'
   51 | void jpeg_hx_set_cbcr_stride(void __iomem *base, unsigned int w_stride, enum jpeg_frame_format fmt);
      |      ^~~~~~~~~~~~~~~~~~~~~~~
/home/pmos/build/src/android_kernel_samsung_k3gxx-2f78dde45cd08d9f1f7f047c81ffb237f7ab9b56/drivers/media/platform/exynos/jpeg_hx/jpeg_hx_regs.c:297:6: warning: conflicting types for 'jpeg_hx_coef' due to enum/integer mismatch; have 'void(void *, enum jpeg_mode,  struct jpeg_dev *)' [-Wenum-int-mismatch]
  297 | void jpeg_hx_coef(void __iomem *base, enum jpeg_mode mode, struct jpeg_dev *jpeg)
      |      ^~~~~~~~~~~~
/home/pmos/build/src/android_kernel_samsung_k3gxx-2f78dde45cd08d9f1f7f047c81ffb237f7ab9b56/drivers/media/platform/exynos/jpeg_hx/jpeg_hx_regs.h:49:6: note: previous declaration of 'jpeg_hx_coef' with type 'void(void *, unsigned int,  struct jpeg_dev *)'
   49 | void jpeg_hx_coef(void __iomem *base, unsigned int i, struct jpeg_dev *jpeg);
      |      ^~~~~~~~~~~~
  LD      drivers/platform/built-in.o
  CC      drivers/media/v4l2-core/v4l2-ctrls.o
  CC      drivers/media/platform/exynos/scaler/scaler-core.o
  CC      drivers/media/platform/exynos/fimc-is/fimc-is-device-csi.o
  LD      drivers/media/platform/exynos/gsc_1.3/built-in.o
  CC      drivers/media/platform/exynos/jpeg_hx/jpeg_hx_mem.o
/home/pmos/build/src/android_kernel_samsung_k3gxx-2f78dde45cd08d9f1f7f047c81ffb237f7ab9b56/drivers/media/platform/exynos/scaler/scaler-core.c: In function 'sc_v4l2_try_fmt_mplane':
/home/pmos/build/src/android_kernel_samsung_k3gxx-2f78dde45cd08d9f1f7f047c81ffb237f7ab9b56/drivers/media/platform/exynos/scaler/scaler-core.c:428:31: warning: taking address of packed member of 'struct v4l2_pix_format_mplane' may result in an unaligned pointer value [-Waddress-of-packed-member]
  428 |         v4l_bound_align_image(&pixm->width, limit->min_w, limit->max_w,
      |                               ^~~~~~~~~~~~
/home/pmos/build/src/android_kernel_samsung_k3gxx-2f78dde45cd08d9f1f7f047c81ffb237f7ab9b56/drivers/media/platform/exynos/scaler/scaler-core.c:429:34: warning: taking address of packed member of 'struct v4l2_pix_format_mplane' may result in an unaligned pointer value [-Waddress-of-packed-member]
  429 |                         w_align, &pixm->height, limit->min_h,
      |                                  ^~~~~~~~~~~~~
  CC      drivers/media/media-devnode.o
  CC      drivers/media/platform/exynos/tv/hdcp_drv.o
  CC      drivers/media/platform/exynos/mfc/s5p_mfc_dec.o
  CC      drivers/gpu/arm/t6xx/r7p0/backend/gpu/mali_kbase_jm_rb.o
  CC      drivers/media/platform/exynos/fimc-is/fimc-is-device-flite.o
  CC      drivers/net/wireless/bcmdhd/dhd_cdc.o
In file included from /home/pmos/build/src/android_kernel_samsung_k3gxx-2f78dde45cd08d9f1f7f047c81ffb237f7ab9b56/drivers/media/platform/exynos/tv/hdcp_drv.c:20:
/home/pmos/build/src/android_kernel_samsung_k3gxx-2f78dde45cd08d9f1f7f047c81ffb237f7ab9b56/drivers/media/platform/exynos/tv/hdmi.h:14: warning: header guard 'SAMSUMG_HDMI_H' followed by '#define' of a different macro [-Wheader-guard]
   14 | #ifndef SAMSUMG_HDMI_H
/home/pmos/build/src/android_kernel_samsung_k3gxx-2f78dde45cd08d9f1f7f047c81ffb237f7ab9b56/drivers/media/platform/exynos/tv/hdmi.h:15: note: 'SAMSUNG_HDMI_H' is defined here; did you mean 'SAMSUMG_HDMI_H'?
   15 | #define SAMSUNG_HDMI_H
  CC      drivers/media/platform/exynos/mfc/s5p_mfc_enc.o
  CC      drivers/media/v4l2-core/v4l2-subdev.o
  CC      drivers/media/platform/exynos/tv/hdmi_drv.o
  LD      drivers/media/platform/exynos/jpeg_hx/jpeg_hx.o
  CC      drivers/media/platform/exynos/scaler/scaler-regs.o
  CC      drivers/gpu/arm/t6xx/r7p0/backend/gpu/mali_kbase_js_affinity.o
In file included from /home/pmos/build/src/android_kernel_samsung_k3gxx-2f78dde45cd08d9f1f7f047c81ffb237f7ab9b56/drivers/media/platform/exynos/tv/hdmi_drv.c:13:
/home/pmos/build/src/android_kernel_samsung_k3gxx-2f78dde45cd08d9f1f7f047c81ffb237f7ab9b56/drivers/media/platform/exynos/tv/hdmi.h:14: warning: header guard 'SAMSUMG_HDMI_H' followed by '#define' of a different macro [-Wheader-guard]
   14 | #ifndef SAMSUMG_HDMI_H
/home/pmos/build/src/android_kernel_samsung_k3gxx-2f78dde45cd08d9f1f7f047c81ffb237f7ab9b56/drivers/media/platform/exynos/tv/hdmi.h:15: note: 'SAMSUNG_HDMI_H' is defined here; did you mean 'SAMSUMG_HDMI_H'?
   15 | #define SAMSUNG_HDMI_H
/home/pmos/build/src/android_kernel_samsung_k3gxx-2f78dde45cd08d9f1f7f047c81ffb237f7ab9b56/drivers/media/platform/exynos/fimc-is/fimc-is-device-flite.c: In function 'flite_hw_enable_bns':
/home/pmos/build/src/android_kernel_samsung_k3gxx-2f78dde45cd08d9f1f7f047c81ffb237f7ab9b56/drivers/media/platform/exynos/fimc-is/fimc-is-device-flite.c:190:58: warning: '~' on a boolean expression [-Wbool-operation]
  190 | #define FLITE_REG_BINNINGON_CLKGATE_ON(x)               (~(x) << 1)
      |                                                          ^
/home/pmos/build/src/android_kernel_samsung_k3gxx-2f78dde45cd08d9f1f7f047c81ffb237f7ab9b56/drivers/media/platform/exynos/fimc-is/fimc-is-device-flite.c:244:16: note: in expansion of macro 'FLITE_REG_BINNINGON_CLKGATE_ON'
  244 |         cfg |= FLITE_REG_BINNINGON_CLKGATE_ON(enable);
      |                ^~~~~~~~~~~~~~~~~~~~~~~~~~~~~~
/home/pmos/build/src/android_kernel_samsung_k3gxx-2f78dde45cd08d9f1f7f047c81ffb237f7ab9b56/drivers/media/platform/exynos/fimc-is/fimc-is-device-flite.c:190:58: note: did you mean to use logical not?
  190 | #define FLITE_REG_BINNINGON_CLKGATE_ON(x)               (~(x) << 1)
      |                                                          ^
/home/pmos/build/src/android_kernel_samsung_k3gxx-2f78dde45cd08d9f1f7f047c81ffb237f7ab9b56/drivers/media/platform/exynos/fimc-is/fimc-is-device-flite.c:244:16: note: in expansion of macro 'FLITE_REG_BINNINGON_CLKGATE_ON'
  244 |         cfg |= FLITE_REG_BINNINGON_CLKGATE_ON(enable);
      |                ^~~~~~~~~~~~~~~~~~~~~~~~~~~~~~
  LD      drivers/media/platform/exynos/jpeg_hx/built-in.o
  CC      drivers/media/platform/exynos/fimc-is/fimc-is-device-sensor.o
  CC      drivers/net/wireless/bcmdhd/dhd_pno.o
  CC      drivers/media/v4l2-core/v4l2-of.o
  CC      drivers/media/platform/exynos/mfc/s5p_mfc_ctrl.o
  CC      drivers/media/platform/exynos/tv/hdmi_reg.o
  CC      drivers/gpu/arm/t6xx/r7p0/backend/gpu/mali_kbase_js_backend.o
  LD      drivers/media/platform/exynos/scaler/scaler.o
  CC      drivers/media/media-entity.o
  LD      drivers/media/platform/exynos/scaler/built-in.o
In file included from /home/pmos/build/src/android_kernel_samsung_k3gxx-2f78dde45cd08d9f1f7f047c81ffb237f7ab9b56/drivers/media/platform/exynos/tv/hdmi_reg.c:14:
/home/pmos/build/src/android_kernel_samsung_k3gxx-2f78dde45cd08d9f1f7f047c81ffb237f7ab9b56/drivers/media/platform/exynos/tv/hdmi.h:14: warning: header guard 'SAMSUMG_HDMI_H' followed by '#define' of a different macro [-Wheader-guard]
   14 | #ifndef SAMSUMG_HDMI_H
/home/pmos/build/src/android_kernel_samsung_k3gxx-2f78dde45cd08d9f1f7f047c81ffb237f7ab9b56/drivers/media/platform/exynos/tv/hdmi.h:15: note: 'SAMSUNG_HDMI_H' is defined here; did you mean 'SAMSUMG_HDMI_H'?
   15 | #define SAMSUNG_HDMI_H
  CC      drivers/media/platform/exynos/fimc-is/fimc-is-device-ischain.o
  CC      drivers/media/v4l2-core/v4l2-common.o
  CC      drivers/power/power_supply_core.o
In file included from /home/pmos/build/src/android_kernel_samsung_k3gxx-2f78dde45cd08d9f1f7f047c81ffb237f7ab9b56/drivers/media/platform/exynos/fimc-is/include/fimc-is-module.h:19,
                 from /home/pmos/build/src/android_kernel_samsung_k3gxx-2f78dde45cd08d9f1f7f047c81ffb237f7ab9b56/drivers/media/platform/exynos/fimc-is/fimc-is-device-sensor.c:53:
/home/pmos/build/src/android_kernel_samsung_k3gxx-2f78dde45cd08d9f1f7f047c81ffb237f7ab9b56/drivers/media/platform/exynos/fimc-is/include/../sensor/module/fimc-is-device-3h7_sunny.h:12: warning: header guard 'FIMC_IS_DEVICE_3H7_SUNNY_H' followed by '#define' of a different macro [-Wheader-guard]
   12 | #ifndef FIMC_IS_DEVICE_3H7_SUNNY_H
/home/pmos/build/src/android_kernel_samsung_k3gxx-2f78dde45cd08d9f1f7f047c81ffb237f7ab9b56/drivers/media/platform/exynos/fimc-is/include/../sensor/module/fimc-is-device-3h7_sunny.h:13: note: 'FIMC_IS_DEVICE_3H7_SYNNY_H' is defined here; did you mean 'FIMC_IS_DEVICE_3H7_SUNNY_H'?
   13 | #define FIMC_IS_DEVICE_3H7_SYNNY_H
/home/pmos/build/src/android_kernel_samsung_k3gxx-2f78dde45cd08d9f1f7f047c81ffb237f7ab9b56/drivers/media/platform/exynos/fimc-is/fimc-is-device-sensor.c: In function 'fimc_is_sensor_s_input':
/home/pmos/build/src/android_kernel_samsung_k3gxx-2f78dde45cd08d9f1f7f047c81ffb237f7ab9b56/drivers/media/platform/exynos/fimc-is/fimc-is-device-sensor.c:1347:21: warning: the comparison will always evaluate as 'true' for the address of 'module_enum' will never be NULL [-Waddress]
 1347 |                 if (&device->module_enum[i] &&
      |                     ^
In file included from /home/pmos/build/src/android_kernel_samsung_k3gxx-2f78dde45cd08d9f1f7f047c81ffb237f7ab9b56/drivers/media/platform/exynos/fimc-is/fimc-is-core.h:52,
                 from /home/pmos/build/src/android_kernel_samsung_k3gxx-2f78dde45cd08d9f1f7f047c81ffb237f7ab9b56/drivers/media/platform/exynos/fimc-is/fimc-is-device-sensor.c:39:
/home/pmos/build/src/android_kernel_samsung_k3gxx-2f78dde45cd08d9f1f7f047c81ffb237f7ab9b56/drivers/media/platform/exynos/fimc-is/fimc-is-device-sensor.h:157:57: note: 'module_enum' declared here
  157 |         struct fimc_is_module_enum                      module_enum[SENSOR_MAX_ENUM];
      |                                                         ^~~~~~~~~~~
  CC      drivers/pwm/core.o
  CC      drivers/media/platform/exynos/mfc/s5p_mfc_inst.o
  CC      drivers/media/platform/exynos/tv/hdmi_edid.o
  CC      drivers/gpu/arm/t6xx/r7p0/backend/gpu/mali_kbase_mmu_hw_direct.o
  CC      drivers/net/wireless/bcmdhd/dhd_common.o
  CC      drivers/power/power_supply_sysfs.o
  CC      drivers/media/v4l2-core/v4l2-mem2mem.o
  CC      drivers/regulator/core.o
  CC      drivers/media/platform/exynos/mfc/s5p_mfc_mem.o
In file included from /home/pmos/build/src/android_kernel_samsung_k3gxx-2f78dde45cd08d9f1f7f047c81ffb237f7ab9b56/drivers/media/platform/exynos/tv/hdmi_edid.c:22:
/home/pmos/build/src/android_kernel_samsung_k3gxx-2f78dde45cd08d9f1f7f047c81ffb237f7ab9b56/drivers/media/platform/exynos/tv/hdmi.h:14: warning: header guard 'SAMSUMG_HDMI_H' followed by '#define' of a different macro [-Wheader-guard]
   14 | #ifndef SAMSUMG_HDMI_H
/home/pmos/build/src/android_kernel_samsung_k3gxx-2f78dde45cd08d9f1f7f047c81ffb237f7ab9b56/drivers/media/platform/exynos/tv/hdmi.h:15: note: 'SAMSUNG_HDMI_H' is defined here; did you mean 'SAMSUMG_HDMI_H'?
   15 | #define SAMSUNG_HDMI_H
  CC      drivers/gpu/arm/t6xx/r7p0/backend/gpu/mali_kbase_pm_backend.o
  CC      drivers/media/platform/exynos/fimc-is/fimc-is-interface.o
  LD      drivers/power/power_supply.o
  CC      drivers/media/v4l2-core/videobuf2-core.o
  CC      drivers/media/platform/exynos/mfc/s5p_mfc_reg.o
  CC      drivers/media/platform/exynos/tv/hdmiphy_conf_28nm.o
  CC      drivers/pwm/pwm-samsung.o
  LD      drivers/power/built-in.o
  CC      drivers/regulator/dummy.o
  CC      drivers/media/platform/exynos/mfc/s5p_mfc_pm.o
  CC      drivers/media/platform/exynos/tv/mixer_vb2.o
  CC      drivers/gpu/arm/t6xx/r7p0/backend/gpu/mali_kbase_pm_driver.o
In file included from /home/pmos/build/src/android_kernel_samsung_k3gxx-2f78dde45cd08d9f1f7f047c81ffb237f7ab9b56/drivers/media/platform/exynos/tv/hdmiphy_conf_28nm.c:14:
/home/pmos/build/src/android_kernel_samsung_k3gxx-2f78dde45cd08d9f1f7f047c81ffb237f7ab9b56/drivers/media/platform/exynos/tv/hdmi.h:14: warning: header guard 'SAMSUMG_HDMI_H' followed by '#define' of a different macro [-Wheader-guard]
   14 | #ifndef SAMSUMG_HDMI_H
/home/pmos/build/src/android_kernel_samsung_k3gxx-2f78dde45cd08d9f1f7f047c81ffb237f7ab9b56/drivers/media/platform/exynos/tv/hdmi.h:15: note: 'SAMSUNG_HDMI_H' is defined here; did you mean 'SAMSUMG_HDMI_H'?
   15 | #define SAMSUNG_HDMI_H
/home/pmos/build/src/android_kernel_samsung_k3gxx-2f78dde45cd08d9f1f7f047c81ffb237f7ab9b56/drivers/media/platform/exynos/tv/hdmiphy_conf_28nm.c:44:17: warning: 'hdmiphy_conf148_352' defined but not used [-Wunused-const-variable=]
   44 | static const u8 hdmiphy_conf148_352[32] = {
      |                 ^~~~~~~~~~~~~~~~~~~
/home/pmos/build/src/android_kernel_samsung_k3gxx-2f78dde45cd08d9f1f7f047c81ffb237f7ab9b56/drivers/media/platform/exynos/tv/hdmiphy_conf_28nm.c:23:17: warning: 'hdmiphy_conf27_027' defined but not used [-Wunused-const-variable=]
   23 | static const u8 hdmiphy_conf27_027[32] = {
      |                 ^~~~~~~~~~~~~~~~~~
  CC      drivers/media/platform/exynos/fimc-is/fimc-is-time.o
  CC      drivers/net/wireless/bcmdhd/dhd_wlfc.o
  LD      drivers/pwm/built-in.o
  CC      drivers/media/m2m1shot.o
  CC      drivers/media/v4l2-core/videobuf2-memops.o
  CC      drivers/media/m2m1shot-helper.o
  CC      drivers/regulator/fixed-helper.o
  CC      drivers/media/platform/exynos/fimc-is/fimc-is-dvfs.o
  CC      drivers/media/platform/exynos/tv/mixer_drv.o
  CC      drivers/gpu/arm/t6xx/r7p0/backend/gpu/mali_kbase_pm_metrics.o
  CC      drivers/media/v4l2-core/videobuf2-dma-contig.o
  CC      drivers/regulator/of_regulator.o
  CC      drivers/media/platform/exynos/mfc/s5p_mfc_qos.o
  CC      drivers/regulator/fixed.o
  CC      drivers/media/platform/exynos/fimc-is/fimc-is-dt.o
  CC      drivers/media/platform/exynos/fimc-is/fimc-is-clk-gate.o
  CC      drivers/media/v4l2-core/videobuf2-ion.o
  CC      drivers/media/platform/exynos/mfc/s5p_mfc_opr_v6.o
  CC      drivers/media/platform/exynos/tv/mixer_video.o
  LD      drivers/media/media.o
  CC      drivers/gpu/arm/t6xx/r7p0/backend/gpu/mali_kbase_pm_ca.o
  LD      drivers/media/v4l2-core/videodev.o
  CC      drivers/media/platform/exynos/tv/mixer_reg.o
  CC      drivers/regulator/arizona-micsupp.o
  CC      drivers/media/platform/exynos/mfc/s5p_mfc_cmd_v6.o
  CC      drivers/net/wireless/bcmdhd/dhd_ip.o
  LD      drivers/media/v4l2-core/built-in.o
  CC      drivers/rtc/rtc-lib.o
/home/pmos/build/src/android_kernel_samsung_k3gxx-2f78dde45cd08d9f1f7f047c81ffb237f7ab9b56/drivers/media/platform/exynos/tv/mixer_reg.c:922:17: warning: 'filter_cr_horiz_tap4' defined but not used [-Wunused-const-variable=]
  922 | static const u8 filter_cr_horiz_tap4[] = {
      |                 ^~~~~~~~~~~~~~~~~~~~
/home/pmos/build/src/android_kernel_samsung_k3gxx-2f78dde45cd08d9f1f7f047c81ffb237f7ab9b56/drivers/media/platform/exynos/tv/mixer_reg.c:911:17: warning: 'filter_y_vert_tap4' defined but not used [-Wunused-const-variable=]
  911 | static const u8 filter_y_vert_tap4[] = {
      |                 ^~~~~~~~~~~~~~~~~~
/home/pmos/build/src/android_kernel_samsung_k3gxx-2f78dde45cd08d9f1f7f047c81ffb237f7ab9b56/drivers/media/platform/exynos/tv/mixer_reg.c:900:17: warning: 'filter_y_horiz_tap8' defined but not used [-Wunused-const-variable=]
  900 | static const u8 filter_y_horiz_tap8[] = {
      |                 ^~~~~~~~~~~~~~~~~~~
  LD      drivers/media/platform/exynos/fimc-is/sensor/csi/built-in.o
  CC      drivers/media/platform/exynos/fimc-is/vendor/fimc-is-spi.o
  LD      drivers/media/platform/exynos/fimc-is/fimc-is.o
  LD      drivers/media/platform/exynos/mfc/s5p-mfc.o
  CC      drivers/net/wireless/bcmdhd/dhd_custom_gpio.o
  CC      drivers/media/platform/exynos/fimc-is/sensor/module/fimc-is-device-8b1.o
  CC      drivers/regulator/arizona-ldo1.o
  CC      drivers/media/platform/exynos/tv/mixer_grp_layer.o
  CC      drivers/gpu/arm/t6xx/r7p0/backend/gpu/mali_kbase_pm_ca_fixed.o
  CC      drivers/rtc/hctosys.o
  CC      drivers/media/platform/exynos/tv/mixer_video_layer.o
  LD      drivers/media/platform/exynos/mfc/built-in.o
  CC      drivers/media/platform/exynos/fimc-is/vendor/fimc-is-i2c.o
  CC      drivers/media/platform/exynos/fimc-is/sensor/module/fimc-is-device-2p2.o
  CC      drivers/gpu/arm/t6xx/r7p0/backend/gpu/mali_kbase_pm_always_on.o
  CC      drivers/regulator/max77804.o
  CC      drivers/rtc/systohc.o
  LD      drivers/media/platform/exynos/fimc-is/sensor/module/built-in.o
/home/pmos/build/src/android_kernel_samsung_k3gxx-2f78dde45cd08d9f1f7f047c81ffb237f7ab9b56/drivers/regulator/max77804.c:66:38: warning: 'topoff_current_map_desc' defined but not used [-Wunused-const-variable=]
   66 | static const struct voltage_map_desc topoff_current_map_desc = {
      |                                      ^~~~~~~~~~~~~~~~~~~~~~~
/home/pmos/build/src/android_kernel_samsung_k3gxx-2f78dde45cd08d9f1f7f047c81ffb237f7ab9b56/drivers/regulator/max77804.c:62:38: warning: 'charger_current_map_desc' defined but not used [-Wunused-const-variable=]
   62 | static const struct voltage_map_desc charger_current_map_desc = {
      |                                      ^~~~~~~~~~~~~~~~~~~~~~~~
  CC      drivers/gpu/arm/t6xx/r7p0/backend/gpu/mali_kbase_pm_coarse_demand.o
  CC      drivers/regulator/s2mps11.o
  LD      drivers/media/platform/exynos/fimc-is/sensor/built-in.o
  CC      drivers/rtc/class.o
  LD      drivers/media/platform/exynos/tv/s5p-hdmi.o
  CC      drivers/regulator/ncp6335b.o
  CC      drivers/media/platform/exynos/fimc-is/vendor/fimc-is-sec-define.o
  CC      drivers/net/wireless/bcmdhd/dhd_custom_sec.o
  CC      drivers/sensorhub/stm/ssp_dev.o
  CC      drivers/scsi/scsi.o
  CC      drivers/scsi/hosts.o
  CC      drivers/sensorhub/stm/ssp_i2c.o
  CC      drivers/gpu/arm/t6xx/r7p0/backend/gpu/mali_kbase_pm_demand.o
  LD      drivers/media/platform/exynos/tv/s5p-mixer.o
  CC      drivers/rtc/interface.o
  LD      drivers/media/platform/exynos/tv/built-in.o
/home/pmos/build/src/android_kernel_samsung_k3gxx-2f78dde45cd08d9f1f7f047c81ffb237f7ab9b56/drivers/sensorhub/stm/ssp_i2c.c: In function 'do_transfer':
/home/pmos/build/src/android_kernel_samsung_k3gxx-2f78dde45cd08d9f1f7f047c81ffb237f7ab9b56/drivers/sensorhub/stm/ssp_i2c.c:62:31: warning: taking address of packed member of 'struct ssp_msg' may result in an unaligned pointer value [-Waddress-of-packed-member]
   62 |                 list_add_tail(&msg->list, &data->pending_list);
      |                               ^~~~~~~~~~
/home/pmos/build/src/android_kernel_samsung_k3gxx-2f78dde45cd08d9f1f7f047c81ffb237f7ab9b56/drivers/sensorhub/stm/ssp_i2c.c: In function 'select_irq_msg':
/home/pmos/build/src/android_kernel_samsung_k3gxx-2f78dde45cd08d9f1f7f047c81ffb237f7ab9b56/drivers/sensorhub/stm/ssp_i2c.c:165:50: warning: taking address of packed member of 'struct ssp_msg' may result in an unaligned pointer value [-Waddress-of-packed-member]
  165 |                                         list_del(&msg->list);
      |                                                  ^~~~~~~~~~
/home/pmos/build/src/android_kernel_samsung_k3gxx-2f78dde45cd08d9f1f7f047c81ffb237f7ab9b56/drivers/sensorhub/stm/ssp_i2c.c:189:55: warning: taking address of packed member of 'struct ssp_msg' may result in an unaligned pointer value [-Waddress-of-packed-member]
  189 |                                         list_add_tail(&msg->list, &data->pending_list);
      |                                                       ^~~~~~~~~~
/home/pmos/build/src/android_kernel_samsung_k3gxx-2f78dde45cd08d9f1f7f047c81ffb237f7ab9b56/drivers/sensorhub/stm/ssp_i2c.c: In function 'clean_pending_list':
/home/pmos/build/src/android_kernel_samsung_k3gxx-2f78dde45cd08d9f1f7f047c81ffb237f7ab9b56/drivers/sensorhub/stm/ssp_i2c.c:239:26: warning: taking address of packed member of 'struct ssp_msg' may result in an unaligned pointer value [-Waddress-of-packed-member]
  239 |                 list_del(&msg->list);
      |                          ^~~~~~~~~~
  CC      drivers/media/platform/exynos/fimc-is/vendor/crc32.o
/home/pmos/build/src/android_kernel_samsung_k3gxx-2f78dde45cd08d9f1f7f047c81ffb237f7ab9b56/drivers/media/platform/exynos/fimc-is/vendor/fimc-is-sec-define.c: In function 'fimc_is_sec_fw_sel':
/home/pmos/build/src/android_kernel_samsung_k3gxx-2f78dde45cd08d9f1f7f047c81ffb237f7ab9b56/drivers/media/platform/exynos/fimc-is/vendor/fimc-is-sec-define.c:2968:25: warning: 'strncpy' output may be truncated copying 11 bytes from a string of length 11 [-Wstringop-truncation]
 2968 |                         strncpy(loaded_fw, dump_fw_version, FIMC_IS_HEADER_VER_SIZE);
      |                         ^~~~~~~~~~~~~~~~~~~~~~~~~~~~~~~~~~~~~~~~~~~~~~~~~~~~~~~~~~~~
/home/pmos/build/src/android_kernel_samsung_k3gxx-2f78dde45cd08d9f1f7f047c81ffb237f7ab9b56/drivers/media/platform/exynos/fimc-is/vendor/fimc-is-sec-define.c:2970:25: warning: 'strncpy' output may be truncated copying 11 bytes from a string of length 11 [-Wstringop-truncation]
 2970 |                         strncpy(loaded_fw, phone_fw_version, FIMC_IS_HEADER_VER_SIZE);
      |                         ^~~~~~~~~~~~~~~~~~~~~~~~~~~~~~~~~~~~~~~~~~~~~~~~~~~~~~~~~~~~~
/home/pmos/build/src/android_kernel_samsung_k3gxx-2f78dde45cd08d9f1f7f047c81ffb237f7ab9b56/drivers/media/platform/exynos/fimc-is/vendor/fimc-is-sec-define.c:2966:25: warning: 'strncpy' output may be truncated copying 11 bytes from a string of length 11 [-Wstringop-truncation]
 2966 |                         strncpy(loaded_fw, sysfs_finfo.header_ver, FIMC_IS_HEADER_VER_SIZE);
      |                         ^~~~~~~~~~~~~~~~~~~~~~~~~~~~~~~~~~~~~~~~~~~~~~~~~~~~~~~~~~~~~~~~~~~
/home/pmos/build/src/android_kernel_samsung_k3gxx-2f78dde45cd08d9f1f7f047c81ffb237f7ab9b56/drivers/media/platform/exynos/fimc-is/vendor/fimc-is-sec-define.c: In function 'fimc_is_sec_concord_fw_sel':
/home/pmos/build/src/android_kernel_samsung_k3gxx-2f78dde45cd08d9f1f7f047c81ffb237f7ab9b56/drivers/media/platform/exynos/fimc-is/vendor/fimc-is-sec-define.c:3287:25: warning: 'strncpy' output may be truncated copying 11 bytes from a string of length 11 [-Wstringop-truncation]
 3287 |                         strncpy(loaded_companion_fw, phone_c1_fw_version, 11);
      |                         ^~~~~~~~~~~~~~~~~~~~~~~~~~~~~~~~~~~~~~~~~~~~~~~~~~~~~
/home/pmos/build/src/android_kernel_samsung_k3gxx-2f78dde45cd08d9f1f7f047c81ffb237f7ab9b56/drivers/media/platform/exynos/fimc-is/vendor/fimc-is-sec-define.c:3283:25: warning: 'strncpy' output may be truncated copying 11 bytes from a string of length 11 [-Wstringop-truncation]
 3283 |                         strncpy(loaded_companion_fw, sysfs_finfo.concord_header_ver, 11);
      |                         ^~~~~~~~~~~~~~~~~~~~~~~~~~~~~~~~~~~~~~~~~~~~~~~~~~~~~~~~~~~~~~~~
/home/pmos/build/src/android_kernel_samsung_k3gxx-2f78dde45cd08d9f1f7f047c81ffb237f7ab9b56/drivers/media/platform/exynos/fimc-is/vendor/fimc-is-sec-define.c:3285:25: warning: 'strncpy' output may be truncated copying 11 bytes from a string of length 11 [-Wstringop-truncation]
 3285 |                         strncpy(loaded_companion_fw, dump_c1_fw_version, 11);
      |                         ^~~~~~~~~~~~~~~~~~~~~~~~~~~~~~~~~~~~~~~~~~~~~~~~~~~~
  CC      drivers/spi/spi.o
  CC      drivers/scsi/scsi_ioctl.o
  CC      drivers/net/wireless/bcmdhd/dhd_linux.o
  LD      drivers/regulator/built-in.o
  CC      drivers/sensorhub/stm/ssp_data.o
  CC      drivers/sensorhub/stm/ssp_sysfs.o
  CC      drivers/media/platform/exynos/fimc-is/vendor/fimc-is-companion-dt.o
  CC      drivers/sensorhub/stm/ssp_input.o
  CC      drivers/spi/spi-s3c64xx.o
  CC      drivers/rtc/rtc-dev.o
  CC      drivers/scsi/constants.o
/home/pmos/build/src/android_kernel_samsung_k3gxx-2f78dde45cd08d9f1f7f047c81ffb237f7ab9b56/drivers/net/wireless/bcmdhd/dhd_linux.c: In function 'dhd_allocate_if':
/home/pmos/build/src/android_kernel_samsung_k3gxx-2f78dde45cd08d9f1f7f047c81ffb237f7ab9b56/drivers/net/wireless/bcmdhd/dhd_linux.c:4091:17: warning: 'strncpy' specified bound 16 equals destination size [-Wstringop-truncation]
 4091 |                 strncpy(ifp->net->name, name, IFNAMSIZ);
      |                 ^~~~~~~~~~~~~~~~~~~~~~~~~~~~~~~~~~~~~~~
  CC      drivers/gpu/arm/t6xx/r7p0/backend/gpu/mali_kbase_pm_policy.o
  CC      drivers/sensorhub/stm/ssp_firmware.o
In file included from /home/pmos/build/src/android_kernel_samsung_k3gxx-2f78dde45cd08d9f1f7f047c81ffb237f7ab9b56/drivers/net/wireless/bcmdhd/dhd_common.c:30:
/home/pmos/build/src/android_kernel_samsung_k3gxx-2f78dde45cd08d9f1f7f047c81ffb237f7ab9b56/drivers/net/wireless/bcmdhd/dhd_common.c: In function 'dhd_pktfilter_offload_set':
/home/pmos/build/src/android_kernel_samsung_k3gxx-2f78dde45cd08d9f1f7f047c81ffb237f7ab9b56/drivers/net/wireless/bcmdhd/include/bcmutils.h:31:57: warning: 'strncpy' output truncated before terminating nul copying 14 bytes from a string of the same length [-Wstringop-truncation]
   31 | #define bcm_strncpy_s(dst, noOfElements, src, count)    strncpy((dst), (src), (count))
      |                                                         ^~~~~~~~~~~~~~~~~~~~~~~~~~~~~~
/home/pmos/build/src/android_kernel_samsung_k3gxx-2f78dde45cd08d9f1f7f047c81ffb237f7ab9b56/drivers/net/wireless/bcmdhd/dhd_common.c:1676:9: note: in expansion of macro 'bcm_strncpy_s'
 1676 |         bcm_strncpy_s(buf, BUF_SIZE, str, str_len);
      |         ^~~~~~~~~~~~~
  CC      drivers/sensorhub/stm/ssp_debug.o
  LD      drivers/spi/built-in.o
  CC      drivers/media/platform/exynos/fimc-is/vendor/fimc-is-companion.o
  CC      drivers/rtc/rtc-proc.o
  CC      drivers/net/wireless/bcmdhd/dhd_linux_sched.o
  CC      drivers/sensorhub/stm/sensors_core.o
  CC      drivers/scsi/scsicam.o
  CC      drivers/media/platform/exynos/fimc-is/vendor/fimc-is-fan53555.o
  CC      drivers/gpu/arm/t6xx/r7p0/backend/gpu/mali_kbase_time.o
  CC      drivers/sensorhub/stm/ssp_iio_ring.o
  CC      drivers/rtc/rtc-sysfs.o
  CC      drivers/sensorhub/stm/ssp_iio_trigger.o
  CC      drivers/media/platform/exynos/fimc-is/vendor/fimc-is-ncp6335b.o
  CC      drivers/net/wireless/bcmdhd/dhd_cfg80211.o
  LD      drivers/gpu/arm/t6xx/r7p0/mali_kbase.o
  CC      drivers/sensorhub/stm/accel_mpu6500.o
  CC      drivers/switch/switch_class.o
  CC      drivers/rtc/exynos_persistent_clock.o
  CC      drivers/staging/staging.o
  CC      drivers/sensorhub/stm/gyro_mpu6500.o
  CC      drivers/scsi/scsi_error.o
  CC      drivers/staging/android/binder.o
  CC      drivers/switch/switch-arizona.o
  CC      drivers/sensorhub/stm/magnetic_yas532.o
  LD      drivers/media/platform/exynos/fimc-is/vendor/built-in.o
  CC      drivers/net/wireless/bcmdhd/dhd_sdio.o
  CC      drivers/thermal/thermal_core.o
  CC      drivers/rtc/rtc-sec.o
  LD      drivers/gpu/arm/t6xx/r7p0/built-in.o
  CC      drivers/scsi/scsi_lib.o
  LD      drivers/media/platform/exynos/fimc-is/built-in.o
/home/pmos/build/src/android_kernel_samsung_k3gxx-2f78dde45cd08d9f1f7f047c81ffb237f7ab9b56/drivers/thermal/thermal_core.c: In function 'thermal_zone_device_register':
/home/pmos/build/src/android_kernel_samsung_k3gxx-2f78dde45cd08d9f1f7f047c81ffb237f7ab9b56/drivers/thermal/thermal_core.c:1535:38: warning: '%d' directive output may be truncated writing between 1 and 11 bytes into a region of size 9 [-Wformat-truncation=]
 1535 |                          "trip_point_%d_type", indx);
      |                                      ^~
In function 'create_trip_attrs',
    inlined from 'thermal_zone_device_register' at /home/pmos/build/src/android_kernel_samsung_k3gxx-2f78dde45cd08d9f1f7f047c81ffb237f7ab9b56/drivers/thermal/thermal_core.c:1700:11:
/home/pmos/build/src/android_kernel_samsung_k3gxx-2f78dde45cd08d9f1f7f047c81ffb237f7ab9b56/drivers/thermal/thermal_core.c:1535:26: note: directive argument in the range [-2147483641, 2147483646]
 1535 |                          "trip_point_%d_type", indx);
      |                          ^~~~~~~~~~~~~~~~~~~~
/home/pmos/build/src/android_kernel_samsung_k3gxx-2f78dde45cd08d9f1f7f047c81ffb237f7ab9b56/drivers/thermal/thermal_core.c:1534:17: note: 'snprintf' output between 18 and 28 bytes into a destination of size 20
 1534 |                 snprintf(tz->trip_type_attrs[indx].name, THERMAL_NAME_LENGTH,
      |                 ^~~~~~~~~~~~~~~~~~~~~~~~~~~~~~~~~~~~~~~~~~~~~~~~~~~~~~~~~~~~~
 1535 |                          "trip_point_%d_type", indx);
      |                          ~~~~~~~~~~~~~~~~~~~~~~~~~~~
/home/pmos/build/src/android_kernel_samsung_k3gxx-2f78dde45cd08d9f1f7f047c81ffb237f7ab9b56/drivers/thermal/thermal_core.c: In function 'thermal_zone_device_register':
/home/pmos/build/src/android_kernel_samsung_k3gxx-2f78dde45cd08d9f1f7f047c81ffb237f7ab9b56/drivers/thermal/thermal_core.c:1548:38: warning: '%d' directive output may be truncated writing between 1 and 11 bytes into a region of size 9 [-Wformat-truncation=]
 1548 |                          "trip_point_%d_temp", indx);
      |                                      ^~
In function 'create_trip_attrs',
    inlined from 'thermal_zone_device_register' at /home/pmos/build/src/android_kernel_samsung_k3gxx-2f78dde45cd08d9f1f7f047c81ffb237f7ab9b56/drivers/thermal/thermal_core.c:1700:11:
/home/pmos/build/src/android_kernel_samsung_k3gxx-2f78dde45cd08d9f1f7f047c81ffb237f7ab9b56/drivers/thermal/thermal_core.c:1548:26: note: directive argument in the range [-2147483641, 2147483646]
 1548 |                          "trip_point_%d_temp", indx);
      |                          ^~~~~~~~~~~~~~~~~~~~
/home/pmos/build/src/android_kernel_samsung_k3gxx-2f78dde45cd08d9f1f7f047c81ffb237f7ab9b56/drivers/thermal/thermal_core.c:1547:17: note: 'snprintf' output between 18 and 28 bytes into a destination of size 20
 1547 |                 snprintf(tz->trip_temp_attrs[indx].name, THERMAL_NAME_LENGTH,
      |                 ^~~~~~~~~~~~~~~~~~~~~~~~~~~~~~~~~~~~~~~~~~~~~~~~~~~~~~~~~~~~~
 1548 |                          "trip_point_%d_temp", indx);
      |                          ~~~~~~~~~~~~~~~~~~~~~~~~~~~
/home/pmos/build/src/android_kernel_samsung_k3gxx-2f78dde45cd08d9f1f7f047c81ffb237f7ab9b56/drivers/thermal/thermal_core.c: In function 'thermal_zone_device_register':
/home/pmos/build/src/android_kernel_samsung_k3gxx-2f78dde45cd08d9f1f7f047c81ffb237f7ab9b56/drivers/thermal/thermal_core.c:1568:38: warning: '%d' directive output may be truncated writing between 1 and 11 bytes into a region of size 9 [-Wformat-truncation=]
 1568 |                          "trip_point_%d_hyst", indx);
      |                                      ^~
In function 'create_trip_attrs',
    inlined from 'thermal_zone_device_register' at /home/pmos/build/src/android_kernel_samsung_k3gxx-2f78dde45cd08d9f1f7f047c81ffb237f7ab9b56/drivers/thermal/thermal_core.c:1700:11:
/home/pmos/build/src/android_kernel_samsung_k3gxx-2f78dde45cd08d9f1f7f047c81ffb237f7ab9b56/drivers/thermal/thermal_core.c:1568:26: note: directive argument in the range [-2147483641, 2147483646]
 1568 |                          "trip_point_%d_hyst", indx);
      |                          ^~~~~~~~~~~~~~~~~~~~
/home/pmos/build/src/android_kernel_samsung_k3gxx-2f78dde45cd08d9f1f7f047c81ffb237f7ab9b56/drivers/thermal/thermal_core.c:1567:17: note: 'snprintf' output between 18 and 28 bytes into a destination of size 20
 1567 |                 snprintf(tz->trip_hyst_attrs[indx].name, THERMAL_NAME_LENGTH,
      |                 ^~~~~~~~~~~~~~~~~~~~~~~~~~~~~~~~~~~~~~~~~~~~~~~~~~~~~~~~~~~~~
 1568 |                          "trip_point_%d_hyst", indx);
      |                          ~~~~~~~~~~~~~~~~~~~~~~~~~~~
  CC      drivers/staging/android/ashmem.o
  CC      drivers/tty/tty_io.o
/home/pmos/build/src/android_kernel_samsung_k3gxx-2f78dde45cd08d9f1f7f047c81ffb237f7ab9b56/drivers/net/wireless/bcmdhd/dhd_sdio.c: In function 'dhd_bus_devreset':
/home/pmos/build/src/android_kernel_samsung_k3gxx-2f78dde45cd08d9f1f7f047c81ffb237f7ab9b56/drivers/net/wireless/bcmdhd/dhd_sdio.c:8771:27: warning: this 'else' clause does not guard... [-Wmisleading-indentation]
 8771 |                         } else
      |                           ^~~~
/home/pmos/build/src/android_kernel_samsung_k3gxx-2f78dde45cd08d9f1f7f047c81ffb237f7ab9b56/drivers/net/wireless/bcmdhd/dhd_sdio.c:8774:33: note: ...this statement, but the latter is misleadingly indented as if it were guarded by the 'else'
 8774 |                                 dhd_os_sdunlock(dhdp);
      |                                 ^~~~~~~~~~~~~~~
  CC      drivers/sensorhub/stm/light_tmg399x.o
  CC      drivers/thermal/step_wise.o
  LD      drivers/staging/iio/accel/built-in.o
  LD      drivers/gpu/arm/t6xx/built-in.o
  CC      drivers/staging/android/logger.o
  CC      drivers/thermal/cpu_cooling.o
  LD      drivers/staging/iio/adc/built-in.o
  LD      drivers/rtc/rtc-core.o
  LD      drivers/switch/built-in.o
  LD      drivers/media/platform/exynos/built-in.o
  CC      drivers/sensorhub/stm/prox_max88920.o
  CC      drivers/scsi/scsi_lib_dma.o
  CC      drivers/tty/n_tty.o
/home/pmos/build/src/android_kernel_samsung_k3gxx-2f78dde45cd08d9f1f7f047c81ffb237f7ab9b56/drivers/thermal/cpu_cooling.c: In function 'cpufreq_cooling_register':
/home/pmos/build/src/android_kernel_samsung_k3gxx-2f78dde45cd08d9f1f7f047c81ffb237f7ab9b56/drivers/thermal/cpu_cooling.c:465:63: warning: '%d' directive output may be truncated writing between 1 and 10 bytes into a region of size 4 [-Wformat-truncation=]
  465 |         snprintf(dev_name, sizeof(dev_name), "thermal-cpufreq-%d",
      |                                                               ^~
/home/pmos/build/src/android_kernel_samsung_k3gxx-2f78dde45cd08d9f1f7f047c81ffb237f7ab9b56/drivers/thermal/cpu_cooling.c:465:46: note: directive argument in the range [0, 2147483647]
  465 |         snprintf(dev_name, sizeof(dev_name), "thermal-cpufreq-%d",
      |                                              ^~~~~~~~~~~~~~~~~~~~
/home/pmos/build/src/android_kernel_samsung_k3gxx-2f78dde45cd08d9f1f7f047c81ffb237f7ab9b56/drivers/thermal/cpu_cooling.c:465:9: note: 'snprintf' output between 18 and 27 bytes into a destination of size 20
  465 |         snprintf(dev_name, sizeof(dev_name), "thermal-cpufreq-%d",
      |         ^~~~~~~~~~~~~~~~~~~~~~~~~~~~~~~~~~~~~~~~~~~~~~~~~~~~~~~~~~
  466 |                  cpufreq_dev->id);
      |                  ~~~~~~~~~~~~~~~~
  CC      drivers/net/wireless/bcmdhd/dhd_linux_wq.o
  CC      drivers/scsi/scsi_scan.o
  LD      drivers/staging/iio/addac/built-in.o
  CC      drivers/sensorhub/stm/gesture_tmg399x.o
  CC      drivers/tty/tty_ioctl.o
  CC      drivers/thermal/exynos_thermal.o
  LD      drivers/rtc/built-in.o
  CC      drivers/staging/android/timed_output.o
  LD      drivers/staging/media/built-in.o
  CC      drivers/staging/android/lowmemorykiller.o
  LD      drivers/gpu/arm/built-in.o
  CC      drivers/sensorhub/stm/pressure_lps25h.o
  CC      drivers/tty/tty_ldisc.o
  LD      drivers/staging/iio/cdc/built-in.o
  CC      drivers/staging/samsung/sec_batt.o
  CC      drivers/thermal/cal_tmu.o
  CC      drivers/scsi/scsi_sysfs.o
  CC      drivers/net/wireless/bcmdhd/aiutils.o
  LD      drivers/staging/iio/frequency/built-in.o
  CC      drivers/tty/tty_buffer.o
  LD      drivers/media/platform/built-in.o
  LD      drivers/staging/iio/gyro/built-in.o
  CC      drivers/sensorhub/stm/mcu_stm32f401.o
  CC      drivers/scsi/scsi_devinfo.o
  CC      drivers/staging/samsung/sec_debug.o
  CC      drivers/staging/android/alarm-dev.o
  CC      drivers/thermal/ipa.o
  LD      drivers/staging/iio/impedance-analyzer/built-in.o
  CC      drivers/tty/tty_port.o
  CC      drivers/staging/vnswap/vnswap.o
  LD      drivers/gpu/built-in.o
/home/pmos/build/src/android_kernel_samsung_k3gxx-2f78dde45cd08d9f1f7f047c81ffb237f7ab9b56/drivers/scsi/scsi_devinfo.c: In function 'scsi_strcpy_devinfo':
/home/pmos/build/src/android_kernel_samsung_k3gxx-2f78dde45cd08d9f1f7f047c81ffb237f7ab9b56/drivers/scsi/scsi_devinfo.c:286:9: warning: 'strncpy' specified bound depends on the length of the source argument [-Wstringop-truncation]
  286 |         strncpy(to, from, min(to_length, from_length));
      |         ^~~~~~~~~~~~~~~~~~~~~~~~~~~~~~~~~~~~~~~~~~~~~~
/home/pmos/build/src/android_kernel_samsung_k3gxx-2f78dde45cd08d9f1f7f047c81ffb237f7ab9b56/drivers/scsi/scsi_devinfo.c:285:23: note: length computed here
  285 |         from_length = strlen(from);
      |                       ^~~~~~~~~~~~
In file included from /home/pmos/build/src/android_kernel_samsung_k3gxx-2f78dde45cd08d9f1f7f047c81ffb237f7ab9b56/include/linux/printk.h:6,
                 from /home/pmos/build/src/android_kernel_samsung_k3gxx-2f78dde45cd08d9f1f7f047c81ffb237f7ab9b56/include/linux/kernel.h:13,
                 from /home/pmos/build/src/android_kernel_samsung_k3gxx-2f78dde45cd08d9f1f7f047c81ffb237f7ab9b56/include/linux/sched.h:15,
                 from /home/pmos/build/src/android_kernel_samsung_k3gxx-2f78dde45cd08d9f1f7f047c81ffb237f7ab9b56/include/linux/blkdev.h:4,
                 from /home/pmos/build/src/android_kernel_samsung_k3gxx-2f78dde45cd08d9f1f7f047c81ffb237f7ab9b56/drivers/scsi/scsi_devinfo.c:2:
/home/pmos/build/src/android_kernel_samsung_k3gxx-2f78dde45cd08d9f1f7f047c81ffb237f7ab9b56/drivers/scsi/scsi_devinfo.c: In function 'scsi_dev_info_list_add_str':
/home/pmos/build/src/android_kernel_samsung_k3gxx-2f78dde45cd08d9f1f7f047c81ffb237f7ab9b56/include/linux/kern_levels.h:4:25: warning: '%s' directive argument is null [-Wformat-overflow=]
    4 | #define KERN_SOH        "\001"          /* ASCII Start Of Header */
      |                         ^~~~~~
/home/pmos/build/src/android_kernel_samsung_k3gxx-2f78dde45cd08d9f1f7f047c81ffb237f7ab9b56/include/linux/kern_levels.h:10:25: note: in expansion of macro 'KERN_SOH'
   10 | #define KERN_ERR        KERN_SOH "3"    /* error conditions */
      |                         ^~~~~~~~
/home/pmos/build/src/android_kernel_samsung_k3gxx-2f78dde45cd08d9f1f7f047c81ffb237f7ab9b56/drivers/scsi/scsi_devinfo.c:512:32: note: in expansion of macro 'KERN_ERR'
  512 |                         printk(KERN_ERR "%s: bad dev info string '%s' '%s'"
      |                                ^~~~~~~~
/home/pmos/build/src/android_kernel_samsung_k3gxx-2f78dde45cd08d9f1f7f047c81ffb237f7ab9b56/drivers/scsi/scsi_devinfo.c:513:35: note: format string is defined here
  513 |                                " '%s'\n", __func__, vendor, model,
      |                                   ^~
In file included from /home/pmos/build/src/android_kernel_samsung_k3gxx-2f78dde45cd08d9f1f7f047c81ffb237f7ab9b56/include/linux/debugfs.h:18,
                 from /home/pmos/build/src/android_kernel_samsung_k3gxx-2f78dde45cd08d9f1f7f047c81ffb237f7ab9b56/drivers/thermal/ipa.c:22:
/home/pmos/build/src/android_kernel_samsung_k3gxx-2f78dde45cd08d9f1f7f047c81ffb237f7ab9b56/drivers/thermal/ipa.c:649:25: warning: 'k_fops_ro' defined but not used [-Wunused-const-variable=]
  649 | DEFINE_SIMPLE_ATTRIBUTE(k_fops_ro, debugfs_k_get, NULL, "%llu\n");
      |                         ^~~~~~~~~
/home/pmos/build/src/android_kernel_samsung_k3gxx-2f78dde45cd08d9f1f7f047c81ffb237f7ab9b56/include/linux/fs.h:2710:37: note: in definition of macro 'DEFINE_SIMPLE_ATTRIBUTE'
 2710 | static const struct file_operations __fops = {                          \
      |                                     ^~~~~~
  CC      drivers/scsi/scsi_sysctl.o
  CC      drivers/net/wireless/bcmdhd/bcmevent.o
  LD      drivers/staging/iio/light/built-in.o
  CC      drivers/staging/android/sync.o
  CC      drivers/tty/tty_mutex.o
  CC      drivers/sensorhub/stm/barcode_emul_tmg3992.o
  LD      drivers/thermal/thermal_sys.o
  CC      drivers/staging/samsung/sec_getlog.o
  LD      drivers/staging/iio/magnetometer/built-in.o
  LD      drivers/thermal/built-in.o
  CC      drivers/sensorhub/stm/ssp_sensorhub.o
  CC      drivers/staging/vnswap/vnswap_sysfs.o
  CC      drivers/scsi/scsi_proc.o
  CC      drivers/net/wireless/bcmdhd/bcmutils.o
  CC      drivers/tty/pty.o
  LD      drivers/staging/iio/meter/built-in.o
  CC      drivers/staging/android/sw_sync.o
  LD      drivers/media/built-in.o
  CC      drivers/net/wireless/bcmdhd/bcmwifi_channels.o
/home/pmos/build/src/android_kernel_samsung_k3gxx-2f78dde45cd08d9f1f7f047c81ffb237f7ab9b56/drivers/net/wireless/bcmdhd/bcmutils.c: In function 'bcm_ipv6_ntoa':
/home/pmos/build/src/android_kernel_samsung_k3gxx-2f78dde45cd08d9f1f7f047c81ffb237f7ab9b56/drivers/net/wireless/bcmdhd/bcmutils.c:1170:54: warning: 'snprintf' output may be truncated before the last format character [-Wformat-truncation=]
 1170 |                         snprintf(p, 16, ":%u.%u.%u.%u", a4[0], a4[1], a4[2], a4[3]);
      |                                                      ^
/home/pmos/build/src/android_kernel_samsung_k3gxx-2f78dde45cd08d9f1f7f047c81ffb237f7ab9b56/drivers/net/wireless/bcmdhd/bcmutils.c:1170:25: note: 'snprintf' output between 9 and 17 bytes into a destination of size 16
 1170 |                         snprintf(p, 16, ":%u.%u.%u.%u", a4[0], a4[1], a4[2], a4[3]);
      |                         ^~~~~~~~~~~~~~~~~~~~~~~~~~~~~~~~~~~~~~~~~~~~~~~~~~~~~~~~~~~
  LD      drivers/staging/iio/resolver/built-in.o
  CC      drivers/staging/samsung/sec_gaf.o
  CC      drivers/sensorhub/stm/max86900.o
  CC      drivers/scsi/scsi_trace.o
  LD      drivers/staging/iio/trigger/built-in.o
  CC      drivers/scsi/scsi_pm.o
  LD      drivers/staging/vnswap/built-in.o
  LD      drivers/staging/android/built-in.o
  CC      drivers/tty/tty_audit.o
  CC      drivers/scsi/sd.o
  LD      drivers/staging/iio/built-in.o
  CC      drivers/staging/samsung/sec_log.o
  LD      drivers/sensorhub/stm/built-in.o
  CC      drivers/net/wireless/bcmdhd/hndpmu.o
  LD      drivers/scsi/arm/built-in.o
  CC      drivers/tty/sysrq.o
  CC      drivers/scsi/sg.o
  CC      drivers/staging/samsung/sec_memory.o
  CC      drivers/net/wireless/bcmdhd/linux_osl.o
  LD      drivers/sensorhub/built-in.o
  LD      drivers/tty/ipwireless/built-in.o
  CC      drivers/staging/samsung/sec_reboot.o
  CC      drivers/staging/samsung/sec_misc.o
  CC      drivers/net/wireless/bcmdhd/sbutils.o
  CC      drivers/tty/vt/vt_ioctl.o
  CC      drivers/watchdog/watchdog_core.o
  CC      drivers/tty/serial/serial_core.o
  CC      drivers/video/fb_notify.o
  CC      drivers/staging/samsung/sec_sysfs.o
  LD      drivers/scsi/scsi_mod.o
  CC      drivers/tty/vt/vc_screen.o
  CC      drivers/usb/class/usblp.o
  CC      drivers/watchdog/watchdog_dev.o
  CC      drivers/staging/samsung/sec_bsp.o
  CC      drivers/video/fbmem.o
  LD      drivers/scsi/sd_mod.o
  CC      drivers/net/wireless/bcmdhd/siutils.o
  CC      drivers/w1/w1.o
  CC      drivers/tty/serial/8250/8250_core.o
  LD      drivers/scsi/built-in.o
  CC      drivers/tty/vt/selection.o
  CC      drivers/watchdog/s3c2410_wdt.o
/home/pmos/build/src/android_kernel_samsung_k3gxx-2f78dde45cd08d9f1f7f047c81ffb237f7ab9b56/drivers/net/wireless/bcmdhd/siutils.c: In function 'si_doattach':
/home/pmos/build/src/android_kernel_samsung_k3gxx-2f78dde45cd08d9f1f7f047c81ffb237f7ab9b56/drivers/net/wireless/bcmdhd/siutils.c:425:21: warning: self-comparison always evaluates to false [-Wtautological-compare]
  425 |         if (bustype != BUSTYPE(bustype)) {
      |                     ^~
  CC      drivers/tty/serial/samsung.o
  LD      drivers/usb/class/built-in.o
  CC      drivers/video/fbmon.o
  CC      drivers/tty/serial/8250/8250_dma.o
  CC      drivers/net/wireless/bcmdhd/wl_android.o
  CC      drivers/w1/w1_int.o
  CC      drivers/usb/core/usb.o
  LD      drivers/staging/samsung/built-in.o
  CC      drivers/usb/dwc3/core.o
In file included from /home/pmos/build/src/android_kernel_samsung_k3gxx-2f78dde45cd08d9f1f7f047c81ffb237f7ab9b56/drivers/net/wireless/bcmdhd/wl_android.c:48:
/home/pmos/build/src/android_kernel_samsung_k3gxx-2f78dde45cd08d9f1f7f047c81ffb237f7ab9b56/drivers/net/wireless/bcmdhd/wl_android.c: In function 'wl_android_set_ibss_routetable':
/home/pmos/build/src/android_kernel_samsung_k3gxx-2f78dde45cd08d9f1f7f047c81ffb237f7ab9b56/drivers/net/wireless/bcmdhd/wl_android.c:3330:25: warning: '%s' directive argument is null [-Wformat-overflow=]
 3330 |                 WL_ERR(("Invalid number parameter %s\n", str));
      |                         ^~~~~~~~~~~~~~~~~~~~~~~~~~~~~~~
/home/pmos/build/src/android_kernel_samsung_k3gxx-2f78dde45cd08d9f1f7f047c81ffb237f7ab9b56/drivers/net/wireless/bcmdhd/wl_cfg80211.h:102:32: note: in definition of macro 'WL_ERR'
  102 |                         printk args;                                            \
      |                                ^~~~
/home/pmos/build/src/android_kernel_samsung_k3gxx-2f78dde45cd08d9f1f7f047c81ffb237f7ab9b56/drivers/net/wireless/bcmdhd/wl_android.c:3330:51: note: format string is defined here
 3330 |                 WL_ERR(("Invalid number parameter %s\n", str));
      |                                                   ^~
/home/pmos/build/src/android_kernel_samsung_k3gxx-2f78dde45cd08d9f1f7f047c81ffb237f7ab9b56/drivers/usb/core/usb.c: In function 'usb_alloc_dev':
/home/pmos/build/src/android_kernel_samsung_k3gxx-2f78dde45cd08d9f1f7f047c81ffb237f7ab9b56/drivers/usb/core/usb.c:441:37: warning: '%d' directive output may be truncated writing between 1 and 11 bytes into a region of size between 0 and 15 [-Wformat-truncation=]
  441 |                                 "%s.%d", parent->devpath, port1);
      |                                     ^~
/home/pmos/build/src/android_kernel_samsung_k3gxx-2f78dde45cd08d9f1f7f047c81ffb237f7ab9b56/drivers/usb/core/usb.c:441:33: note: using the range [-2147483648, 2147483647] for directive argument
  441 |                                 "%s.%d", parent->devpath, port1);
      |                                 ^~~~~~~
/home/pmos/build/src/android_kernel_samsung_k3gxx-2f78dde45cd08d9f1f7f047c81ffb237f7ab9b56/drivers/usb/core/usb.c:440:25: note: 'snprintf' output between 3 and 28 bytes into a destination of size 16
  440 |                         snprintf(dev->devpath, sizeof dev->devpath,
      |                         ^~~~~~~~~~~~~~~~~~~~~~~~~~~~~~~~~~~~~~~~~~~
  441 |                                 "%s.%d", parent->devpath, port1);
      |                                 ~~~~~~~~~~~~~~~~~~~~~~~~~~~~~~~~
  CC      drivers/tty/vt/keyboard.o
In file included from /home/pmos/build/src/android_kernel_samsung_k3gxx-2f78dde45cd08d9f1f7f047c81ffb237f7ab9b56/drivers/video/fbmon.c:40:
/home/pmos/build/src/android_kernel_samsung_k3gxx-2f78dde45cd08d9f1f7f047c81ffb237f7ab9b56/drivers/video/fbmon.c: In function 'fb_edid_add_monspecs':
/home/pmos/build/src/android_kernel_samsung_k3gxx-2f78dde45cd08d9f1f7f047c81ffb237f7ab9b56/drivers/video/edid.h:93:76: warning: '*' in boolean context, suggest '&&' instead [-Wint-in-bool-context]
   93 | #define PIXEL_CLOCK        (COMBINE_HI_8LO( PIXEL_CLOCK_HI,PIXEL_CLOCK_LO )*10000)
      |                            ~~~~~~~~~~~~~~~~~~~~~~~~~~~~~~~~~~~~~~~~~~~~~~~~^~~~~~~
/home/pmos/build/src/android_kernel_samsung_k3gxx-2f78dde45cd08d9f1f7f047c81ffb237f7ab9b56/drivers/video/fbmon.c:1301:21: note: in expansion of macro 'PIXEL_CLOCK'
 1301 |                 if (PIXEL_CLOCK)
      |                     ^~~~~~~~~~~
  LD      drivers/staging/built-in.o
  LD      drivers/watchdog/watchdog.o
  CC      drivers/tty/serial/of_serial.o
  LD      drivers/watchdog/built-in.o
  CC      drivers/usb/core/hub.o
  CC      drivers/video/fbcmap.o
  CC      drivers/tty/vt/consolemap.o
  CC      drivers/w1/w1_family.o
  CC      drivers/usb/core/hcd.o
/home/pmos/build/src/android_kernel_samsung_k3gxx-2f78dde45cd08d9f1f7f047c81ffb237f7ab9b56/drivers/usb/core/hcd.c: In function 'rh_string':
/home/pmos/build/src/android_kernel_samsung_k3gxx-2f78dde45cd08d9f1f7f047c81ffb237f7ab9b56/drivers/usb/core/hcd.c:427:48: warning: '%s' directive output may be truncated writing up to 64 bytes into a region of size between 35 and 99 [-Wformat-truncation=]
  427 |                 snprintf (buf, sizeof buf, "%s %s %s", init_utsname()->sysname,
      |                                                ^~
  428 |                         init_utsname()->release, hcd->driver->description);
      |                         ~~~~~~~~~~~~~~~~~~~~~~~ 
/home/pmos/build/src/android_kernel_samsung_k3gxx-2f78dde45cd08d9f1f7f047c81ffb237f7ab9b56/drivers/usb/core/hcd.c:427:17: note: 'snprintf' output 3 or more bytes (assuming 131) into a destination of size 100
  427 |                 snprintf (buf, sizeof buf, "%s %s %s", init_utsname()->sysname,
      |                 ^~~~~~~~~~~~~~~~~~~~~~~~~~~~~~~~~~~~~~~~~~~~~~~~~~~~~~~~~~~~~~~
  428 |                         init_utsname()->release, hcd->driver->description);
      |                         ~~~~~~~~~~~~~~~~~~~~~~~~~~~~~~~~~~~~~~~~~~~~~~~~~~
  CC      drivers/usb/core/urb.o
  CC      drivers/usb/dwc3/otg.o
  LD      drivers/tty/serial/8250/8250.o
  LD      drivers/tty/serial/8250/built-in.o
  CONMK   drivers/tty/vt/consolemap_deftbl.c
  CC      drivers/w1/w1_netlink.o
  CC      drivers/usb/dwc3/host.o
  CC      drivers/tty/vt/vt.o
  CC      drivers/net/wireless/bcmdhd/wl_cfg80211.o
  LD      drivers/tty/serial/built-in.o
  CC      drivers/video/fbsysfs.o
  CC      drivers/usb/dwc3/gadget.o
  CC      drivers/usb/core/message.o
  CC      drivers/usb/gadget/udc-core.o
  CC      drivers/usb/dwc3/ep0.o
  CC      drivers/usb/host/ehci-hcd.o
/home/pmos/build/src/android_kernel_samsung_k3gxx-2f78dde45cd08d9f1f7f047c81ffb237f7ab9b56/drivers/net/wireless/bcmdhd/wl_cfg80211.c: In function 'wl_cfg80211_ibss_vsie_delete':
/home/pmos/build/src/android_kernel_samsung_k3gxx-2f78dde45cd08d9f1f7f047c81ffb237f7ab9b56/drivers/net/wireless/bcmdhd/wl_cfg80211.c:2936:17: warning: 'strncpy' output truncated before terminating nul copying 3 bytes from a string of the same length [-Wstringop-truncation]
 2936 |                 strncpy(cfg->ibss_vsie->cmd, "del", VNDR_IE_CMD_LEN - 1);
      |                 ^~~~~~~~~~~~~~~~~~~~~~~~~~~~~~~~~~~~~~~~~~~~~~~~~~~~~~~~
/home/pmos/build/src/android_kernel_samsung_k3gxx-2f78dde45cd08d9f1f7f047c81ffb237f7ab9b56/drivers/net/wireless/bcmdhd/wl_cfg80211.c: At top level:
/home/pmos/build/src/android_kernel_samsung_k3gxx-2f78dde45cd08d9f1f7f047c81ffb237f7ab9b56/drivers/net/wireless/bcmdhd/wl_cfg80211.c:7741:42: warning: 'brcm_wowlan_support' defined but not used [-Wunused-const-variable=]
 7741 | static const struct wiphy_wowlan_support brcm_wowlan_support = {
      |                                          ^~~~~~~~~~~~~~~~~~~
/home/pmos/build/src/android_kernel_samsung_k3gxx-2f78dde45cd08d9f1f7f047c81ffb237f7ab9b56/drivers/net/wireless/bcmdhd/wl_cfg80211.c: In function 'wl_get_bss_info':
/home/pmos/build/src/android_kernel_samsung_k3gxx-2f78dde45cd08d9f1f7f047c81ffb237f7ab9b56/drivers/net/wireless/bcmdhd/wl_cfg80211.c:8573:55: warning: '%d' directive output may be truncated writing between 1 and 10 bytes into a region of size 4 [-Wformat-truncation=]
 8573 |                 snprintf(rate_str, sizeof(rate_str), "%d", (rate/2));
      |                                                       ^~
/home/pmos/build/src/android_kernel_samsung_k3gxx-2f78dde45cd08d9f1f7f047c81ffb237f7ab9b56/drivers/net/wireless/bcmdhd/wl_cfg80211.c:8573:54: note: directive argument in the range [0, 2147483647]
 8573 |                 snprintf(rate_str, sizeof(rate_str), "%d", (rate/2));
      |                                                      ^~~~
/home/pmos/build/src/android_kernel_samsung_k3gxx-2f78dde45cd08d9f1f7f047c81ffb237f7ab9b56/drivers/net/wireless/bcmdhd/wl_cfg80211.c:8573:17: note: 'snprintf' output between 2 and 11 bytes into a destination of size 4
 8573 |                 snprintf(rate_str, sizeof(rate_str), "%d", (rate/2));
      |                 ^~~~~~~~~~~~~~~~~~~~~~~~~~~~~~~~~~~~~~~~~~~~~~~~~~~~
  CC      drivers/w1/w1_io.o
  SHIPPED drivers/tty/vt/defkeymap.c
  CC      drivers/usb/host/ehci-s5p.o
  LD      drivers/usb/misc/built-in.o
In file included from /home/pmos/build/src/android_kernel_samsung_k3gxx-2f78dde45cd08d9f1f7f047c81ffb237f7ab9b56/drivers/usb/host/ehci-hcd.c:311:
/home/pmos/build/src/android_kernel_samsung_k3gxx-2f78dde45cd08d9f1f7f047c81ffb237f7ab9b56/drivers/usb/host/ehci-hub.c: In function 'ehci_port_handed_over':
/home/pmos/build/src/android_kernel_samsung_k3gxx-2f78dde45cd08d9f1f7f047c81ffb237f7ab9b56/drivers/usb/host/ehci-hub.c:1145:15: warning: array subscript '<unknown>' is outside the bounds of an interior zero-length array 'u32[0]' {aka 'unsigned int[]'} [-Wzero-length-bounds]
 1145 |         reg = &ehci->regs->port_status[portnum - 1];
      |               ^~~~~~~~~~~~~~~~~~~~~~~~~~~~~~~~~~~~~
In file included from /home/pmos/build/src/android_kernel_samsung_k3gxx-2f78dde45cd08d9f1f7f047c81ffb237f7ab9b56/drivers/usb/host/ehci.h:248,
                 from /home/pmos/build/src/android_kernel_samsung_k3gxx-2f78dde45cd08d9f1f7f047c81ffb237f7ab9b56/drivers/usb/host/ehci-hcd.c:110:
/home/pmos/build/src/android_kernel_samsung_k3gxx-2f78dde45cd08d9f1f7f047c81ffb237f7ab9b56/include/linux/usb/ehci_def.h:127:25: note: while referencing 'port_status'
  127 |         u32             port_status[0]; /* up to N_PORTS */
      |                         ^~~~~~~~~~~
/home/pmos/build/src/android_kernel_samsung_k3gxx-2f78dde45cd08d9f1f7f047c81ffb237f7ab9b56/drivers/usb/host/ehci-hub.c: In function 'set_owner':
/home/pmos/build/src/android_kernel_samsung_k3gxx-2f78dde45cd08d9f1f7f047c81ffb237f7ab9b56/drivers/usb/host/ehci-hub.c:512:22: warning: array subscript 'portnum' is outside the bounds of an interior zero-length array 'u32[0]' {aka 'unsigned int[]'} [-Wzero-length-bounds]
  512 |         status_reg = &ehci->regs->port_status[portnum];
      |                      ^~~~~~~~~~~~~~~~~~~~~~~~~~~~~~~~~
/home/pmos/build/src/android_kernel_samsung_k3gxx-2f78dde45cd08d9f1f7f047c81ffb237f7ab9b56/include/linux/usb/ehci_def.h:127:25: note: while referencing 'port_status'
  127 |         u32             port_status[0]; /* up to N_PORTS */
      |                         ^~~~~~~~~~~
/home/pmos/build/src/android_kernel_samsung_k3gxx-2f78dde45cd08d9f1f7f047c81ffb237f7ab9b56/drivers/usb/host/ehci-hub.c: In function 'ehci_hub_status_data':
/home/pmos/build/src/android_kernel_samsung_k3gxx-2f78dde45cd08d9f1f7f047c81ffb237f7ab9b56/drivers/usb/host/ehci-hub.c:640:49: warning: array subscript 14 is outside the bounds of an interior zero-length array 'u32[0]' {aka 'unsigned int[]'} [-Wzero-length-bounds]
  640 |                         temp = ehci_readl(ehci, &ehci->regs->port_status[i]);
      |                                                 ^~~~~~~~~~~~~~~~~~~~~~~~~~~
/home/pmos/build/src/android_kernel_samsung_k3gxx-2f78dde45cd08d9f1f7f047c81ffb237f7ab9b56/include/linux/usb/ehci_def.h:127:25: note: while referencing 'port_status'
  127 |         u32             port_status[0]; /* up to N_PORTS */
      |                         ^~~~~~~~~~~
In function 'ehci_port_change',
    inlined from 'ehci_adjust_port_wakeup_flags.part.0' at /home/pmos/build/src/android_kernel_samsung_k3gxx-2f78dde45cd08d9f1f7f047c81ffb237f7ab9b56/drivers/usb/host/ehci-hub.c:215:21:
/home/pmos/build/src/android_kernel_samsung_k3gxx-2f78dde45cd08d9f1f7f047c81ffb237f7ab9b56/drivers/usb/host/ehci-hub.c:147:38: warning: array subscript -4 is outside the bounds of an interior zero-length array 'u32[0]' {aka 'unsigned int[]'} [-Wzero-length-bounds]
  147 |                 if (ehci_readl(ehci, &ehci->regs->port_status[i]) & PORT_CSC)
      |                                      ^~~~~~~~~~~~~~~~~~~~~~~~~~~
/home/pmos/build/src/android_kernel_samsung_k3gxx-2f78dde45cd08d9f1f7f047c81ffb237f7ab9b56/include/linux/usb/ehci_def.h: In function 'ehci_adjust_port_wakeup_flags.part.0':
/home/pmos/build/src/android_kernel_samsung_k3gxx-2f78dde45cd08d9f1f7f047c81ffb237f7ab9b56/include/linux/usb/ehci_def.h:127:25: note: while referencing 'port_status'
  127 |         u32             port_status[0]; /* up to N_PORTS */
      |                         ^~~~~~~~~~~
/home/pmos/build/src/android_kernel_samsung_k3gxx-2f78dde45cd08d9f1f7f047c81ffb237f7ab9b56/drivers/usb/host/ehci-hub.c:185:40: warning: array subscript -4 is outside the bounds of an interior zero-length array 'u32[0]' {aka 'unsigned int[]'} [-Wzero-length-bounds]
  185 |                 u32 __iomem     *reg = &ehci->regs->port_status[port];
      |                                        ^~~~~~~~~~~~~~~~~~~~~~~~~~~~~~
/home/pmos/build/src/android_kernel_samsung_k3gxx-2f78dde45cd08d9f1f7f047c81ffb237f7ab9b56/include/linux/usb/ehci_def.h:127:25: note: while referencing 'port_status'
  127 |         u32             port_status[0]; /* up to N_PORTS */
      |                         ^~~~~~~~~~~
In file included from /home/pmos/build/src/android_kernel_samsung_k3gxx-2f78dde45cd08d9f1f7f047c81ffb237f7ab9b56/drivers/usb/host/ehci-hcd.c:137:
/home/pmos/build/src/android_kernel_samsung_k3gxx-2f78dde45cd08d9f1f7f047c81ffb237f7ab9b56/drivers/usb/host/ehci-dbg.c: In function 'fill_registers_buffer':
/home/pmos/build/src/android_kernel_samsung_k3gxx-2f78dde45cd08d9f1f7f047c81ffb237f7ab9b56/drivers/usb/host/ehci-dbg.c:805:41: warning: array subscript 14 is outside the bounds of an interior zero-length array 'u32[0]' {aka 'unsigned int[]'} [-Wzero-length-bounds]
  805 |                                         &ehci->regs->port_status[i - 1]));
      |                                         ^~~~~~~~~~~~~~~~~~~~~~~~~~~~~~~
/home/pmos/build/src/android_kernel_samsung_k3gxx-2f78dde45cd08d9f1f7f047c81ffb237f7ab9b56/include/linux/usb/ehci_def.h:127:25: note: while referencing 'port_status'
  127 |         u32             port_status[0]; /* up to N_PORTS */
      |                         ^~~~~~~~~~~
In function 'ehci_turn_off_all_ports',
    inlined from 'ehci_silence_controller' at /home/pmos/build/src/android_kernel_samsung_k3gxx-2f78dde45cd08d9f1f7f047c81ffb237f7ab9b56/drivers/usb/host/ehci-hcd.c:342:2:
/home/pmos/build/src/android_kernel_samsung_k3gxx-2f78dde45cd08d9f1f7f047c81ffb237f7ab9b56/drivers/usb/host/ehci-hcd.c:329:33: warning: array subscript -5 is outside the bounds of an interior zero-length array 'u32[0]' {aka 'unsigned int[]'} [-Wzero-length-bounds]
  329 |                                 &ehci->regs->port_status[port]);
      |                                 ^~~~~~~~~~~~~~~~~~~~~~~~~~~~~~
/home/pmos/build/src/android_kernel_samsung_k3gxx-2f78dde45cd08d9f1f7f047c81ffb237f7ab9b56/include/linux/usb/ehci_def.h: In function 'ehci_silence_controller':
/home/pmos/build/src/android_kernel_samsung_k3gxx-2f78dde45cd08d9f1f7f047c81ffb237f7ab9b56/include/linux/usb/ehci_def.h:127:25: note: while referencing 'port_status'
  127 |         u32             port_status[0]; /* up to N_PORTS */
      |                         ^~~~~~~~~~~
/home/pmos/build/src/android_kernel_samsung_k3gxx-2f78dde45cd08d9f1f7f047c81ffb237f7ab9b56/drivers/usb/host/ehci-hub.c: In function 'ehci_bus_suspend':
/home/pmos/build/src/android_kernel_samsung_k3gxx-2f78dde45cd08d9f1f7f047c81ffb237f7ab9b56/drivers/usb/host/ehci-hub.c:263:40: warning: array subscript -4 is outside the bounds of an interior zero-length array 'u32[0]' {aka 'unsigned int[]'} [-Wzero-length-bounds]
  263 |                 u32 __iomem     *reg = &ehci->regs->port_status [port];
      |                                        ^~~~~~~~~~~~~~~~~~~~~~~~~~~~~~~
/home/pmos/build/src/android_kernel_samsung_k3gxx-2f78dde45cd08d9f1f7f047c81ffb237f7ab9b56/include/linux/usb/ehci_def.h:127:25: note: while referencing 'port_status'
  127 |         u32             port_status[0]; /* up to N_PORTS */
      |                         ^~~~~~~~~~~
/home/pmos/build/src/android_kernel_samsung_k3gxx-2f78dde45cd08d9f1f7f047c81ffb237f7ab9b56/drivers/usb/host/ehci-hcd.c: In function 'ehci_irq':
/home/pmos/build/src/android_kernel_samsung_k3gxx-2f78dde45cd08d9f1f7f047c81ffb237f7ab9b56/drivers/usb/host/ehci-hcd.c:781:42: warning: array subscript 15 is outside the bounds of an interior zero-length array 'u32[0]' {aka 'unsigned int[]'} [-Wzero-length-bounds]
  781 |                                          &ehci->regs->port_status[i]);
      |                                          ^~~~~~~~~~~~~~~~~~~~~~~~~~~
/home/pmos/build/src/android_kernel_samsung_k3gxx-2f78dde45cd08d9f1f7f047c81ffb237f7ab9b56/include/linux/usb/ehci_def.h:127:25: note: while referencing 'port_status'
  127 |         u32             port_status[0]; /* up to N_PORTS */
      |                         ^~~~~~~~~~~
/home/pmos/build/src/android_kernel_samsung_k3gxx-2f78dde45cd08d9f1f7f047c81ffb237f7ab9b56/drivers/usb/host/ehci-hub.c: In function 'ehci_hub_control':
/home/pmos/build/src/android_kernel_samsung_k3gxx-2f78dde45cd08d9f1f7f047c81ffb237f7ab9b56/drivers/usb/host/ehci-hub.c:717:39: warning: array subscript 254 is outside the bounds of an interior zero-length array 'u32[0]' {aka 'unsigned int[]'} [-Wzero-length-bounds]
  717 |         u32 __iomem     *status_reg = &ehci->regs->port_status[
      |                                       ^~~~~~~~~~~~~~~~~~~~~~~~~
  718 |                                 (wIndex & 0xff) - 1];
      |                                 ~~~~~~~~~~~~~~~~~~~~
/home/pmos/build/src/android_kernel_samsung_k3gxx-2f78dde45cd08d9f1f7f047c81ffb237f7ab9b56/include/linux/usb/ehci_def.h:127:25: note: while referencing 'port_status'
  127 |         u32             port_status[0]; /* up to N_PORTS */
      |                         ^~~~~~~~~~~
/home/pmos/build/src/android_kernel_samsung_k3gxx-2f78dde45cd08d9f1f7f047c81ffb237f7ab9b56/drivers/usb/host/ehci-hub.c:1096:49: warning: array subscript -4 is outside the bounds of an interior zero-length array 'u32[0]' {aka 'unsigned int[]'} [-Wzero-length-bounds]
 1096 |                                                 &ehci->regs->port_status[ports];
      |                                                 ^~~~~~~~~~~~~~~~~~~~~~~~~~~~~~~
/home/pmos/build/src/android_kernel_samsung_k3gxx-2f78dde45cd08d9f1f7f047c81ffb237f7ab9b56/include/linux/usb/ehci_def.h:127:25: note: while referencing 'port_status'
  127 |         u32             port_status[0]; /* up to N_PORTS */
      |                         ^~~~~~~~~~~
/home/pmos/build/src/android_kernel_samsung_k3gxx-2f78dde45cd08d9f1f7f047c81ffb237f7ab9b56/drivers/usb/host/ehci-hub.c: In function 'ehci_bus_resume':
/home/pmos/build/src/android_kernel_samsung_k3gxx-2f78dde45cd08d9f1f7f047c81ffb237f7ab9b56/drivers/usb/host/ehci-hub.c:408:41: warning: array subscript -4 is outside the bounds of an interior zero-length array 'u32[0]' {aka 'unsigned int[]'} [-Wzero-length-bounds]
  408 |                 temp = ehci_readl(ehci, &ehci->regs->port_status[i]);
      |                                         ^~~~~~~~~~~~~~~~~~~~~~~~~~~
/home/pmos/build/src/android_kernel_samsung_k3gxx-2f78dde45cd08d9f1f7f047c81ffb237f7ab9b56/include/linux/usb/ehci_def.h:127:25: note: while referencing 'port_status'
  127 |         u32             port_status[0]; /* up to N_PORTS */
      |                         ^~~~~~~~~~~
In function 'ehci_handover_companion_ports',
    inlined from 'ehci_bus_resume' at /home/pmos/build/src/android_kernel_samsung_k3gxx-2f78dde45cd08d9f1f7f047c81ffb237f7ab9b56/drivers/usb/host/ehci-hub.c:477:2:
/home/pmos/build/src/android_kernel_samsung_k3gxx-2f78dde45cd08d9f1f7f047c81ffb237f7ab9b56/drivers/usb/host/ehci-hub.c:116:31: warning: array subscript -4 is outside the bounds of an interior zero-length array 'u32[0]' {aka 'unsigned int[]'} [-Wzero-length-bounds]
  116 |                         reg = &ehci->regs->port_status[port];
      |                               ^~~~~~~~~~~~~~~~~~~~~~~~~~~~~~
/home/pmos/build/src/android_kernel_samsung_k3gxx-2f78dde45cd08d9f1f7f047c81ffb237f7ab9b56/include/linux/usb/ehci_def.h: In function 'ehci_bus_resume':
/home/pmos/build/src/android_kernel_samsung_k3gxx-2f78dde45cd08d9f1f7f047c81ffb237f7ab9b56/include/linux/usb/ehci_def.h:127:25: note: while referencing 'port_status'
  127 |         u32             port_status[0]; /* up to N_PORTS */
      |                         ^~~~~~~~~~~
In function 'ehci_handover_companion_ports',
    inlined from 'ehci_bus_resume' at /home/pmos/build/src/android_kernel_samsung_k3gxx-2f78dde45cd08d9f1f7f047c81ffb237f7ab9b56/drivers/usb/host/ehci-hub.c:477:2:
/home/pmos/build/src/android_kernel_samsung_k3gxx-2f78dde45cd08d9f1f7f047c81ffb237f7ab9b56/drivers/usb/host/ehci-hub.c:79:31: warning: array subscript -4 is outside the bounds of an interior zero-length array 'u32[0]' {aka 'unsigned int[]'} [-Wzero-length-bounds]
   79 |                         reg = &ehci->regs->port_status[port];
      |                               ^~~~~~~~~~~~~~~~~~~~~~~~~~~~~~
/home/pmos/build/src/android_kernel_samsung_k3gxx-2f78dde45cd08d9f1f7f047c81ffb237f7ab9b56/include/linux/usb/ehci_def.h: In function 'ehci_bus_resume':
/home/pmos/build/src/android_kernel_samsung_k3gxx-2f78dde45cd08d9f1f7f047c81ffb237f7ab9b56/include/linux/usb/ehci_def.h:127:25: note: while referencing 'port_status'
  127 |         u32             port_status[0]; /* up to N_PORTS */
      |                         ^~~~~~~~~~~
In function 'ehci_handover_companion_ports',
    inlined from 'ehci_bus_resume' at /home/pmos/build/src/android_kernel_samsung_k3gxx-2f78dde45cd08d9f1f7f047c81ffb237f7ab9b56/drivers/usb/host/ehci-hub.c:477:2:
/home/pmos/build/src/android_kernel_samsung_k3gxx-2f78dde45cd08d9f1f7f047c81ffb237f7ab9b56/drivers/usb/host/ehci-hub.c:63:31: warning: array subscript -4 is outside the bounds of an interior zero-length array 'u32[0]' {aka 'unsigned int[]'} [-Wzero-length-bounds]
   63 |                         reg = &ehci->regs->port_status[port];
      |                               ^~~~~~~~~~~~~~~~~~~~~~~~~~~~~~
/home/pmos/build/src/android_kernel_samsung_k3gxx-2f78dde45cd08d9f1f7f047c81ffb237f7ab9b56/include/linux/usb/ehci_def.h: In function 'ehci_bus_resume':
/home/pmos/build/src/android_kernel_samsung_k3gxx-2f78dde45cd08d9f1f7f047c81ffb237f7ab9b56/include/linux/usb/ehci_def.h:127:25: note: while referencing 'port_status'
  127 |         u32             port_status[0]; /* up to N_PORTS */
      |                         ^~~~~~~~~~~
/home/pmos/build/src/android_kernel_samsung_k3gxx-2f78dde45cd08d9f1f7f047c81ffb237f7ab9b56/drivers/usb/host/ehci-hub.c:466:41: warning: array subscript -4 is outside the bounds of an interior zero-length array 'u32[0]' {aka 'unsigned int[]'} [-Wzero-length-bounds]
  466 |                 temp = ehci_readl(ehci, &ehci->regs->port_status [i]);
      |                                         ^~~~~~~~~~~~~~~~~~~~~~~~~~~~
/home/pmos/build/src/android_kernel_samsung_k3gxx-2f78dde45cd08d9f1f7f047c81ffb237f7ab9b56/include/linux/usb/ehci_def.h:127:25: note: while referencing 'port_status'
  127 |         u32             port_status[0]; /* up to N_PORTS */
      |                         ^~~~~~~~~~~
/home/pmos/build/src/android_kernel_samsung_k3gxx-2f78dde45cd08d9f1f7f047c81ffb237f7ab9b56/drivers/usb/host/ehci-hub.c:469:49: warning: array subscript -4 is outside the bounds of an interior zero-length array 'u32[0]' {aka 'unsigned int[]'} [-Wzero-length-bounds]
  469 |                         ehci_writel(ehci, temp, &ehci->regs->port_status [i]);
      |                                                 ^~~~~~~~~~~~~~~~~~~~~~~~~~~~
/home/pmos/build/src/android_kernel_samsung_k3gxx-2f78dde45cd08d9f1f7f047c81ffb237f7ab9b56/include/linux/usb/ehci_def.h:127:25: note: while referencing 'port_status'
  127 |         u32             port_status[0]; /* up to N_PORTS */
      |                         ^~~~~~~~~~~
/home/pmos/build/src/android_kernel_samsung_k3gxx-2f78dde45cd08d9f1f7f047c81ffb237f7ab9b56/drivers/usb/host/ehci-hub.c:445:41: warning: array subscript -4 is outside the bounds of an interior zero-length array 'u32[0]' {aka 'unsigned int[]'} [-Wzero-length-bounds]
  445 |                 temp = ehci_readl(ehci, &ehci->regs->port_status [i]);
      |                                         ^~~~~~~~~~~~~~~~~~~~~~~~~~~~
/home/pmos/build/src/android_kernel_samsung_k3gxx-2f78dde45cd08d9f1f7f047c81ffb237f7ab9b56/include/linux/usb/ehci_def.h:127:25: note: while referencing 'port_status'
  127 |         u32             port_status[0]; /* up to N_PORTS */
      |                         ^~~~~~~~~~~
/home/pmos/build/src/android_kernel_samsung_k3gxx-2f78dde45cd08d9f1f7f047c81ffb237f7ab9b56/drivers/usb/host/ehci-hub.c:452:41: warning: array subscript -4 is outside the bounds of an interior zero-length array 'u32[0]' {aka 'unsigned int[]'} [-Wzero-length-bounds]
  452 |                 ehci_writel(ehci, temp, &ehci->regs->port_status [i]);
      |                                         ^~~~~~~~~~~~~~~~~~~~~~~~~~~~
/home/pmos/build/src/android_kernel_samsung_k3gxx-2f78dde45cd08d9f1f7f047c81ffb237f7ab9b56/include/linux/usb/ehci_def.h:127:25: note: while referencing 'port_status'
  127 |         u32             port_status[0]; /* up to N_PORTS */
      |                         ^~~~~~~~~~~
  CC      drivers/video/modedb.o
  CC      drivers/usb/host/xhci.o
  CC      drivers/usb/dwc3/debugfs.o
  CC      drivers/w1/masters/w1-gpio-exynos.o
  CC      drivers/net/wireless/bcmdhd/wl_cfgp2p.o
  CC      drivers/usb/gadget/android.o
  CC      drivers/usb/host/xhci-mem.o
  CC      drivers/usb/notify/host_notify_class.o
  CC      drivers/tty/vt/consolemap_deftbl.o
  CC      drivers/usb/core/driver.o
  CC      drivers/usb/dwc3/dwc3-exynos.o
/home/pmos/build/src/android_kernel_samsung_k3gxx-2f78dde45cd08d9f1f7f047c81ffb237f7ab9b56/drivers/usb/notify/host_notify_class.c: In function 'mode_show':
/home/pmos/build/src/android_kernel_samsung_k3gxx-2f78dde45cd08d9f1f7f047c81ffb237f7ab9b56/drivers/usb/notify/host_notify_class.c:48:51: warning: 'snprintf' output truncated before the last format character [-Wformat-truncation=]
   48 |         return snprintf(buf, sizeof(mode)+1, "%s\n", mode);
      |                                                   ^
/home/pmos/build/src/android_kernel_samsung_k3gxx-2f78dde45cd08d9f1f7f047c81ffb237f7ab9b56/drivers/usb/notify/host_notify_class.c:48:16: note: 'snprintf' output between 6 and 12 bytes into a destination of size 5
   48 |         return snprintf(buf, sizeof(mode)+1, "%s\n", mode);
      |                ^~~~~~~~~~~~~~~~~~~~~~~~~~~~~~~~~~~~~~~~~~~
  LD      drivers/w1/masters/built-in.o
  CC      drivers/video/fbcvt.o
  CC      drivers/tty/vt/defkeymap.o
  CC      drivers/usb/phy/phy.o
  CC      drivers/usb/notify/usb_notify.o
  LD      drivers/w1/wire.o
In file included from /home/pmos/build/src/android_kernel_samsung_k3gxx-2f78dde45cd08d9f1f7f047c81ffb237f7ab9b56/drivers/usb/gadget/android.c:152:
/home/pmos/build/src/android_kernel_samsung_k3gxx-2f78dde45cd08d9f1f7f047c81ffb237f7ab9b56/drivers/usb/gadget/f_conn_gadget.c: In function 'conn_gadget_cleanup':
/home/pmos/build/src/android_kernel_samsung_k3gxx-2f78dde45cd08d9f1f7f047c81ffb237f7ab9b56/drivers/usb/gadget/f_conn_gadget.c:1210:5: warning: this 'if' clause does not guard... [-Wmisleading-indentation]
 1210 |     if (_conn_gadget_dev->rd_queue_buf)
      |     ^~
/home/pmos/build/src/android_kernel_samsung_k3gxx-2f78dde45cd08d9f1f7f047c81ffb237f7ab9b56/drivers/usb/gadget/f_conn_gadget.c:1213:9: note: ...this statement, but the latter is misleadingly indented as if it were guarded by the 'if'
 1213 |         kfree(_conn_gadget_dev);
      |         ^~~~~
In file included from /home/pmos/build/src/android_kernel_samsung_k3gxx-2f78dde45cd08d9f1f7f047c81ffb237f7ab9b56/drivers/usb/gadget/android.c:155:
/home/pmos/build/src/android_kernel_samsung_k3gxx-2f78dde45cd08d9f1f7f047c81ffb237f7ab9b56/drivers/usb/gadget/u_ether.c: In function 'alloc_tx_buffer':
/home/pmos/build/src/android_kernel_samsung_k3gxx-2f78dde45cd08d9f1f7f047c81ffb237f7ab9b56/drivers/usb/gadget/u_ether.c:752:17: warning: this 'if' clause does not guard... [-Wmisleading-indentation]
  752 |                 if (!req->buf)
      |                 ^~
/home/pmos/build/src/android_kernel_samsung_k3gxx-2f78dde45cd08d9f1f7f047c81ffb237f7ab9b56/drivers/usb/gadget/u_ether.c:755:25: note: ...this statement, but the latter is misleadingly indented as if it were guarded by the 'if'
  755 |                         if (!req->buf)
      |                         ^~
/home/pmos/build/src/android_kernel_samsung_k3gxx-2f78dde45cd08d9f1f7f047c81ffb237f7ab9b56/drivers/usb/gadget/android.c: In function 'mass_storage_function_enable':
/home/pmos/build/src/android_kernel_samsung_k3gxx-2f78dde45cd08d9f1f7f047c81ffb237f7ab9b56/drivers/usb/gadget/android.c:1036:25: warning: this 'if' clause does not guard... [-Wmisleading-indentation]
 1036 |                         if (lun_type)
      |                         ^~
/home/pmos/build/src/android_kernel_samsung_k3gxx-2f78dde45cd08d9f1f7f047c81ffb237f7ab9b56/drivers/usb/gadget/android.c:1039:33: note: ...this statement, but the latter is misleadingly indented as if it were guarded by the 'if'
 1039 |                                 if (number_of_luns <= 0)
      |                                 ^~
/home/pmos/build/src/android_kernel_samsung_k3gxx-2f78dde45cd08d9f1f7f047c81ffb237f7ab9b56/drivers/usb/gadget/android.c: At top level:
/home/pmos/build/src/android_kernel_samsung_k3gxx-2f78dde45cd08d9f1f7f047c81ffb237f7ab9b56/drivers/usb/gadget/android.c:61:19: warning: 'longname' defined but not used [-Wunused-const-variable=]
   61 | static const char longname[] = "Gadget Android";
      |                   ^~~~~~~~
In file included from /home/pmos/build/src/android_kernel_samsung_k3gxx-2f78dde45cd08d9f1f7f047c81ffb237f7ab9b56/drivers/usb/gadget/android.c:32:
/home/pmos/build/src/android_kernel_samsung_k3gxx-2f78dde45cd08d9f1f7f047c81ffb237f7ab9b56/drivers/usb/gadget/f_fs.c: In function 'ffs_ep0_write':
/home/pmos/build/src/android_kernel_samsung_k3gxx-2f78dde45cd08d9f1f7f047c81ffb237f7ab9b56/drivers/usb/gadget/f_fs.c:1442:43: warning: '%u' directive writing between 1 and 5 bytes into a region of size 3 [-Wformat-overflow=]
 1442 |                 sprintf(epfiles->name, "ep%u",  i);
      |                                           ^~
In function 'ffs_epfiles_create',
    inlined from 'ffs_ep0_write' at /home/pmos/build/src/android_kernel_samsung_k3gxx-2f78dde45cd08d9f1f7f047c81ffb237f7ab9b56/drivers/usb/gadget/f_fs.c:454:10:
/home/pmos/build/src/android_kernel_samsung_k3gxx-2f78dde45cd08d9f1f7f047c81ffb237f7ab9b56/drivers/usb/gadget/f_fs.c:1442:40: note: directive argument in the range [1, 65535]
 1442 |                 sprintf(epfiles->name, "ep%u",  i);
      |                                        ^~~~~~
/home/pmos/build/src/android_kernel_samsung_k3gxx-2f78dde45cd08d9f1f7f047c81ffb237f7ab9b56/drivers/usb/gadget/f_fs.c:1442:17: note: 'sprintf' output between 4 and 8 bytes into a destination of size 5
 1442 |                 sprintf(epfiles->name, "ep%u",  i);
      |                 ^~~~~~~~~~~~~~~~~~~~~~~~~~~~~~~~~~
  CC      drivers/w1/slaves/w1_ds28el15.o
  LD      drivers/usb/dwc3/dwc3.o
  LD      drivers/tty/vt/built-in.o
  CC      drivers/usb/core/config.o
  CC      drivers/usb/gadget/usbstring.o
  CC      drivers/net/wireless/bcmdhd/wl_cfg_btcoex.o
  CC      drivers/usb/host/xhci-ring.o
  CC      drivers/video/backlight/lcd.o
  CC      drivers/usb/phy/of.o
  LD      drivers/tty/built-in.o
  CC      drivers/usb/notify/usb_notify_sysfs.o
  CC      drivers/w1/slaves/w1_ds28el15_sha256.o
  LD      drivers/usb/dwc3/built-in.o
  CC      drivers/net/wireless/bcmdhd/wldev_common.o
  CC      drivers/usb/phy/phy-samsung-usb.o
  CC      drivers/usb/core/file.o
/home/pmos/build/src/android_kernel_samsung_k3gxx-2f78dde45cd08d9f1f7f047c81ffb237f7ab9b56/drivers/net/wireless/bcmdhd/wl_cfg_btcoex.c: In function 'wl_cfg80211_set_btcoex_dhcp':
/home/pmos/build/src/android_kernel_samsung_k3gxx-2f78dde45cd08d9f1f7f047c81ffb237f7ab9b56/drivers/net/wireless/bcmdhd/wl_cfg_btcoex.c:431:9: warning: 'strncpy' specified bound 1 equals destination size [-Wstringop-truncation]
  431 |         strncpy((char *)&powermode_val, command + strlen("BTCOEXMODE") +1, 1);
      |         ^~~~~~~~~~~~~~~~~~~~~~~~~~~~~~~~~~~~~~~~~~~~~~~~~~~~~~~~~~~~~~~~~~~~~
/home/pmos/build/src/android_kernel_samsung_k3gxx-2f78dde45cd08d9f1f7f047c81ffb237f7ab9b56/drivers/usb/notify/usb_notify_sysfs.c: In function 'usb_notify_dev_register':
/home/pmos/build/src/android_kernel_samsung_k3gxx-2f78dde45cd08d9f1f7f047c81ffb237f7ab9b56/drivers/usb/notify/usb_notify_sysfs.c:201:9: warning: 'strncpy' output truncated before terminating nul copying 3 bytes from a string of the same length [-Wstringop-truncation]
  201 |         strncpy(udev->disable_state_cmd, "OFF", 3);
      |         ^~~~~~~~~~~~~~~~~~~~~~~~~~~~~~~~~~~~~~~~~~
/home/pmos/build/src/android_kernel_samsung_k3gxx-2f78dde45cd08d9f1f7f047c81ffb237f7ab9b56/drivers/usb/notify/usb_notify_sysfs.c: In function 'disable_store':
/home/pmos/build/src/android_kernel_samsung_k3gxx-2f78dde45cd08d9f1f7f047c81ffb237f7ab9b56/drivers/usb/notify/usb_notify_sysfs.c:149:25: warning: 'strncpy' output truncated before terminating nul copying as many bytes from a string as its length [-Wstringop-truncation]
  149 |                         strncpy(udev->disable_state_cmd,
      |                         ^~~~~~~~~~~~~~~~~~~~~~~~~~~~~~~~
  150 |                                 disable, strlen(disable));
      |                                 ~~~~~~~~~~~~~~~~~~~~~~~~~
/home/pmos/build/src/android_kernel_samsung_k3gxx-2f78dde45cd08d9f1f7f047c81ffb237f7ab9b56/drivers/usb/notify/usb_notify_sysfs.c:149:25: note: length computed here
  149 |                         strncpy(udev->disable_state_cmd,
      |                         ^~~~~~~~~~~~~~~~~~~~~~~~~~~~~~~~
  150 |                                 disable, strlen(disable));
      |                                 ~~~~~~~~~~~~~~~~~~~~~~~~~
  CC      drivers/usb/host/xhci-hub.o
In file included from /home/pmos/build/src/android_kernel_samsung_k3gxx-2f78dde45cd08d9f1f7f047c81ffb237f7ab9b56/drivers/usb/phy/phy-samsung-usb.c:32:
/home/pmos/build/src/android_kernel_samsung_k3gxx-2f78dde45cd08d9f1f7f047c81ffb237f7ab9b56/drivers/usb/phy/phy-samsung-usb.h:369:34: warning: array 'samsung_usbphy_dt_match' assumed to have one element
  369 | static const struct of_device_id samsung_usbphy_dt_match[];
      |                                  ^~~~~~~~~~~~~~~~~~~~~~~
  CC      drivers/video/backlight/backlight.o
  CC      drivers/usb/gadget/config.o
  LD      drivers/w1/slaves/built-in.o
  CC      drivers/usb/core/buffer.o
  CC      drivers/usb/notify/usb_notifier.o
  LD      drivers/w1/built-in.o
  CC      drivers/usb/phy/phy-samsung-usb2.o
  CC      drivers/usb/serial/usb-serial.o
  CC      drivers/usb/host/xhci-dbg.o
/home/pmos/build/src/android_kernel_samsung_k3gxx-2f78dde45cd08d9f1f7f047c81ffb237f7ab9b56/drivers/usb/notify/usb_notifier.c: In function 'check_usb_vbus_state':
/home/pmos/build/src/android_kernel_samsung_k3gxx-2f78dde45cd08d9f1f7f047c81ffb237f7ab9b56/drivers/usb/notify/usb_notifier.c:132:11: warning: this 'else' clause does not guard... [-Wmisleading-indentation]
  132 |         } else
      |           ^~~~
/home/pmos/build/src/android_kernel_samsung_k3gxx-2f78dde45cd08d9f1f7f047c81ffb237f7ab9b56/drivers/usb/notify/usb_notifier.c:134:17: note: ...this statement, but the latter is misleadingly indented as if it were guarded by the 'else'
  134 |                 return;
      |                 ^~~~~~
  CC      drivers/video/decon_display/decon_debug.o
  CC      drivers/net/wireless/bcmdhd/wl_linux_mon.o
  CC      drivers/video/backlight/generic_bl.o
  CC      drivers/video/console/dummycon.o
  CC      drivers/usb/gadget/epautoconf.o
  CC      drivers/usb/host/xhci-plat.o
  CC      drivers/usb/core/sysfs.o
  CC      drivers/usb/phy/phy-samsung-usb2-dummy.o
  LD      drivers/usb/notify/built-in.o
  LD      drivers/video/backlight/built-in.o
  CC      drivers/video/decon_display/decon_mic.o
  CC      drivers/usb/gadget/composite.o
  CC      drivers/usb/usb-common.o
/home/pmos/build/src/android_kernel_samsung_k3gxx-2f78dde45cd08d9f1f7f047c81ffb237f7ab9b56/drivers/video/decon_display/decon_mic.c:28:34: warning: 'exynos5_mic' defined but not used [-Wunused-const-variable=]
   28 | static const struct of_device_id exynos5_mic[] = {
      |                                  ^~~~~~~~~~~
/home/pmos/build/src/android_kernel_samsung_k3gxx-2f78dde45cd08d9f1f7f047c81ffb237f7ab9b56/drivers/usb/gadget/composite.c: In function 'bos_desc':
/home/pmos/build/src/android_kernel_samsung_k3gxx-2f78dde45cd08d9f1f7f047c81ffb237f7ab9b56/drivers/usb/gadget/composite.c:556:22: warning: taking address of packed member of 'struct usb_bos_descriptor' may result in an unaligned pointer value [-Waddress-of-packed-member]
  556 |         le16_add_cpu(&bos->wTotalLength, USB_DT_USB_EXT_CAP_SIZE);
      |                      ^~~~~~~~~~~~~~~~~~
/home/pmos/build/src/android_kernel_samsung_k3gxx-2f78dde45cd08d9f1f7f047c81ffb237f7ab9b56/drivers/usb/gadget/composite.c:572:22: warning: taking address of packed member of 'struct usb_bos_descriptor' may result in an unaligned pointer value [-Waddress-of-packed-member]
  572 |         le16_add_cpu(&bos->wTotalLength, USB_DT_USB_SS_CAP_SIZE);
      |                      ^~~~~~~~~~~~~~~~~~
/home/pmos/build/src/android_kernel_samsung_k3gxx-2f78dde45cd08d9f1f7f047c81ffb237f7ab9b56/drivers/usb/gadget/composite.c: In function 'get_string':
/home/pmos/build/src/android_kernel_samsung_k3gxx-2f78dde45cd08d9f1f7f047c81ffb237f7ab9b56/drivers/usb/gadget/composite.c:983:44: warning: taking address of packed member of 'struct usb_string_descriptor' may result in an unaligned pointer value [-Waddress-of-packed-member]
  983 |                         collect_langs(sp, s->wData);
      |                                           ~^~~~~~~
/home/pmos/build/src/android_kernel_samsung_k3gxx-2f78dde45cd08d9f1f7f047c81ffb237f7ab9b56/drivers/usb/gadget/composite.c:988:52: warning: taking address of packed member of 'struct usb_string_descriptor' may result in an unaligned pointer value [-Waddress-of-packed-member]
  988 |                                 collect_langs(sp, s->wData);
      |                                                   ~^~~~~~~
/home/pmos/build/src/android_kernel_samsung_k3gxx-2f78dde45cd08d9f1f7f047c81ffb237f7ab9b56/drivers/usb/gadget/composite.c:1001:60: warning: taking address of packed member of 'struct usb_string_descriptor' may result in an unaligned pointer value [-Waddress-of-packed-member]
 1001 |                                         collect_langs(sp, s->wData);
      |                                                           ~^~~~~~~
/home/pmos/build/src/android_kernel_samsung_k3gxx-2f78dde45cd08d9f1f7f047c81ffb237f7ab9b56/drivers/usb/gadget/composite.c:1008:44: warning: taking address of packed member of 'struct usb_string_descriptor' may result in an unaligned pointer value [-Waddress-of-packed-member]
 1008 |                         collect_langs(sp, s->wData);
      |                                           ~^~~~~~~
  CC      drivers/video/decon_display/decon_mipi_dsi.o
  LD      drivers/usb/host/xhci-hcd.o
  CC      drivers/usb/serial/generic.o
  CC      drivers/net/wireless/bcmdhd/wl_roam.o
  CC      drivers/usb/core/endpoint.o
  CC      drivers/usb/phy/phy-samsung-usb3.o
  CC      drivers/usb/storage/scsiglue.o
  LD      drivers/video/console/built-in.o
  LD      drivers/usb/host/built-in.o
  CC      drivers/video/decon_display/decon_mipi_dsi_lowlevel.o
  CC      drivers/net/wireless/bcmdhd/dhd_linux_platdev.o
/home/pmos/build/src/android_kernel_samsung_k3gxx-2f78dde45cd08d9f1f7f047c81ffb237f7ab9b56/drivers/video/decon_display/decon_mipi_dsi.c:179:34: warning: 'exynos5_dsim' defined but not used [-Wunused-const-variable=]
  179 | static const struct of_device_id exynos5_dsim[] = {
      |                                  ^~~~~~~~~~~~
  CC      drivers/usb/gadget/functions.o
  CC      drivers/usb/core/devio.o
  CC      drivers/usb/serial/bus.o
  CC      drivers/video/mhl/sii8240/sii8240.o
  CC      drivers/usb/storage/protocol.o
  LD      drivers/usb/phy/built-in.o
  CC      drivers/usb/storage/transport.o
  CC      drivers/usb/core/notify.o
/home/pmos/build/src/android_kernel_samsung_k3gxx-2f78dde45cd08d9f1f7f047c81ffb237f7ab9b56/drivers/usb/core/devio.c: In function 'async_completed':
/home/pmos/build/src/android_kernel_samsung_k3gxx-2f78dde45cd08d9f1f7f047c81ffb237f7ab9b56/drivers/usb/core/devio.c:515:50: warning: bitwise comparison always evaluates to false [-Wtautological-compare]
  515 |         if ((urb->transfer_flags & URB_DIR_MASK) == USB_DIR_IN)
      |                                                  ^~
/home/pmos/build/src/android_kernel_samsung_k3gxx-2f78dde45cd08d9f1f7f047c81ffb237f7ab9b56/drivers/usb/core/devio.c: In function 'proc_do_submiturb':
/home/pmos/build/src/android_kernel_samsung_k3gxx-2f78dde45cd08d9f1f7f047c81ffb237f7ab9b56/drivers/usb/core/devio.c:1224:57: warning: taking address of packed member of 'struct usb_ctrlrequest' may result in an unaligned pointer value [-Waddress-of-packed-member]
 1224 |                 if (uurb->buffer_length < (le16_to_cpup(&dr->wLength) + 8)) {
      |                                                         ^~~~~~~~~~~~
/home/pmos/build/src/android_kernel_samsung_k3gxx-2f78dde45cd08d9f1f7f047c81ffb237f7ab9b56/drivers/usb/core/devio.c:1229:52: warning: taking address of packed member of 'struct usb_ctrlrequest' may result in an unaligned pointer value [-Waddress-of-packed-member]
 1229 |                                       le16_to_cpup(&dr->wIndex));
      |                                                    ^~~~~~~~~~~
/home/pmos/build/src/android_kernel_samsung_k3gxx-2f78dde45cd08d9f1f7f047c81ffb237f7ab9b56/drivers/usb/core/devio.c:1233:52: warning: taking address of packed member of 'struct usb_ctrlrequest' may result in an unaligned pointer value [-Waddress-of-packed-member]
 1233 |                 uurb->buffer_length = le16_to_cpup(&dr->wLength);
      |                                                    ^~~~~~~~~~~~
In file included from /home/pmos/build/src/android_kernel_samsung_k3gxx-2f78dde45cd08d9f1f7f047c81ffb237f7ab9b56/include/linux/usb.h:18,
                 from /home/pmos/build/src/android_kernel_samsung_k3gxx-2f78dde45cd08d9f1f7f047c81ffb237f7ab9b56/drivers/usb/core/devio.c:44:
/home/pmos/build/src/android_kernel_samsung_k3gxx-2f78dde45cd08d9f1f7f047c81ffb237f7ab9b56/drivers/usb/core/devio.c:1246:40: warning: taking address of packed member of 'struct usb_ctrlrequest' may result in an unaligned pointer value [-Waddress-of-packed-member]
 1246 |                         __le16_to_cpup(&dr->wValue),
      |                                        ^~~~~~~~~~~
/home/pmos/build/src/android_kernel_samsung_k3gxx-2f78dde45cd08d9f1f7f047c81ffb237f7ab9b56/include/linux/device.h:1017:58: note: in definition of macro 'dev_info'
 1017 | #define dev_info(dev, fmt, arg...) _dev_info(dev, fmt, ##arg)
      |                                                          ^~~
/home/pmos/build/src/android_kernel_samsung_k3gxx-2f78dde45cd08d9f1f7f047c81ffb237f7ab9b56/drivers/usb/core/devio.c:1242:17: note: in expansion of macro 'snoop'
 1242 |                 snoop(&ps->dev->dev, "control urb: bRequestType=%02x "
      |                 ^~~~~
/home/pmos/build/src/android_kernel_samsung_k3gxx-2f78dde45cd08d9f1f7f047c81ffb237f7ab9b56/drivers/usb/core/devio.c:1247:40: warning: taking address of packed member of 'struct usb_ctrlrequest' may result in an unaligned pointer value [-Waddress-of-packed-member]
 1247 |                         __le16_to_cpup(&dr->wIndex),
      |                                        ^~~~~~~~~~~
/home/pmos/build/src/android_kernel_samsung_k3gxx-2f78dde45cd08d9f1f7f047c81ffb237f7ab9b56/include/linux/device.h:1017:58: note: in definition of macro 'dev_info'
 1017 | #define dev_info(dev, fmt, arg...) _dev_info(dev, fmt, ##arg)
      |                                                          ^~~
/home/pmos/build/src/android_kernel_samsung_k3gxx-2f78dde45cd08d9f1f7f047c81ffb237f7ab9b56/drivers/usb/core/devio.c:1242:17: note: in expansion of macro 'snoop'
 1242 |                 snoop(&ps->dev->dev, "control urb: bRequestType=%02x "
      |                 ^~~~~
/home/pmos/build/src/android_kernel_samsung_k3gxx-2f78dde45cd08d9f1f7f047c81ffb237f7ab9b56/drivers/usb/core/devio.c:1248:40: warning: taking address of packed member of 'struct usb_ctrlrequest' may result in an unaligned pointer value [-Waddress-of-packed-member]
 1248 |                         __le16_to_cpup(&dr->wLength));
      |                                        ^~~~~~~~~~~~
/home/pmos/build/src/android_kernel_samsung_k3gxx-2f78dde45cd08d9f1f7f047c81ffb237f7ab9b56/include/linux/device.h:1017:58: note: in definition of macro 'dev_info'
 1017 | #define dev_info(dev, fmt, arg...) _dev_info(dev, fmt, ##arg)
      |                                                          ^~~
/home/pmos/build/src/android_kernel_samsung_k3gxx-2f78dde45cd08d9f1f7f047c81ffb237f7ab9b56/drivers/usb/core/devio.c:1242:17: note: in expansion of macro 'snoop'
 1242 |                 snoop(&ps->dev->dev, "control urb: bRequestType=%02x "
      |                 ^~~~~
  CC      drivers/usb/gadget/configfs.o
  CC      drivers/video/decon_display/fimd_dt_exynos.o
  CC      drivers/usb/core/generic.o
  CC      drivers/usb/serial/pl2303.o
/home/pmos/build/src/android_kernel_samsung_k3gxx-2f78dde45cd08d9f1f7f047c81ffb237f7ab9b56/drivers/usb/gadget/configfs.c: In function 'gadget_dev_desc_bcdUSB_show':
/home/pmos/build/src/android_kernel_samsung_k3gxx-2f78dde45cd08d9f1f7f047c81ffb237f7ab9b56/drivers/usb/gadget/configfs.c:136:55: warning: taking address of packed member of 'struct usb_device_descriptor' may result in an unaligned pointer value [-Waddress-of-packed-member]
  136 |         return sprintf(page, "0x%04x\n", le16_to_cpup(&gi->cdev.desc.__name)); \
      |                                                       ^
/home/pmos/build/src/android_kernel_samsung_k3gxx-2f78dde45cd08d9f1f7f047c81ffb237f7ab9b56/drivers/usb/gadget/configfs.c:170:1: note: in expansion of macro 'GI_DEVICE_DESC_SIMPLE_R_u16'
  170 | GI_DEVICE_DESC_SIMPLE_R_u16(bcdUSB);
      | ^~~~~~~~~~~~~~~~~~~~~~~~~~~
/home/pmos/build/src/android_kernel_samsung_k3gxx-2f78dde45cd08d9f1f7f047c81ffb237f7ab9b56/drivers/usb/gadget/configfs.c: In function 'gadget_dev_desc_idVendor_show':
/home/pmos/build/src/android_kernel_samsung_k3gxx-2f78dde45cd08d9f1f7f047c81ffb237f7ab9b56/drivers/usb/gadget/configfs.c:136:55: warning: taking address of packed member of 'struct usb_device_descriptor' may result in an unaligned pointer value [-Waddress-of-packed-member]
  136 |         return sprintf(page, "0x%04x\n", le16_to_cpup(&gi->cdev.desc.__name)); \
      |                                                       ^
/home/pmos/build/src/android_kernel_samsung_k3gxx-2f78dde45cd08d9f1f7f047c81ffb237f7ab9b56/drivers/usb/gadget/configfs.c:167:9: note: in expansion of macro 'GI_DEVICE_DESC_SIMPLE_R_u16'
  167 |         GI_DEVICE_DESC_SIMPLE_R_##_type(_name)  \
      |         ^~~~~~~~~~~~~~~~~~~~~~~~
/home/pmos/build/src/android_kernel_samsung_k3gxx-2f78dde45cd08d9f1f7f047c81ffb237f7ab9b56/drivers/usb/gadget/configfs.c:175:1: note: in expansion of macro 'GI_DEVICE_DESC_SIMPLE_RW'
  175 | GI_DEVICE_DESC_SIMPLE_RW(idVendor, u16);
      | ^~~~~~~~~~~~~~~~~~~~~~~~
/home/pmos/build/src/android_kernel_samsung_k3gxx-2f78dde45cd08d9f1f7f047c81ffb237f7ab9b56/drivers/usb/gadget/configfs.c: In function 'gadget_dev_desc_idProduct_show':
/home/pmos/build/src/android_kernel_samsung_k3gxx-2f78dde45cd08d9f1f7f047c81ffb237f7ab9b56/drivers/usb/gadget/configfs.c:136:55: warning: taking address of packed member of 'struct usb_device_descriptor' may result in an unaligned pointer value [-Waddress-of-packed-member]
  136 |         return sprintf(page, "0x%04x\n", le16_to_cpup(&gi->cdev.desc.__name)); \
      |                                                       ^
/home/pmos/build/src/android_kernel_samsung_k3gxx-2f78dde45cd08d9f1f7f047c81ffb237f7ab9b56/drivers/usb/gadget/configfs.c:167:9: note: in expansion of macro 'GI_DEVICE_DESC_SIMPLE_R_u16'
  167 |         GI_DEVICE_DESC_SIMPLE_R_##_type(_name)  \
      |         ^~~~~~~~~~~~~~~~~~~~~~~~
/home/pmos/build/src/android_kernel_samsung_k3gxx-2f78dde45cd08d9f1f7f047c81ffb237f7ab9b56/drivers/usb/gadget/configfs.c:176:1: note: in expansion of macro 'GI_DEVICE_DESC_SIMPLE_RW'
  176 | GI_DEVICE_DESC_SIMPLE_RW(idProduct, u16);
      | ^~~~~~~~~~~~~~~~~~~~~~~~
/home/pmos/build/src/android_kernel_samsung_k3gxx-2f78dde45cd08d9f1f7f047c81ffb237f7ab9b56/drivers/usb/gadget/configfs.c: In function 'gadget_dev_desc_bcdDevice_show':
/home/pmos/build/src/android_kernel_samsung_k3gxx-2f78dde45cd08d9f1f7f047c81ffb237f7ab9b56/drivers/usb/gadget/configfs.c:136:55: warning: taking address of packed member of 'struct usb_device_descriptor' may result in an unaligned pointer value [-Waddress-of-packed-member]
  136 |         return sprintf(page, "0x%04x\n", le16_to_cpup(&gi->cdev.desc.__name)); \
      |                                                       ^
/home/pmos/build/src/android_kernel_samsung_k3gxx-2f78dde45cd08d9f1f7f047c81ffb237f7ab9b56/drivers/usb/gadget/configfs.c:177:1: note: in expansion of macro 'GI_DEVICE_DESC_SIMPLE_R_u16'
  177 | GI_DEVICE_DESC_SIMPLE_R_u16(bcdDevice);
      | ^~~~~~~~~~~~~~~~~~~~~~~~~~~
  CC      drivers/video/mhl/sii8240/sii8240_platform.o
/home/pmos/build/src/android_kernel_samsung_k3gxx-2f78dde45cd08d9f1f7f047c81ffb237f7ab9b56/drivers/video/mhl/sii8240/sii8240.c: In function 'sii8240_hdcp_on':
/home/pmos/build/src/android_kernel_samsung_k3gxx-2f78dde45cd08d9f1f7f047c81ffb237f7ab9b56/drivers/video/mhl/sii8240/sii8240.c:347:9: warning: this 'if' clause does not guard... [-Wmisleading-indentation]
  347 |         if (ret != MC_FC_RET_OK)
      |         ^~
In file included from /home/pmos/build/src/android_kernel_samsung_k3gxx-2f78dde45cd08d9f1f7f047c81ffb237f7ab9b56/include/linux/kernel.h:13,
                 from /home/pmos/build/src/android_kernel_samsung_k3gxx-2f78dde45cd08d9f1f7f047c81ffb237f7ab9b56/include/linux/cache.h:4,
                 from /home/pmos/build/src/android_kernel_samsung_k3gxx-2f78dde45cd08d9f1f7f047c81ffb237f7ab9b56/include/linux/time.h:4,
                 from /home/pmos/build/src/android_kernel_samsung_k3gxx-2f78dde45cd08d9f1f7f047c81ffb237f7ab9b56/include/linux/stat.h:18,
                 from /home/pmos/build/src/android_kernel_samsung_k3gxx-2f78dde45cd08d9f1f7f047c81ffb237f7ab9b56/include/linux/module.h:10,
                 from /home/pmos/build/src/android_kernel_samsung_k3gxx-2f78dde45cd08d9f1f7f047c81ffb237f7ab9b56/drivers/video/mhl/sii8240/sii8240.c:26:
/home/pmos/build/src/android_kernel_samsung_k3gxx-2f78dde45cd08d9f1f7f047c81ffb237f7ab9b56/include/linux/printk.h:230:9: note: ...this statement, but the latter is misleadingly indented as if it were guarded by the 'if'
  230 |         printk(KERN_INFO pr_fmt(fmt), ##__VA_ARGS__)
      |         ^~~~~~
/home/pmos/build/src/android_kernel_samsung_k3gxx-2f78dde45cd08d9f1f7f047c81ffb237f7ab9b56/drivers/video/mhl/sii8240/sii8240.c:349:17: note: in expansion of macro 'pr_info'
  349 |                 pr_info("monitor_cmd %d\n", sii8240->monitor_cmd);
      |                 ^~~~~~~
/home/pmos/build/src/android_kernel_samsung_k3gxx-2f78dde45cd08d9f1f7f047c81ffb237f7ab9b56/drivers/video/mhl/sii8240/sii8240.c: At top level:
/home/pmos/build/src/android_kernel_samsung_k3gxx-2f78dde45cd08d9f1f7f047c81ffb237f7ab9b56/drivers/video/mhl/sii8240/sii8240.c:4169:35: warning: 'sii8240_cbus_id' defined but not used [-Wunused-const-variable=]
 4169 | static const struct i2c_device_id sii8240_cbus_id[] = {
      |                                   ^~~~~~~~~~~~~~~
/home/pmos/build/src/android_kernel_samsung_k3gxx-2f78dde45cd08d9f1f7f047c81ffb237f7ab9b56/drivers/video/mhl/sii8240/sii8240.c:4165:35: warning: 'sii8240_tpi_id' defined but not used [-Wunused-const-variable=]
 4165 | static const struct i2c_device_id sii8240_tpi_id[] = {
      |                                   ^~~~~~~~~~~~~~
/home/pmos/build/src/android_kernel_samsung_k3gxx-2f78dde45cd08d9f1f7f047c81ffb237f7ab9b56/drivers/video/mhl/sii8240/sii8240.c:4161:35: warning: 'sii8240_disc_id' defined but not used [-Wunused-const-variable=]
 4161 | static const struct i2c_device_id sii8240_disc_id[] = {
      |                                   ^~~~~~~~~~~~~~~
/home/pmos/build/src/android_kernel_samsung_k3gxx-2f78dde45cd08d9f1f7f047c81ffb237f7ab9b56/drivers/video/mhl/sii8240/sii8240.c:4157:35: warning: 'sii8240_hdmi_id' defined but not used [-Wunused-const-variable=]
 4157 | static const struct i2c_device_id sii8240_hdmi_id[] = {
      |                                   ^~~~~~~~~~~~~~~
/home/pmos/build/src/android_kernel_samsung_k3gxx-2f78dde45cd08d9f1f7f047c81ffb237f7ab9b56/drivers/video/mhl/sii8240/sii8240.c:4153:35: warning: 'sii8240_tmds_id' defined but not used [-Wunused-const-variable=]
 4153 | static const struct i2c_device_id sii8240_tmds_id[] = {
      |                                   ^~~~~~~~~~~~~~~
  CC      drivers/usb/gadget/f_acm.o
  CC      drivers/usb/storage/usb.o
  LD      drivers/usb/serial/usbserial.o
  CC      drivers/video/decon_display/fimd_pm_exynos.o
  CC      drivers/video/cfbfillrect.o
  LD      drivers/net/wireless/bcmdhd/dhd.o
  CC      drivers/usb/gadget/u_serial.o
  LD      drivers/usb/serial/built-in.o
  CC      drivers/video/cfbcopyarea.o
  LD      drivers/video/omap2/displays/built-in.o
  CC      drivers/usb/storage/initializers.o
  LD      drivers/video/mhl/sii8240/built-in.o
  CC      drivers/usb/core/quirks.o
  CC      drivers/usb/gadget/multi_config.o
  CC      drivers/usb/storage/sierra_ms.o
  CC      drivers/usb/core/devices.o
  LD      drivers/video/omap2/built-in.o
  LD      drivers/usb/gadget/libcomposite.o
  CC      drivers/video/cfbimgblt.o
  CC      drivers/video/decon_display/fimd_fb.o
  LD      drivers/video/fb.o
  CC      drivers/usb/storage/option_ms.o
  CC      drivers/video/decon_display/decon_display_driver.o
  CC      drivers/usb/core/port.o
  CC      drivers/usb/storage/usual-tables.o
/home/pmos/build/src/android_kernel_samsung_k3gxx-2f78dde45cd08d9f1f7f047c81ffb237f7ab9b56/drivers/video/decon_display/fimd_fb.c:5094:32: warning: 's3cfb_pm_ops' defined but not used [-Wunused-const-variable=]
 5094 | static const struct dev_pm_ops s3cfb_pm_ops = {
      |                                ^~~~~~~~~~~~
/home/pmos/build/src/android_kernel_samsung_k3gxx-2f78dde45cd08d9f1f7f047c81ffb237f7ab9b56/drivers/video/decon_display/fimd_fb.c:141:34: warning: 'exynos5_fimd' defined but not used [-Wunused-const-variable=]
  141 | static const struct of_device_id exynos5_fimd[] = {
      |                                  ^~~~~~~~~~~~
  LD      drivers/usb/gadget/usb_f_acm.o
  CC      drivers/video/decon_display/decon_pm_core.o
  LD      drivers/usb/gadget/g_android.o
  CC      drivers/video/decon_display/mdnie_lite.o
  LD      drivers/net/wireless/bcmdhd/built-in.o
  LD      drivers/usb/gadget/built-in.o
  CC      drivers/video/decon_display/mdnie_tuning.o
  CC      drivers/video/decon_display/s6e3fa2_mipi_lcd.o
  CC      drivers/video/decon_display/dynamic_aid.o
  LD      drivers/usb/storage/usb-storage.o
  LD      drivers/usb/core/usbcore.o
  LD      drivers/usb/storage/built-in.o
  LD      drivers/net/wireless/built-in.o
  LD      drivers/video/decon_display/built-in.o
  LD      drivers/usb/core/built-in.o
  LD      drivers/video/built-in.o
  LD      drivers/usb/built-in.o
  LD      drivers/net/built-in.o
  LD      drivers/built-in.o
  LINK    vmlinux
  LD      vmlinux.o
  MODPOST vmlinux.o
  GEN     .version
  CC      init/main.o
  CHK     include/generated/compile.h
  CC      init/do_mounts.o
  CC      init/do_mounts_rd.o
  CC      init/do_mounts_initrd.o
  CC      init/initramfs.o
  CC      init/calibrate.o
  CC      init/init_task.o
  CC      init/version.o
  LD      init/mounts.o
  LD      init/built-in.o
armv7-alpine-linux-musleabihf-ld: warning: .tmp_vmlinux1 has a LOAD segment with RWX permissions
  KSYM    .tmp_kallsyms1.o
armv7-alpine-linux-musleabihf-ld: warning: .tmp_vmlinux2 has a LOAD segment with RWX permissions
  KSYM    .tmp_kallsyms2.o
  LD      vmlinux
armv7-alpine-linux-musleabihf-ld: warning: vmlinux has a LOAD segment with RWX permissions
  SORTEX  vmlinux
  SYSMAP  System.map
  FIPS : Generating hmac of crypto and updating vmlinux... 
HMAC-SHA2-256(builtime_bytes.bin)= ef273a4669550a8f1bbee597b62f139c0fddc4b4b13f82a96733afb7f6cd3ad6
  FIPS : Generating hmac of crypto and updating vmlinux... 
  OBJCOPY arch/arm/boot/Image
  Kernel: arch/arm/boot/Image is ready
armv7-alpine-linux-musleabihf-size: 'arch/arm/boot/compressed/../../../../vmlinux': No such file
  AS      arch/arm/boot/compressed/head.o
  GZIP    arch/arm/boot/compressed/piggy.gzip
  CC      arch/arm/boot/compressed/misc.o
  CC      arch/arm/boot/compressed/decompress.o
  CC      arch/arm/boot/compressed/string.o
  SHIPPED arch/arm/boot/compressed/hyp-stub.S
  SHIPPED arch/arm/boot/compressed/lib1funcs.S
  SHIPPED arch/arm/boot/compressed/ashldi3.S
  AS      arch/arm/boot/compressed/hyp-stub.o
  AS      arch/arm/boot/compressed/lib1funcs.o
  AS      arch/arm/boot/compressed/ashldi3.o
  AS      arch/arm/boot/compressed/piggy.gzip.o
  LD      arch/arm/boot/compressed/vmlinux
armv7-alpine-linux-musleabihf-ld: warning: arch/arm/boot/compressed/vmlinux has a LOAD segment with RWX permissions
  OBJCOPY arch/arm/boot/zImage
  Kernel: arch/arm/boot/zImage is ready
=> Found compatible entry: samsung,K 3G EUR,r04
    (chip: 5422, hw_rev: 10, hw_rev_end: 255)
>>> linux-samsung-k3gxx: Entering fakeroot...
zImage found: zImage
>>> linux-samsung-k3gxx*: Running postcheck for linux-samsung-k3gxx
>>> linux-samsung-k3gxx*: Preparing package linux-samsung-k3gxx...
>>> WARNING: linux-samsung-k3gxx*: No arch specific binaries found so arch should probably be set to "noarch"
>>> linux-samsung-k3gxx*: Tracing dependencies...
>>> linux-samsung-k3gxx*: Package size: 7.1 MB
>>> linux-samsung-k3gxx*: Compressing data...
>>> linux-samsung-k3gxx*: Create checksum...
>>> linux-samsung-k3gxx*: Create linux-samsung-k3gxx-3.10.9-r0.apk
>>> linux-samsung-k3gxx: Build complete at Sun, 27 Sep 2026 07:26:18 +0000 elapsed time 0h 0m 19s
>>> linux-samsung-k3gxx: Cleaning up srcdir
>>> linux-samsung-k3gxx: Cleaning up pkgdir
>>> linux-samsung-k3gxx: Cleaning up tmpdir
>>> linux-samsung-k3gxx: Updating the pmos/armv7 repository index...
>>> linux-samsung-k3gxx: Signing the index...
[07:26:19] % sudo umount /home/pmos/work/chroot_native/mnt/sysroot[0m
[07:26:19] Zapping buildroots (running in strict mode by default, use --lax to skip zap)[0m
[07:26:19] % sudo losetup --json --list[0m
{
   "loopdevices": [

   ]
}
[07:26:19] % sudo rm /home/pmos/work/chroot_native/in-pmbootstrap[0m
[07:26:19] % sudo umount /home/pmos/work/chroot_native/var/cache/distfiles[0m
[07:26:19] % sudo umount /home/pmos/work/chroot_native/var/cache/apk[0m
[07:26:19] % sudo umount /home/pmos/work/chroot_native/sys[0m
[07:26:19] % sudo umount /home/pmos/work/chroot_native/proc[0m
[07:26:19] % sudo umount /home/pmos/work/chroot_native/mnt/pmbootstrap/sccache[0m
[07:26:19] % sudo umount /home/pmos/work/chroot_native/mnt/pmbootstrap/rust[0m
[07:26:19] % sudo umount /home/pmos/work/chroot_native/mnt/pmbootstrap/packages[0m
[07:26:19] % sudo umount /home/pmos/work/chroot_native/mnt/pmbootstrap/netboot[0m
[07:26:19] % sudo umount /home/pmos/work/chroot_native/mnt/pmbootstrap/go[0m
[07:26:19] % sudo umount /home/pmos/work/chroot_native/mnt/pmbootstrap/git[0m
[07:26:19] % sudo umount /home/pmos/work/chroot_native/mnt/pmbootstrap/ccache[0m
[07:26:19] % sudo umount /home/pmos/work/chroot_native/mnt/pmbootstrap/abuild-config[0m
[07:26:19] % sudo umount /home/pmos/work/chroot_native/mnt/pmaports[0m
[07:26:19] % sudo umount /home/pmos/work/chroot_native/mnt/appstream-data[0m
[07:26:19] % sudo umount /home/pmos/work/chroot_native/etc/apk/keys[0m
[07:26:19] % sudo umount /home/pmos/work/chroot_native/dev/shm[0m
[07:26:19] % sudo umount /home/pmos/work/chroot_native/dev/pts[0m
[07:26:19] % sudo umount /home/pmos/work/chroot_native/dev[0m
[07:26:19] % sudo rm -rf /home/pmos/work/chroot_native[0m
[07:26:19] [93m=>[0m [94medge/linux-samsung-k3gxx[0m: Done![0m
[07:26:19] [93m=>[0m [92mFinished building packages[0m
[07:26:19] [92mDONE![0m[0m
